train_number,train_name,station_code,station_name,arrival,departure,day,id
12071,Mumbai Aurangabad Jan Shatabdi,CSTM,MUMBAI CST,None,13:50:00,1,236156
11067,MUMBAI LTT - FAIZABAD Saket Exp,LTT,LOKMANYA TILAK TERM,None,05:20:00,1,521006
16381,Mumbai CST - Kanyakumari Express,CSTM,MUMBAI CST,None,15:45:00,1,307341
12989,Dadar Ajmer Superfast Express,DDR,MUMBAI DADAR WEST,None,14:35:00,1,334002
19143,Lokshakti Express,BDTS,MUMBAI BANDRA TERMINUS,None,19:40:00,1,310259
12951,Mumbai Central-New Delhi Rajdhani Express,BCT,Mumbai Central,None,16:40:00,1,269390
19039,Awadh Express,BDTS,MUMBAI BANDRA TERMINUS,None,22:40:00,1,285197
15102,Mumbai CST Chhapra Jansadharan Express,CSTM,MUMBAI CST,None,15:35:00,1,365598
19037,Awadh Express,BDTS,MUMBAI BANDRA TERMINUS,None,22:40:00,1,299497
12519,MUMBAI LTT - KAMAKHYA AC Exp,LTT,LOKMANYA TILAK TERM,None,None,,474360
12925,Paschim Express,BDTS,MUMBAI BANDRA TERMINUS,None,11:35:00,1,362649
19049,MUMBAI BANDRA T - PATNA Exp,BDTS,MUMBAI BANDRA TERMINUS,None,15:45:00,1,500415
11055,MUMBAI LTT - GORAKHPUR Exp,LTT,LOKMANYA TILAK TERM,None,10:55:00,1,517229
18029,MUMBAI LTT [Kurla] - KOLKATA SALIMAR Exp,LTT,LOKMANYA TILAK TERM,None,21:50:00,1,548858
12161,Lashkar Superfast Express,LTT,LOKMANYA TILAK TERM,None,16:25:00,1,339928
59039,Virar Valsad Shuttle,VR,VIRAR,None,11:30:00,1,294703
11093,MUMBAI CST - VARANASI Mahanagari Exp,CSTM,MUMBAI CST,None,00:10:00,1,534027
59047,Virar Surat Passenger,VR,VIRAR,None,07:40:00,1,73314
11071,Kamayani Express,LTT,LOKMANYA TILAK TERM,None,12:40:00,1,308861
05649,Mumbai LTT - Kamakhya (Weekly) Special,LTT,LOKMANYA TILAK TERM,None,15:50:00,1,3136
12490,Dadar - Bikaner Express,DDR,MUMBAI DADAR WEST,None,14:35:00,1,129878
12137,Punjab Mail,CSTM,MUMBAI CST,None,19:40:00,1,314058
12115,Siddheshwar Express,CSTM,MUMBAI CST,None,22:42:00,1,112577
16331,MUMBAI CST - TRIVANDRUM Exp,CSTM,MUMBAI CST,None,12:05:00,1,551006
11007,Deccan Express,CSTM,MUMBAI CST,None,07:10:00,1,267290
12131,Mumbai Dadar-Sainagar Shirdi Express,DR,MUMBAI DADAR CENTRAL,None,21:45:00,1,367116
11057-Slip,Dadar Amritsar Express Slip,DR,MUMBAI DADAR CENTRAL,None,23:45:00,1,399284
11011,Mahalaxmi Express,CSTM,MUMBAI CST,None,20:23:00,1,343621
12219,Lokmanya Tilak (T)-Secunderabad AC Duronto Express,LTT,LOKMANYA TILAK TERM,None,23:05:00,1,380215
16339,MUMBAI CST - NAGERCOIL Exp,CSTM,MUMBAI CST,None,12:05:00,1,547026
12961,Avantika Express,BCT,Mumbai Central,None,19:05:00,1,146971
59045,Vapi Passenger,BDTS,MUMBAI BANDRA TERMINUS,None,09:25:00,1,115062
12289,Mumbai CSTM-Nagpur Duronto Express,CSTM,MUMBAI CST,None,20:15:00,1,26437
15017,MUMBAI LTT - GORAKHPUR Kashi Exp,LTT,LOKMANYA TILAK TERM,None,06:35:00,1,559797
12216,Mumbai Bandra T. - Delhi Sarai Rohilla Garib Rath,BDTS,MUMBAI BANDRA TERMINUS,None,12:55:00,1,76116
11069,Tulsi Express,LTT,LOKMANYA TILAK TERM,None,05:20:00,1,89767
19011,Gujarat Express,BCT,Mumbai Central,None,05:45:00,1,351924
59439,Ahmadabad Passenger,BCT,Mumbai Central,None,12:15:00,1,294604
11057,Dadar Amritsar Express,DR,MUMBAI DADAR CENTRAL,None,23:45:00,1,345084
11023,Sahyadri Express,CSTM,MUMBAI CST,None,17:50:00,1,333907
11401,Nandigram Express,CSTM,MUMBAI CST,None,16:35:00,1,141409
12239,Mumbai Central Jaipur AC Duronto Express,BCT,Mumbai Central,None,23:15:00,1,266757
59441,Mumbai Central-Ahmedabad Passenger,BCT,Mumbai Central,None,22:40:00,1,125609
12165,MUMBAI LTT - VARANASI Ratnagiri Exp,LTT,LOKMANYA TILAK TERM,None,05:20:00,1,500888
12480,MUMBAI BANDRA - JODHPUR Suryanagari SF Exp,BDTS,MUMBAI BANDRA TERMINUS,None,13:30:00,1,473791
17057,Mumbai-Secunderabad Devagiri Expres,CSTM,MUMBAI CST,None,21:05:00,1,250053
11041,Mumbai - Chennai Express,CSTM,MUMBAI CST,None,14:00:00,1,54101
17031,Mumbai CST-Hyderabad Express,CSTM,MUMBAI CST,None,12:45:00,1,102501
12701,Hussain Sagar Express,CSTM,MUMBAI CST,None,21:50:00,1,150348
11019,Konark Express,CSTM,MUMBAI CST,None,15:10:00,1,323089
59043,Virar Dahanu Shuttle,VR,VIRAR,None,22:50:00,1,125324
09001,Mumbai Central - Ahmedabad SF Special,BCT,Mumbai Central,None,22:50:00,1,253819
19215,Saurashtra Express,BCT,Mumbai Central,None,08:20:00,1,150505
12111,Mumbai CST-Amaravati SF Express,CSTM,MUMBAI CST,None,20:05:00,1,218549
12909,Bandra Terminus- Hazrat Nizamuddin Garib Rath,BDTS,MUMBAI BANDRA TERMINUS,None,16:55:00,1,231794
12109,Panchavati Express,CSTM,MUMBAI CST,None,18:15:00,1,266688
09561,Bandra Terminus Okha Weekly Special,BDTS,MUMBAI BANDRA TERMINUS,None,23:55:00,1,9879
12105,Vidarbha Express,CSTM,MUMBAI CST,None,19:10:00,1,222014
12527,Mumbai CST-Latur Superfast Express.,CSTM,MUMBAI CST,None,21:00:00,1,264223
12171,Mumbai LTT -Haridwar AC Express,LTT,LOKMANYA TILAK TERM,None,07:55:00,1,262911
12953,MumbaiCentral-H Nizamuddin August Kranti Rajdhani Express,BCT,Mumbai Central,None,17:40:00,1,66403
19019,Bandra T - Dehradun Express,BDTS,MUMBAI BANDRA TERMINUS,None,23:40:00,1,62806
11017,Chalukya Express,DR,MUMBAI DADAR CENTRAL,None,21:30:00,1,193029
12525,Indrayani SF Express,CSTM,MUMBAI CST,None,05:40:00,1,203080
12151,MUMBAI LTT - HOWRAH Samarsata SF Exp,LTT,LOKMANYA TILAK TERM,None,20:35:00,1,520297
10111,MUMBAI CST - MADGAON Konkan Knaya Exp,CSTM,MUMBAI CST,None,23:05:00,1,489850
16529,Udyan Express,CSTM,MUMBAI CST,None,08:05:00,1,38770
12921,Flying Rani Express,BCT,Mumbai Central,None,17:55:00,1,47956
12125,Pragati Superfast Express,CSTM,MUMBAI CST,None,16:25:00,1,253165
12009,Mumbai-Ahmedabad Shatabdi Express,BCT,Mumbai Central,None,06:25:00,1,396177
12971,Bhavnagar Express,BDTS,MUMBAI BANDRA TERMINUS,None,21:25:00,1,35298
12143,LTT Sultanpur Superfast Weekly Express,LTT,LOKMANYA TILAK TERM,None,16:40:00,1,296434
12859,MUMBAI CST - HOWRAH Gitanjali Exp,CSTM,MUMBAI CST,None,06:00:00,1,496057
12107,Mumbai LTT Lucknow Superfast Express,LTT,LOKMANYA TILAK TERM,None,16:25:00,1,130844
11035,Dadar-Mysore Sharavati Express,DR,MUMBAI DADAR CENTRAL,None,21:30:00,1,73680
01101,Mumbai LTT - Gwalior (Weekly) Special,LTT,LOKMANYA TILAK TERM,None,15:50:00,1,373816
11029,Koyna Express,CSTM,MUMBAI CST,None,08:40:00,1,22361
12995,Bandra-Udaipur SF Express,BDTS,MUMBAI BANDRA TERMINUS,None,15:45:00,1,68475
12163,DADAR - CHENNAI EGMORE SF Exp,DR,MUMBAI DADAR CENTRAL,None,20:30:00,1,404967
11027,Mumbai CST-Chennai Mail,CSTM,MUMBAI CST,None,23:45:00,1,134163
12750,Mumbai LTT-Visakhapatnam SF Express,LTT,LOKMANYA TILAK TERM,None,12:25:00,1,300481
12995-Slip,Bandra-Udaipur SF Express Slip,BDTS,MUMBAI BANDRA TERMINUS,None,15:45:00,1,183023
59461,Borivali Dahanu Shuttle,BVI,BORIVALI,None,16:00:00,1,168688
11009,Sinhagad Express,CSTM,MUMBAI CST,None,14:30:00,1,269946
19017,Saurashtra Janata Express,BDTS,MUMBAI BANDRA TERMINUS,None,17:35:00,1,123863
19005-Slip,Saurashtra Mail,BCT,Mumbai Central,None,20:25:00,1,33759
12959,MUMBAI DADAR - BHUJ SF Exp,DDR,MUMBAI DADAR WEST,None,23:55:00,1,471652
19131,MUMBAI BANDRA - BHUJ Kutch Exp,BDTS,MUMBAI BANDRA TERMINUS,None,17:10:00,1,486548
04728,Mumbai BandraT-Bikaner SF Special,BDTS,MUMBAI BANDRA TERMINUS,None,14:35:00,1,3958
14708,MUMBAI BANDRA - BIKANER Ranakpur Exp,BDTS,MUMBAI BANDRA TERMINUS,None,15:00:00,1,531905
15268,MUMBAI LTT - RAXAUL Jan Sadharan Exp,LTT,LOKMANYA TILAK TERM,None,15:50:00,1,517701
12141,MUMBAI LTT - PATLIPUTRA SF Exp,LTT,LOKMANYA TILAK TERM,23:47:00,23:47:00,1,515949
17057-Slip,Mumbai -Daund Devagiri Express Slip,CSTM,MUMBAI CST,None,21:05:00,1,179660
11067-Slip,Saket Express Slip,LTT,LOKMANYA TILAK TERM,None,05:20:00,1,390716
12153,Lokmanya Tilak (T) Habibganj Express,LTT,LOKMANYA TILAK TERM,None,16:25:00,1,343178
12227,Mumbai Central- Indore Duronto Express,BCT,Mumbai Central,None,23:15:00,1,371919
11015,Kushinagar Express,LTT,LOKMANYA TILAK TERM,None,22:45:00,1,234933
12869,MUMBAI CST - HOWRAH SF Exp,CSTM,MUMBAI CST,None,11:05:00,1,494076
12534,Pushpak Express,CSTM,MUMBAI CST,None,08:20:00,1,363587
12201,MUMBAI LTT - KOCHUVELI Garib Rath Exp,LTT,LOKMANYA TILAK TERM,None,16:55:00,1,555545
12935,Bandra Surat InterCity Express,BDTS,MUMBAI BANDRA TERMINUS,None,06:50:00,1,394750
12139,Sevagram Express,CSTM,MUMBAI CST,None,15:00:00,1,51404
12188,Mumbai-Jabalpur Garib Rath Express,CSTM,MUMBAI CST,None,13:30:00,1,151032
15611,Lokmanya Tilak (T)-Kamakhya Karmabhoomi Express,LTT,LOKMANYA TILAK TERM,None,11:25:00,1,193759
04116,Mumbai LTT-Allahabad Special,LTT,LOKMANYA TILAK TERM,None,15:50:00,1,69589
59441-Slip,Ahmedabad Passenger Slip,BCT,Mumbai Central,None,22:40:00,1,196842
12267,Mumbai Central-Ahmedabad AC Duronto Express,BCT,Mumbai Central,None,23:25:00,1,279033
11013,Mumbai LTT-Coimbatore Express,LTT,LOKMANYA TILAK TERM,None,22:35:00,1,133647
12471,Mumbai Bandra (T.) - Jammu Tawi SF Swaraj Express,BDTS,MUMBAI BANDRA TERMINUS,None,07:55:00,1,48831
12123,Deccan Queen SF Express,CSTM,MUMBAI CST,None,17:10:00,1,135363
12139-Slip,Sewagram Express Slip,CSTM,MUMBAI CST,None,15:00:00,1,357439
12542,Mumbai LTT-Gorakhpur SF Express,LTT,LOKMANYA TILAK TERM,None,11:10:00,1,194838
11065,MUMBAI LTT - DARBHANGA Pawan Exp,LTT,LOKMANYA TILAK TERM,None,12:15:00,1,547470
12101,MUMBAI LTT - HOWRAH Janeswari Super Deluxe Exp,LTT,LOKMANYA TILAK TERM,None,20:35:00,1,496656
11043,MUMBAI LTT - MADURAI Exp,LTT,LOKMANYA TILAK TERM,None,00:15:00,1,469879
09021,BANDRA TERMINUS - JAMMU TAWI AC Suvidha Special (Starts 4 April),BDTS,MUMBAI BANDRA TERMINUS,None,16:55:00,1,430066
11059,MUMBAI LTT - CHHAPRA Godan Exp,LTT,LOKMANYA TILAK TERM,None,10:55:00,1,510054
10103,MUMBAI CST - MADGAON Mandovi Exp,CSTM,MUMBAI CST,None,06:55:00,1,490000
12051,DADAR - MADGAON Jan Shatabdi Exp,DR,MUMBAI DADAR CENTRAL,05:22:00,05:25:00,1,490150
12167,MUMBAI LTT - VARANASI SF Exp,LTT,LOKMANYA TILAK TERM,00:43:00,00:43:00,1,508276
12223,MUM LTT - ERNAKULAM AC Duronto,LTT,LOKMANYA TILAK TERM,None,20:50:00,1,458549
12127,MumbaiCST-Pune SF InterCity,CSTM,MUMBAI CST,None,06:45:00,1,112665
11003,DADAR - SAWANTWADI RD Rajya Rani Exp,DR,MUMBAI DADAR CENTRAL,None,23:55:00,1,480895
12133,MUMBAI CST - MANGALORE Exp,CSTM,MUMBAI CST,None,22:15:00,1,480501
11061,MUMBAI LTT - DARBHANGA Pawan Exp,LTT,LOKMANYA TILAK TERM,None,12:15:00,1,548016
12145,MUMBAI LTT - PURI SF Exp,LTT,LOKMANYA TILAK TERM,None,20:35:00,1,410154
19065,MUMBAI BANDRA - BHAGAT KI KOTHI Exp,BDTS,MUMBAI BANDRA TERMINUS,None,23:25:00,1,451664
12362,MUMBAI CST - ASANSOL SF Exp,CSTM,MUMBAI CST,None,11:05:00,1,521235
12261,MUMBAI CST - HOWRAH AC Duronto Exp,CSTM,MUMBAI CST,None,17:15:00,1,462384
15647,MUMBAI LTT - GUWAHATI Exp,LTT,LOKMANYA TILAK TERM,None,08:05:00,1,506021
12619,MUMBAI LTT - MANGALORE CENT Matsyagandha Exp,LTT,LOKMANYA TILAK TERM,None,15:20:00,1,480707
12563,Mumbai LTT - Faizabad SF Express,LTT,LOKMANYA TILAK TERM,None,14:30:00,1,127052
12879,MUMBAI LTT - BHUBANESWAR SF Exp,LTT,LOKMANYA TILAK TERM,None,00:15:00,1,413880
15645,MUMBAI LTT - GUWAHATI Exp,LTT,LOKMANYA TILAK TERM,None,08:05:00,1,511139
12979,Mumbai Bandra (T.) - Jaipur (Tri-weekly) SF Exp,BDTS,MUMBAI BANDRA TERMINUS,None,15:45:00,1,205041
16351,MUMBAI CST - NAGERCOIL Balaji Exp,CSTM,MUMBAI CST,None,12:05:00,1,531004
12955,Mumbai-Jaipur SF Express,BCT,Mumbai Central,None,18:50:00,1,100796
12322,MUMBAI CST - HOWRAH Mail (via Allahabad),CSTM,MUMBAI CST,None,21:25:00,1,553762
12811,MUMBAI - HATIA LTT SF Exp,LTT,LOKMANYA TILAK TERM,None,00:15:00,1,414374
59023,Mumbai Valsad Passenger,BCT,Mumbai Central,None,18:10:00,1,344691
12336,MUMBAI LTT - BHAGALPUR SF Exp,LTT,LOKMANYA TILAK TERM,None,08:05:00,1,541404
19707,Aravalli Express,BDTS,MUMBAI BANDRA TERMINUS,None,21:00:00,1,397807
51027,MumbaiCST-Pandharpur Fast Passenger,CSTM,MUMBAI CST,None,22:55:00,1,13178
59009,Virar Bharuch Shuttle,VR,VIRAR,None,04:00:00,1,209389
12925-Slip,Paschim Express Slip,BDTS,MUMBAI BANDRA TERMINUS,None,11:35:00,1,45688
19005,Saurashtra Mail,BCT,Mumbai Central,None,20:25:00,1,239102
59037,Virar Surat Passenger,VR,VIRAR,None,17:10:00,1,47128
50103,Dadar Ratnagiri Passenger,DR,MUMBAI DADAR CENTRAL,None,15:35:00,1,12972
13202,MUMBAI LTT - RAJENDRA NAGAR PATNA Janta Exp,LTT,LOKMANYA TILAK TERM,None,22:15:00,1,559117
16345,MUMBAI LTT - TRIVANDRUM Netravati Exp,LTT,LOKMANYA TILAK TERM,None,11:40:00,1,481015
18610,MUMBAI LTT - RANCHI Exp,LTT,LOKMANYA TILAK TERM,None,15:50:00,1,535978
12546,MUMBAI LTT - RAXAUL Karmabhoomi Exp,LTT,LOKMANYA TILAK TERM,None,11:20:00,1,516353
19115,MUMBAI BANDRA - BHUJ Sayaji Nagari Exp,BDTS,MUMBAI BANDRA TERMINUS,None,14:50:00,1,486259
12117,Mumbai LTT- Manmad Express,LTT,LOKMANYA TILAK TERM,None,15:00:00,1,267641
51098,Panvel Diva Passenger,PNVL,PANVEL,None,04:45:00,1,13717
51029,Bijapur Fast Passenger,CSTM,MUMBAI CST,None,22:55:00,1,13342
12809,MUMBAI CST - HOWRAH SF Mail (via NAGPUR),CSTM,MUMBAI CST,None,20:35:00,1,494676
12903,Golden Temple Mail,BCT,Mumbai Central,None,21:25:00,1,223813
51153,Mumbai Bhusaval Passenger,CSTM,MUMBAI CST,None,05:20:00,1,13932
14313,MUMBAI LTT - BAREILLY Weekly Exp,LTT,LOKMANYA TILAK TERM,None,08:05:00,1,432041
12907,Maharashtra Sampark Kranti Express,BDTS,MUMBAI BANDRA TERMINUS,None,16:50:00,1,218842
12927,Mumbai Central -Vadodara Express,BCT,Mumbai Central,None,23:40:00,1,212334
51033,Mumbai Sainagar Shirdi Fast Pass(Via Daund),CSTM,MUMBAI CST,None,22:55:00,1,13544
12173,Udyog Nagri Express,LTT,LOKMANYA TILAK TERM,None,16:25:00,1,60746
17617,Tapovan Express,CSTM,MUMBAI CST,None,06:10:00,1,84093
19023,Mumbai Firozpur Janata Express,BCT,Mumbai Central,None,07:25:00,1,235150
12933,Karnavati Express,BCT,Mumbai Central,None,13:40:00,1,307216
12901,Gujarat Mail,BCT,Mumbai Central,None,21:45:00,1,91031
12127,MumbaiCST-Pune SF InterCity,MSD,BOMBAY MASJID,06:46:00,06:46:00,1,112666
12125,Pragati Superfast Express,MSD,BOMBAY MASJID,16:26:00,16:26:00,1,253166
11041,Mumbai - Chennai Express,MSD,BOMBAY MASJID,14:01:00,14:01:00,1,54102
12933,Karnavati Express,MX,Mumbai Mahalakshmi,13:42:00,13:42:00,1,307217
12115,Siddheshwar Express,MSD,BOMBAY MASJID,22:43:00,22:43:00,1,112578
16331,MUMBAI CST - TRIVANDRUM Exp,MSD,BOMBAY MASJID,12:06:00,12:06:00,1,551007
16339,MUMBAI CST - NAGERCOIL Exp,MSD,BOMBAY MASJID,12:06:00,12:06:00,1,547027
12111,Mumbai CST-Amaravati SF Express,MSD,BOMBAY MASJID,20:06:00,20:06:00,1,218550
11017,Chalukya Express,MTN,MUMBAI MATUNGA,21:31:00,21:31:00,1,193030
12925-Slip,Paschim Express Slip,KHAR,KHAR,11:37:00,11:37:00,1,45689
12322,MUMBAI CST - HOWRAH Mail (via Allahabad),MSD,BOMBAY MASJID,21:26:00,21:26:00,1,553763
12261,MUMBAI CST - HOWRAH AC Duronto Exp,MSD,BOMBAY MASJID,17:16:00,17:16:00,1,462385
12133,MUMBAI CST - MANGALORE Exp,MSD,BOMBAY MASJID,22:16:00,22:16:00,1,480502
12362,MUMBAI CST - ASANSOL SF Exp,MSD,BOMBAY MASJID,11:06:00,11:06:00,1,521236
11003,DADAR - SAWANTWADI RD Rajya Rani Exp,MTN,MUMBAI MATUNGA,23:56:00,23:56:00,1,480896
19065,MUMBAI BANDRA - BHAGAT KI KOTHI Exp,KHAR,KHAR,23:27:00,23:27:00,1,451665
11057,Dadar Amritsar Express,MTN,MUMBAI MATUNGA,23:46:00,23:46:00,1,345085
11019,Konark Express,MSD,BOMBAY MASJID,15:11:00,15:11:00,1,323090
59461,Borivali Dahanu Shuttle,DIC,DAHISAR,16:03:00,16:03:00,1,168689
12901,Gujarat Mail,MX,Mumbai Mahalakshmi,21:48:00,21:48:00,1,91032
17057-Slip,Mumbai -Daund Devagiri Express Slip,MSD,BOMBAY MASJID,21:06:00,21:06:00,1,179661
10111,MUMBAI CST - MADGAON Konkan Knaya Exp,MSD,BOMBAY MASJID,23:06:00,23:06:00,1,489851
12227,Mumbai Central- Indore Duronto Express,MX,Mumbai Mahalakshmi,23:16:00,23:16:00,1,371920
12971,Bhavnagar Express,KHAR,KHAR,21:27:00,21:27:00,1,35299
11023,Sahyadri Express,MSD,BOMBAY MASJID,17:51:00,17:51:00,1,333908
11027,Mumbai CST-Chennai Mail,MSD,BOMBAY MASJID,23:46:00,23:46:00,1,134164
12471,Mumbai Bandra (T.) - Jammu Tawi SF Swaraj Express,KHAR,KHAR,07:56:00,07:56:00,1,48832
11007,Deccan Express,MSD,BOMBAY MASJID,07:11:00,07:11:00,1,267291
09001,Mumbai Central - Ahmedabad SF Special,MX,Mumbai Mahalakshmi,22:52:00,22:52:00,1,253820
12123,Deccan Queen SF Express,MSD,BOMBAY MASJID,17:11:00,17:11:00,1,135364
09021,BANDRA TERMINUS - JAMMU TAWI AC Suvidha Special (Starts 4 April),STC,SANTA CRUZ,16:58:00,16:58:00,1,430067
12955,Mumbai-Jaipur SF Express,MX,Mumbai Mahalakshmi,18:52:00,18:52:00,1,100797
19707,Aravalli Express,KHAR,KHAR,21:02:00,21:02:00,1,397808
12071,Mumbai Aurangabad Jan Shatabdi,MSD,BOMBAY MASJID,13:51:00,13:51:00,1,236157
11035,Dadar-Mysore Sharavati Express,MTN,MUMBAI MATUNGA,21:31:00,21:31:00,1,73681
19215,Saurashtra Express,MX,Mumbai Mahalakshmi,08:22:00,08:22:00,1,150506
12216,Mumbai Bandra T. - Delhi Sarai Rohilla Garib Rath,KHAR,KHAR,12:56:00,12:56:00,1,76117
11401,Nandigram Express,MSD,BOMBAY MASJID,16:36:00,16:36:00,1,141410
12139-Slip,Sewagram Express Slip,MSD,BOMBAY MASJID,15:01:00,15:01:00,1,357440
19005,Saurashtra Mail,MX,Mumbai Mahalakshmi,20:27:00,20:27:00,1,239103
11057-Slip,Dadar Amritsar Express Slip,MTN,MUMBAI MATUNGA,23:46:00,23:46:00,1,399285
19017,Saurashtra Janata Express,KHAR,KHAR,17:37:00,17:37:00,1,123864
12995,Bandra-Udaipur SF Express,KHAR,KHAR,15:47:00,15:47:00,1,68476
12105,Vidarbha Express,MSD,BOMBAY MASJID,19:11:00,19:11:00,1,222015
12109,Panchavati Express,MSD,BOMBAY MASJID,18:16:00,18:16:00,1,266689
12131,Mumbai Dadar-Sainagar Shirdi Express,MTN,MUMBAI MATUNGA,21:46:00,21:46:00,1,367117
12137,Punjab Mail,MSD,BOMBAY MASJID,19:41:00,19:41:00,1,314059
09561,Bandra Terminus Okha Weekly Special,KHAR,KHAR,23:57:00,23:57:00,1,9880
12490,Dadar - Bikaner Express,MRU,MUMBAI MATUNGA ROAD,14:37:00,14:37:00,1,129879
11011,Mahalaxmi Express,MSD,BOMBAY MASJID,20:24:00,20:24:00,1,343622
19039,Awadh Express,KHAR,KHAR,22:42:00,22:42:00,1,285198
11029,Koyna Express,MSD,BOMBAY MASJID,08:41:00,08:41:00,1,22362
11009,Sinhagad Express,MSD,BOMBAY MASJID,14:31:00,14:31:00,1,269947
12989,Dadar Ajmer Superfast Express,MRU,MUMBAI MATUNGA ROAD,14:37:00,14:37:00,1,334003
19023,Mumbai Firozpur Janata Express,MX,Mumbai Mahalakshmi,07:27:00,07:27:00,1,235151
50103,Dadar Ratnagiri Passenger,MTN,MUMBAI MATUNGA,15:36:00,15:36:00,1,12973
16381,Mumbai CST - Kanyakumari Express,MSD,BOMBAY MASJID,15:46:00,15:46:00,1,307342
51027,MumbaiCST-Pandharpur Fast Passenger,MSD,BOMBAY MASJID,22:56:00,22:56:00,1,13179
59045,Vapi Passenger,KHAR,KHAR,09:27:00,09:27:00,1,115063
19143,Lokshakti Express,KHAR,KHAR,19:43:00,19:43:00,1,310260
12925,Paschim Express,KHAR,KHAR,11:37:00,11:37:00,1,362650
12903,Golden Temple Mail,MX,Mumbai Mahalakshmi,21:27:00,21:27:00,1,223814
15102,Mumbai CST Chhapra Jansadharan Express,MSD,BOMBAY MASJID,15:36:00,15:36:00,1,365599
59023,Mumbai Valsad Passenger,MX,Mumbai Mahalakshmi,18:12:00,18:12:00,1,344692
04728,Mumbai BandraT-Bikaner SF Special,KHAR,KHAR,14:36:00,14:36:00,1,3959
19131,MUMBAI BANDRA - BHUJ Kutch Exp,KHAR,KHAR,17:12:00,17:12:00,1,486549
12907,Maharashtra Sampark Kranti Express,KHAR,KHAR,16:51:00,16:51:00,1,218843
17617,Tapovan Express,MSD,BOMBAY MASJID,06:11:00,06:11:00,1,84094
12009,Mumbai-Ahmedabad Shatabdi Express,MX,Mumbai Mahalakshmi,06:26:00,06:26:00,1,396178
59441-Slip,Ahmedabad Passenger Slip,MX,Mumbai Mahalakshmi,22:42:00,22:42:00,1,196843
12979,Mumbai Bandra (T.) - Jaipur (Tri-weekly) SF Exp,KHAR,KHAR,15:47:00,15:47:00,1,205042
12239,Mumbai Central Jaipur AC Duronto Express,MX,Mumbai Mahalakshmi,23:16:00,23:16:00,1,266758
51097,Diva Panvel Passenger,DTVL,DATIVLI,00:23:00,00:23:00,1,13711
17031,Mumbai CST-Hyderabad Express,MSD,BOMBAY MASJID,12:46:00,12:46:00,1,102502
12188,Mumbai-Jabalpur Garib Rath Express,MSD,BOMBAY MASJID,13:31:00,13:31:00,1,151033
19005-Slip,Saurashtra Mail,MX,Mumbai Mahalakshmi,20:27:00,20:27:00,1,33760
12267,Mumbai Central-Ahmedabad AC Duronto Express,MX,Mumbai Mahalakshmi,23:26:00,23:26:00,1,279034
12909,Bandra Terminus- Hazrat Nizamuddin Garib Rath,KHAR,KHAR,16:56:00,16:56:00,1,231795
11093,MUMBAI CST - VARANASI Mahanagari Exp,MSD,BOMBAY MASJID,00:11:00,00:11:00,1,534028
19019,Bandra T - Dehradun Express,KHAR,KHAR,23:42:00,23:42:00,1,62807
19037,Awadh Express,KHAR,KHAR,22:42:00,22:42:00,1,299498
14708,MUMBAI BANDRA - BIKANER Ranakpur Exp,KHAR,KHAR,15:01:00,15:01:00,1,531906
16351,MUMBAI CST - NAGERCOIL Balaji Exp,MSD,BOMBAY MASJID,12:06:00,12:06:00,1,531005
12289,Mumbai CSTM-Nagpur Duronto Express,MSD,BOMBAY MASJID,20:16:00,20:16:00,1,26438
12995-Slip,Bandra-Udaipur SF Express Slip,KHAR,KHAR,15:47:00,15:47:00,1,183024
12525,Indrayani SF Express,MSD,BOMBAY MASJID,05:41:00,05:41:00,1,203081
12527,Mumbai CST-Latur Superfast Express.,MSD,BOMBAY MASJID,21:01:00,21:01:00,1,264224
12534,Pushpak Express,MSD,BOMBAY MASJID,08:21:00,08:21:00,1,363588
16529,Udyan Express,MSD,BOMBAY MASJID,08:06:00,08:06:00,1,38771
12953,MumbaiCentral-H Nizamuddin August Kranti Rajdhani Express,MX,Mumbai Mahalakshmi,17:42:00,17:42:00,1,66404
12139,Sevagram Express,MSD,BOMBAY MASJID,15:01:00,15:01:00,1,51405
59441,Mumbai Central-Ahmedabad Passenger,MX,Mumbai Mahalakshmi,22:42:00,22:42:00,1,125610
12927,Mumbai Central -Vadodara Express,MX,Mumbai Mahalakshmi,23:42:00,23:42:00,1,212335
12935,Bandra Surat InterCity Express,KHAR,KHAR,06:52:00,06:52:00,1,394751
12051,DADAR - MADGAON Jan Shatabdi Exp,MTN,MUMBAI MATUNGA,05:26:00,05:26:00,1,490151
51029,Bijapur Fast Passenger,MSD,BOMBAY MASJID,22:56:00,22:56:00,1,13343
17057,Mumbai-Secunderabad Devagiri Expres,MSD,BOMBAY MASJID,21:06:00,21:06:00,1,250054
51033,Mumbai Sainagar Shirdi Fast Pass(Via Daund),MSD,BOMBAY MASJID,22:56:00,22:56:00,1,13545
12869,MUMBAI CST - HOWRAH SF Exp,MSD,BOMBAY MASJID,11:06:00,11:06:00,1,494077
19049,MUMBAI BANDRA T - PATNA Exp,KHAR,KHAR,15:47:00,15:47:00,1,500416
12809,MUMBAI CST - HOWRAH SF Mail (via NAGPUR),MSD,BOMBAY MASJID,20:36:00,20:36:00,1,494677
10103,MUMBAI CST - MADGAON Mandovi Exp,MSD,BOMBAY MASJID,06:56:00,06:56:00,1,490001
50105,Diva Sawantwadi Passenger,DTVL,DATIVLI,06:23:00,06:23:00,1,13069
12859,MUMBAI CST - HOWRAH Gitanjali Exp,MSD,BOMBAY MASJID,06:01:00,06:01:00,1,496058
12961,Avantika Express,MX,Mumbai Mahalakshmi,19:07:00,19:07:00,1,146972
12959,MUMBAI DADAR - BHUJ SF Exp,MRU,MUMBAI MATUNGA ROAD,23:57:00,23:57:00,1,471653
12480,MUMBAI BANDRA - JODHPUR Suryanagari SF Exp,STC,SANTA CRUZ,13:33:00,13:33:00,1,473792
12921,Flying Rani Express,MX,Mumbai Mahalakshmi,17:57:00,17:57:00,1,47957
19115,MUMBAI BANDRA - BHUJ Sayaji Nagari Exp,KHAR,KHAR,14:51:00,14:51:00,1,486260
12701,Hussain Sagar Express,MSD,BOMBAY MASJID,21:51:00,21:51:00,1,150349
51153,Mumbai Bhusaval Passenger,MSD,BOMBAY MASJID,05:21:00,05:21:00,1,13933
19011,Gujarat Express,MX,Mumbai Mahalakshmi,05:47:00,05:47:00,1,351925
59439,Ahmadabad Passenger,MX,Mumbai Mahalakshmi,12:18:00,12:18:00,1,294605
12951,Mumbai Central-New Delhi Rajdhani Express,MX,Mumbai Mahalakshmi,16:41:00,16:41:00,1,269391
12163,DADAR - CHENNAI EGMORE SF Exp,MTN,MUMBAI MATUNGA,20:31:00,20:31:00,1,404968
14708,MUMBAI BANDRA - BIKANER Ranakpur Exp,STC,SANTA CRUZ,15:04:00,15:04:00,1,531907
51153,Mumbai Bhusaval Passenger,SNRD,MUMBAI SANDHURST ROAD,05:22:00,05:22:00,1,13934
12869,MUMBAI CST - HOWRAH SF Exp,SNRD,MUMBAI SANDHURST ROAD,11:08:00,11:08:00,1,494078
19131,MUMBAI BANDRA - BHUJ Kutch Exp,STC,SANTA CRUZ,17:14:00,17:14:00,1,486550
12809,MUMBAI CST - HOWRAH SF Mail (via NAGPUR),SNRD,MUMBAI SANDHURST ROAD,20:38:00,20:38:00,1,494678
12163,DADAR - CHENNAI EGMORE SF Exp,SIN,MUMBAI SION,20:34:00,20:34:00,1,404969
12995-Slip,Bandra-Udaipur SF Express Slip,STC,SANTA CRUZ,15:50:00,15:50:00,1,183025
12527,Mumbai CST-Latur Superfast Express.,SNRD,MUMBAI SANDHURST ROAD,21:03:00,21:03:00,1,264225
11035,Dadar-Mysore Sharavati Express,SIN,MUMBAI SION,21:34:00,21:34:00,1,73682
59441-Slip,Ahmedabad Passenger Slip,PL,Mumbai Lower Parel,22:45:00,22:45:00,1,196844
12125,Pragati Superfast Express,SNRD,MUMBAI SANDHURST ROAD,16:28:00,16:28:00,1,253167
11057,Dadar Amritsar Express,SIN,MUMBAI SION,23:49:00,23:49:00,1,345086
11027,Mumbai CST-Chennai Mail,SNRD,MUMBAI SANDHURST ROAD,23:47:00,23:47:00,1,134165
16529,Udyan Express,SNRD,MUMBAI SANDHURST ROAD,08:08:00,08:08:00,1,38772
12979,Mumbai Bandra (T.) - Jaipur (Tri-weekly) SF Exp,STC,SANTA CRUZ,15:51:00,15:51:00,1,205043
12139-Slip,Sewagram Express Slip,SNRD,MUMBAI SANDHURST ROAD,15:02:00,15:02:00,1,357441
11057-Slip,Dadar Amritsar Express Slip,SIN,MUMBAI SION,23:49:00,23:49:00,1,399286
09561,Bandra Terminus Okha Weekly Special,STC,SANTA CRUZ,23:59:00,23:59:00,1,9881
09001,Mumbai Central - Ahmedabad SF Special,PL,Mumbai Lower Parel,22:54:00,22:54:00,1,253821
59441,Mumbai Central-Ahmedabad Passenger,PL,Mumbai Lower Parel,22:45:00,22:45:00,1,125611
12701,Hussain Sagar Express,SNRD,MUMBAI SANDHURST ROAD,21:52:00,21:52:00,1,150350
11007,Deccan Express,SNRD,MUMBAI SANDHURST ROAD,07:13:00,07:13:00,1,267292
12105,Vidarbha Express,SNRD,MUMBAI SANDHURST ROAD,19:13:00,19:13:00,1,222016
12961,Avantika Express,PL,Mumbai Lower Parel,19:09:00,19:09:00,1,146973
12925-Slip,Paschim Express Slip,STC,SANTA CRUZ,11:40:00,11:40:00,1,45690
11009,Sinhagad Express,SNRD,MUMBAI SANDHURST ROAD,14:33:00,14:33:00,1,269948
12267,Mumbai Central-Ahmedabad AC Duronto Express,PL,Mumbai Lower Parel,23:27:00,23:27:00,1,279035
11017,Chalukya Express,SIN,MUMBAI SION,21:34:00,21:34:00,1,193031
12995,Bandra-Udaipur SF Express,STC,SANTA CRUZ,15:50:00,15:50:00,1,68477
12480,MUMBAI BANDRA - JODHPUR Suryanagari SF Exp,VLP,VILE PARLE,13:36:00,13:36:00,1,473793
12109,Panchavati Express,SNRD,MUMBAI SANDHURST ROAD,18:18:00,18:18:00,1,266690
12111,Mumbai CST-Amaravati SF Express,SNRD,MUMBAI SANDHURST ROAD,20:07:00,20:07:00,1,218551
12953,MumbaiCentral-H Nizamuddin August Kranti Rajdhani Express,PL,Mumbai Lower Parel,17:43:00,17:43:00,1,66405
11023,Sahyadri Express,SNRD,MUMBAI SANDHURST ROAD,17:53:00,17:53:00,1,333909
12137,Punjab Mail,SNRD,MUMBAI SANDHURST ROAD,19:43:00,19:43:00,1,314060
59045,Vapi Passenger,STC,SANTA CRUZ,09:31:00,09:31:00,1,115064
12131,Mumbai Dadar-Sainagar Shirdi Express,SIN,MUMBAI SION,21:48:00,21:48:00,1,367118
12959,MUMBAI DADAR - BHUJ SF Exp,MM,MUMBAI MAHIM JN,23:58:00,23:58:00,1,471654
12933,Karnavati Express,PL,Mumbai Lower Parel,13:43:00,13:43:00,1,307218
19017,Saurashtra Janata Express,STC,SANTA CRUZ,17:40:00,17:40:00,1,123865
12525,Indrayani SF Express,SNRD,MUMBAI SANDHURST ROAD,05:43:00,05:43:00,1,203082
12216,Mumbai Bandra T. - Delhi Sarai Rohilla Garib Rath,STC,SANTA CRUZ,12:58:00,12:58:00,1,76118
11019,Konark Express,SNRD,MUMBAI SANDHURST ROAD,15:13:00,15:13:00,1,323091
12071,Mumbai Aurangabad Jan Shatabdi,SNRD,MUMBAI SANDHURST ROAD,13:52:00,13:52:00,1,236158
12051,DADAR - MADGAON Jan Shatabdi Exp,SIN,MUMBAI SION,05:29:00,05:29:00,1,490152
09021,BANDRA TERMINUS - JAMMU TAWI AC Suvidha Special (Starts 4 April),VLP,VILE PARLE,17:01:00,17:01:00,1,430068
59461,Borivali Dahanu Shuttle,MIRA,MIRA ROAD,16:06:00,16:06:00,1,168690
17057-Slip,Mumbai -Daund Devagiri Express Slip,SNRD,MUMBAI SANDHURST ROAD,21:08:00,21:08:00,1,179662
11003,DADAR - SAWANTWADI RD Rajya Rani Exp,SIN,MUMBAI SION,23:59:00,23:59:00,1,480897
10111,MUMBAI CST - MADGAON Konkan Knaya Exp,SNRD,MUMBAI SANDHURST ROAD,23:08:00,23:08:00,1,489852
12955,Mumbai-Jaipur SF Express,PL,Mumbai Lower Parel,18:54:00,18:54:00,1,100798
12127,MumbaiCST-Pune SF InterCity,SNRD,MUMBAI SANDHURST ROAD,06:48:00,06:48:00,1,112667
12239,Mumbai Central Jaipur AC Duronto Express,PL,Mumbai Lower Parel,23:17:00,23:17:00,1,266759
12188,Mumbai-Jabalpur Garib Rath Express,SNRD,MUMBAI SANDHURST ROAD,13:33:00,13:33:00,1,151034
12909,Bandra Terminus- Hazrat Nizamuddin Garib Rath,STC,SANTA CRUZ,16:58:00,16:58:00,1,231796
12289,Mumbai CSTM-Nagpur Duronto Express,SNRD,MUMBAI SANDHURST ROAD,20:17:00,20:17:00,1,26439
12322,MUMBAI CST - HOWRAH Mail (via Allahabad),SNRD,MUMBAI SANDHURST ROAD,21:28:00,21:28:00,1,553764
12261,MUMBAI CST - HOWRAH AC Duronto Exp,SNRD,MUMBAI SANDHURST ROAD,17:17:00,17:17:00,1,462386
11401,Nandigram Express,SNRD,MUMBAI SANDHURST ROAD,16:38:00,16:38:00,1,141411
16339,MUMBAI CST - NAGERCOIL Exp,SNRD,MUMBAI SANDHURST ROAD,12:08:00,12:08:00,1,547028
19019,Bandra T - Dehradun Express,STC,SANTA CRUZ,23:45:00,23:45:00,1,62808
12534,Pushpak Express,SNRD,MUMBAI SANDHURST ROAD,08:22:00,08:22:00,1,363589
16331,MUMBAI CST - TRIVANDRUM Exp,SNRD,MUMBAI SANDHURST ROAD,12:08:00,12:08:00,1,551008
12123,Deccan Queen SF Express,SNRD,MUMBAI SANDHURST ROAD,17:12:00,17:12:00,1,135365
04728,Mumbai BandraT-Bikaner SF Special,STC,SANTA CRUZ,14:39:00,14:39:00,1,3960
12989,Dadar Ajmer Superfast Express,MM,MUMBAI MAHIM JN,14:38:00,14:38:00,1,334004
12227,Mumbai Central- Indore Duronto Express,PL,Mumbai Lower Parel,23:18:00,23:18:00,1,371921
12935,Bandra Surat InterCity Express,STC,SANTA CRUZ,06:55:00,06:55:00,1,394752
12115,Siddheshwar Express,SNRD,MUMBAI SANDHURST ROAD,22:45:00,22:45:00,1,112579
16381,Mumbai CST - Kanyakumari Express,SNRD,MUMBAI SANDHURST ROAD,15:48:00,15:48:00,1,307343
11041,Mumbai - Chennai Express,SNRD,MUMBAI SANDHURST ROAD,14:03:00,14:03:00,1,54103
12925,Paschim Express,STC,SANTA CRUZ,11:40:00,11:40:00,1,362651
19011,Gujarat Express,PL,Mumbai Lower Parel,05:50:00,05:50:00,1,351926
12901,Gujarat Mail,PL,Mumbai Lower Parel,21:51:00,21:51:00,1,91033
15102,Mumbai CST Chhapra Jansadharan Express,SNRD,MUMBAI SANDHURST ROAD,15:38:00,15:38:00,1,365600
12139,Sevagram Express,SNRD,MUMBAI SANDHURST ROAD,15:02:00,15:02:00,1,51406
59023,Mumbai Valsad Passenger,PL,Mumbai Lower Parel,18:15:00,18:15:00,1,344693
12971,Bhavnagar Express,STC,SANTA CRUZ,21:30:00,21:30:00,1,35300
12471,Mumbai Bandra (T.) - Jammu Tawi SF Swaraj Express,STC,SANTA CRUZ,07:59:00,07:59:00,1,48833
16351,MUMBAI CST - NAGERCOIL Balaji Exp,SNRD,MUMBAI SANDHURST ROAD,12:08:00,12:08:00,1,531006
19049,MUMBAI BANDRA T - PATNA Exp,STC,SANTA CRUZ,15:50:00,15:50:00,1,500417
17031,Mumbai CST-Hyderabad Express,SNRD,MUMBAI SANDHURST ROAD,12:48:00,12:48:00,1,102503
11029,Koyna Express,SNRD,MUMBAI SANDHURST ROAD,08:43:00,08:43:00,1,22363
12362,MUMBAI CST - ASANSOL SF Exp,SNRD,MUMBAI SANDHURST ROAD,11:08:00,11:08:00,1,521237
11011,Mahalaxmi Express,SNRD,MUMBAI SANDHURST ROAD,20:25:00,20:25:00,1,343623
12921,Flying Rani Express,PL,Mumbai Lower Parel,17:59:00,17:59:00,1,47958
17057,Mumbai-Secunderabad Devagiri Expres,SNRD,MUMBAI SANDHURST ROAD,21:08:00,21:08:00,1,250055
19215,Saurashtra Express,PL,Mumbai Lower Parel,08:25:00,08:25:00,1,150507
12490,Dadar - Bikaner Express,MM,MUMBAI MAHIM JN,14:38:00,14:38:00,1,129880
51033,Mumbai Sainagar Shirdi Fast Pass(Via Daund),SNRD,MUMBAI SANDHURST ROAD,22:58:00,22:58:00,1,13546
12927,Mumbai Central -Vadodara Express,PL,Mumbai Lower Parel,23:43:00,23:43:00,1,212336
12951,Mumbai Central-New Delhi Rajdhani Express,PL,Mumbai Lower Parel,16:42:00,16:42:00,1,269392
11093,MUMBAI CST - VARANASI Mahanagari Exp,SNRD,MUMBAI SANDHURST ROAD,00:13:00,00:13:00,1,534029
19143,Lokshakti Express,STC,SANTA CRUZ,19:47:00,19:47:00,1,310261
51027,MumbaiCST-Pandharpur Fast Passenger,SNRD,MUMBAI SANDHURST ROAD,22:58:00,22:58:00,1,13180
19023,Mumbai Firozpur Janata Express,PL,Mumbai Lower Parel,07:30:00,07:30:00,1,235152
19707,Aravalli Express,STC,SANTA CRUZ,21:06:00,21:06:00,1,397809
19039,Awadh Express,STC,SANTA CRUZ,22:45:00,22:45:00,1,285199
59439,Ahmadabad Passenger,PL,Mumbai Lower Parel,12:21:00,12:21:00,1,294606
12009,Mumbai-Ahmedabad Shatabdi Express,PL,Mumbai Lower Parel,06:28:00,06:28:00,1,396179
19065,MUMBAI BANDRA - BHAGAT KI KOTHI Exp,STC,SANTA CRUZ,23:29:00,23:29:00,1,451666
10103,MUMBAI CST - MADGAON Mandovi Exp,SNRD,MUMBAI SANDHURST ROAD,06:58:00,06:58:00,1,490002
12133,MUMBAI CST - MANGALORE Exp,SNRD,MUMBAI SANDHURST ROAD,22:17:00,22:17:00,1,480503
19037,Awadh Express,STC,SANTA CRUZ,22:45:00,22:45:00,1,299499
12859,MUMBAI CST - HOWRAH Gitanjali Exp,SNRD,MUMBAI SANDHURST ROAD,06:03:00,06:03:00,1,496059
51029,Bijapur Fast Passenger,SNRD,MUMBAI SANDHURST ROAD,22:58:00,22:58:00,1,13344
19115,MUMBAI BANDRA - BHUJ Sayaji Nagari Exp,STC,SANTA CRUZ,14:53:00,14:53:00,1,486261
19005-Slip,Saurashtra Mail,PL,Mumbai Lower Parel,20:30:00,20:30:00,1,33761
50103,Dadar Ratnagiri Passenger,SIN,MUMBAI SION,15:39:00,15:39:00,1,12974
17617,Tapovan Express,SNRD,MUMBAI SANDHURST ROAD,06:13:00,06:13:00,1,84095
12907,Maharashtra Sampark Kranti Express,STC,SANTA CRUZ,16:54:00,16:54:00,1,218844
12903,Golden Temple Mail,PL,Mumbai Lower Parel,21:29:00,21:29:00,1,223815
19005,Saurashtra Mail,PL,Mumbai Lower Parel,20:30:00,20:30:00,1,239104
19037,Awadh Express,VLP,VILE PARLE,22:50:00,22:50:00,1,299500
12951,Mumbai Central-New Delhi Rajdhani Express,EPR,Mumbai Elphinstone Road,16:43:00,16:43:00,1,269393
12959,MUMBAI DADAR - BHUJ SF Exp,BA,BANDRA,00:01:00,00:01:00,2,471655
19023,Mumbai Firozpur Janata Express,EPR,Mumbai Elphinstone Road,07:32:00,07:32:00,1,235153
19039,Awadh Express,VLP,VILE PARLE,22:50:00,22:50:00,1,285200
12907,Maharashtra Sampark Kranti Express,VLP,VILE PARLE,16:57:00,16:57:00,1,218845
59439,Ahmadabad Passenger,EPR,Mumbai Elphinstone Road,12:25:00,12:25:00,1,294607
12903,Golden Temple Mail,EPR,Mumbai Elphinstone Road,21:30:00,21:30:00,1,223816
19143,Lokshakti Express,VLP,VILE PARLE,19:53:00,19:53:00,1,310262
16381,Mumbai CST - Kanyakumari Express,BY,BYCULLA,15:51:00,15:51:00,1,307344
12989,Dadar Ajmer Superfast Express,BA,BANDRA,14:40:00,14:40:00,1,334005
51027,MumbaiCST-Pandharpur Fast Passenger,BY,BYCULLA,23:01:00,23:01:00,1,13181
12909,Bandra Terminus- Hazrat Nizamuddin Garib Rath,VLP,VILE PARLE,17:01:00,17:01:00,1,231797
12115,Siddheshwar Express,BY,BYCULLA,22:47:00,22:47:00,1,112580
19017,Saurashtra Janata Express,VLP,VILE PARLE,17:45:00,17:45:00,1,123866
59441-Slip,Ahmedabad Passenger Slip,EPR,Mumbai Elphinstone Road,22:48:00,22:48:00,1,196845
12935,Bandra Surat InterCity Express,VLP,VILE PARLE,07:00:00,07:00:00,1,394753
11009,Sinhagad Express,BY,BYCULLA,14:36:00,14:36:00,1,269949
59045,Vapi Passenger,VLP,VILE PARLE,09:36:00,09:36:00,1,115065
11041,Mumbai - Chennai Express,BY,BYCULLA,14:05:00,14:05:00,1,54104
19131,MUMBAI BANDRA - BHUJ Kutch Exp,VLP,VILE PARLE,17:18:00,17:18:00,1,486551
12961,Avantika Express,EPR,Mumbai Elphinstone Road,19:10:00,19:10:00,1,146974
17617,Tapovan Express,BY,BYCULLA,06:16:00,06:16:00,1,84096
19005,Saurashtra Mail,EPR,Mumbai Elphinstone Road,20:33:00,20:33:00,1,239105
16529,Udyan Express,BY,BYCULLA,08:11:00,08:11:00,1,38773
09561,Bandra Terminus Okha Weekly Special,VLP,VILE PARLE,00:03:00,00:03:00,2,9882
09001,Mumbai Central - Ahmedabad SF Special,EPR,Mumbai Elphinstone Road,22:55:00,22:55:00,1,253822
12525,Indrayani SF Express,BY,BYCULLA,05:45:00,05:45:00,1,203083
12921,Flying Rani Express,EPR,Mumbai Elphinstone Road,18:01:00,18:01:00,1,47959
16339,MUMBAI CST - NAGERCOIL Exp,BY,BYCULLA,12:11:00,12:11:00,1,547029
16331,MUMBAI CST - TRIVANDRUM Exp,BY,BYCULLA,12:11:00,12:11:00,1,551009
12953,MumbaiCentral-H Nizamuddin August Kranti Rajdhani Express,EPR,Mumbai Elphinstone Road,17:45:00,17:45:00,1,66406
51029,Bijapur Fast Passenger,BY,BYCULLA,23:01:00,23:01:00,1,13345
12480,MUMBAI BANDRA - JODHPUR Suryanagari SF Exp,ADH,ANDHERI,13:39:00,13:39:00,1,473794
15102,Mumbai CST Chhapra Jansadharan Express,BY,BYCULLA,15:41:00,15:41:00,1,365601
12534,Pushpak Express,BY,BYCULLA,08:24:00,08:24:00,1,363590
12009,Mumbai-Ahmedabad Shatabdi Express,EPR,Mumbai Elphinstone Road,06:30:00,06:30:00,1,396180
19011,Gujarat Express,EPR,Mumbai Elphinstone Road,05:52:00,05:52:00,1,351927
12239,Mumbai Central Jaipur AC Duronto Express,EPR,Mumbai Elphinstone Road,23:18:00,23:18:00,1,266760
59441,Mumbai Central-Ahmedabad Passenger,EPR,Mumbai Elphinstone Road,22:48:00,22:48:00,1,125612
12071,Mumbai Aurangabad Jan Shatabdi,BY,BYCULLA,13:53:00,13:53:00,1,236159
12809,MUMBAI CST - HOWRAH SF Mail (via NAGPUR),BY,BYCULLA,20:41:00,20:41:00,1,494679
19115,MUMBAI BANDRA - BHUJ Sayaji Nagari Exp,VLP,VILE PARLE,14:56:00,14:56:00,1,486262
12859,MUMBAI CST - HOWRAH Gitanjali Exp,BY,BYCULLA,06:06:00,06:06:00,1,496060
12527,Mumbai CST-Latur Superfast Express.,BY,BYCULLA,21:06:00,21:06:00,1,264226
12188,Mumbai-Jabalpur Garib Rath Express,BY,BYCULLA,13:36:00,13:36:00,1,151035
19019,Bandra T - Dehradun Express,VLP,VILE PARLE,23:48:00,23:48:00,1,62809
12927,Mumbai Central -Vadodara Express,EPR,Mumbai Elphinstone Road,23:45:00,23:45:00,1,212337
12139-Slip,Sewagram Express Slip,BY,BYCULLA,15:03:00,15:03:00,1,357442
11023,Sahyadri Express,BY,BYCULLA,17:55:00,17:55:00,1,333910
12869,MUMBAI CST - HOWRAH SF Exp,BY,BYCULLA,11:11:00,11:11:00,1,494079
11019,Konark Express,BY,BYCULLA,15:16:00,15:16:00,1,323092
12289,Mumbai CSTM-Nagpur Duronto Express,BY,BYCULLA,20:18:00,20:18:00,1,26440
12901,Gujarat Mail,EPR,Mumbai Elphinstone Road,21:55:00,21:55:00,1,91034
11027,Mumbai CST-Chennai Mail,BY,BYCULLA,23:48:00,23:48:00,1,134166
12925-Slip,Paschim Express Slip,VLP,VILE PARLE,11:45:00,11:45:00,1,45691
12979,Mumbai Bandra (T.) - Jaipur (Tri-weekly) SF Exp,VLP,VILE PARLE,15:55:00,15:55:00,1,205044
11011,Mahalaxmi Express,BY,BYCULLA,20:27:00,20:27:00,1,343624
10111,MUMBAI CST - MADGAON Konkan Knaya Exp,BY,BYCULLA,23:11:00,23:11:00,1,489853
09021,BANDRA TERMINUS - JAMMU TAWI AC Suvidha Special (Starts 4 April),ADH,ANDHERI,17:04:00,17:04:00,1,430069
12216,Mumbai Bandra T. - Delhi Sarai Rohilla Garib Rath,VLP,VILE PARLE,13:01:00,13:01:00,1,76119
11093,MUMBAI CST - VARANASI Mahanagari Exp,BY,BYCULLA,00:16:00,00:16:00,1,534030
12261,MUMBAI CST - HOWRAH AC Duronto Exp,BY,BYCULLA,17:18:00,17:18:00,1,462387
10103,MUMBAI CST - MADGAON Mandovi Exp,BY,BYCULLA,07:00:00,07:00:00,1,490003
04728,Mumbai BandraT-Bikaner SF Special,VLP,VILE PARLE,14:42:00,14:42:00,1,3961
19707,Aravalli Express,VLP,VILE PARLE,21:10:00,21:10:00,1,397810
19065,MUMBAI BANDRA - BHAGAT KI KOTHI Exp,VLP,VILE PARLE,23:33:00,23:33:00,1,451667
12995-Slip,Bandra-Udaipur SF Express Slip,VLP,VILE PARLE,15:54:00,15:54:00,1,183026
17057-Slip,Mumbai -Daund Devagiri Express Slip,BY,BYCULLA,21:11:00,21:11:00,1,179663
12471,Mumbai Bandra (T.) - Jammu Tawi SF Swaraj Express,VLP,VILE PARLE,08:02:00,08:02:00,1,48834
51153,Mumbai Bhusaval Passenger,BY,BYCULLA,05:23:00,05:23:00,1,13935
12701,Hussain Sagar Express,BY,BYCULLA,21:54:00,21:54:00,1,150351
17057,Mumbai-Secunderabad Devagiri Expres,BY,BYCULLA,21:11:00,21:11:00,1,250056
51033,Mumbai Sainagar Shirdi Fast Pass(Via Daund),BY,BYCULLA,23:01:00,23:01:00,1,13547
12933,Karnavati Express,EPR,Mumbai Elphinstone Road,13:45:00,13:45:00,1,307219
12955,Mumbai-Jaipur SF Express,EPR,Mumbai Elphinstone Road,18:56:00,18:56:00,1,100799
12925,Paschim Express,VLP,VILE PARLE,11:45:00,11:45:00,1,362652
12995,Bandra-Udaipur SF Express,VLP,VILE PARLE,15:54:00,15:54:00,1,68478
12322,MUMBAI CST - HOWRAH Mail (via Allahabad),BY,BYCULLA,21:31:00,21:31:00,1,553765
59023,Mumbai Valsad Passenger,EPR,Mumbai Elphinstone Road,18:17:00,18:17:00,1,344694
14708,MUMBAI BANDRA - BIKANER Ranakpur Exp,VLP,VILE PARLE,15:07:00,15:07:00,1,531908
12127,MumbaiCST-Pune SF InterCity,BY,BYCULLA,06:50:00,06:50:00,1,112668
12133,MUMBAI CST - MANGALORE Exp,BY,BYCULLA,22:18:00,22:18:00,1,480504
17031,Mumbai CST-Hyderabad Express,BY,BYCULLA,12:51:00,12:51:00,1,102504
12139,Sevagram Express,BY,BYCULLA,15:03:00,15:03:00,1,51407
16351,MUMBAI CST - NAGERCOIL Balaji Exp,BY,BYCULLA,12:11:00,12:11:00,1,531007
19049,MUMBAI BANDRA T - PATNA Exp,VLP,VILE PARLE,15:54:00,15:54:00,1,500418
12267,Mumbai Central-Ahmedabad AC Duronto Express,EPR,Mumbai Elphinstone Road,23:29:00,23:29:00,1,279036
12971,Bhavnagar Express,VLP,VILE PARLE,21:35:00,21:35:00,1,35301
11029,Koyna Express,BY,BYCULLA,08:46:00,08:46:00,1,22364
19005-Slip,Saurashtra Mail,EPR,Mumbai Elphinstone Road,20:33:00,20:33:00,1,33762
11007,Deccan Express,BY,BYCULLA,07:16:00,07:16:00,1,267293
12362,MUMBAI CST - ASANSOL SF Exp,BY,BYCULLA,11:11:00,11:11:00,1,521238
11401,Nandigram Express,BY,BYCULLA,16:41:00,16:41:00,1,141412
59461,Borivali Dahanu Shuttle,BYR,BHAYANDAR,16:10:00,16:10:00,1,168691
19215,Saurashtra Express,EPR,Mumbai Elphinstone Road,08:27:00,08:27:00,1,150508
12490,Dadar - Bikaner Express,BA,BANDRA,14:40:00,14:40:00,1,129881
12105,Vidarbha Express,BY,BYCULLA,19:16:00,19:16:00,1,222017
12109,Panchavati Express,BY,BYCULLA,18:20:00,18:20:00,1,266691
12111,Mumbai CST-Amaravati SF Express,BY,BYCULLA,20:08:00,20:08:00,1,218552
12123,Deccan Queen SF Express,BY,BYCULLA,17:13:00,17:13:00,1,135366
12125,Pragati Superfast Express,BY,BYCULLA,16:30:00,16:30:00,1,253168
12137,Punjab Mail,BY,BYCULLA,19:46:00,19:46:00,1,314061
12227,Mumbai Central- Indore Duronto Express,EPR,Mumbai Elphinstone Road,23:19:00,23:19:00,1,371922
10103,MUMBAI CST - MADGAON Mandovi Exp,CHG,MUMBAI CHINCHPOKLI,07:02:00,07:02:00,1,490004
12859,MUMBAI CST - HOWRAH Gitanjali Exp,CHG,MUMBAI CHINCHPOKLI,06:07:00,06:07:00,1,496061
12869,MUMBAI CST - HOWRAH SF Exp,CHG,MUMBAI CHINCHPOKLI,11:12:00,11:12:00,1,494080
12289,Mumbai CSTM-Nagpur Duronto Express,CHG,MUMBAI CHINCHPOKLI,20:19:00,20:19:00,1,26441
11041,Mumbai - Chennai Express,CHG,MUMBAI CHINCHPOKLI,14:07:00,14:07:00,1,54105
12490,Dadar - Bikaner Express,BDTS,MUMBAI BANDRA TERMINUS,14:41:00,14:41:00,1,129882
19115,MUMBAI BANDRA - BHUJ Sayaji Nagari Exp,ADH,ANDHERI,14:59:00,14:59:00,1,486263
10111,MUMBAI CST - MADGAON Konkan Knaya Exp,CHG,MUMBAI CHINCHPOKLI,23:12:00,23:12:00,1,489854
11011,Mahalaxmi Express,CHG,MUMBAI CHINCHPOKLI,20:29:00,20:29:00,1,343625
11029,Koyna Express,CHG,MUMBAI CHINCHPOKLI,08:47:00,08:47:00,1,22365
12362,MUMBAI CST - ASANSOL SF Exp,CHG,MUMBAI CHINCHPOKLI,11:12:00,11:12:00,1,521239
11009,Sinhagad Express,CHG,MUMBAI CHINCHPOKLI,14:37:00,14:37:00,1,269950
11401,Nandigram Express,CHG,MUMBAI CHINCHPOKLI,16:42:00,16:42:00,1,141413
04728,Mumbai BandraT-Bikaner SF Special,ADH,ANDHERI,14:45:00,14:45:00,1,3962
16339,MUMBAI CST - NAGERCOIL Exp,CHG,MUMBAI CHINCHPOKLI,12:12:00,12:12:00,1,547030
11057-Slip,Dadar Amritsar Express Slip,LTT,LOKMANYA TILAK TERM,23:52:00,23:52:00,1,399288
12480,MUMBAI BANDRA - JODHPUR Suryanagari SF Exp,JOS,JOGESHWARI,13:42:00,13:42:00,1,473795
11017,Chalukya Express,LTT,LOKMANYA TILAK TERM,21:37:00,21:37:00,1,193033
12927,Mumbai Central -Vadodara Express,DDR,MUMBAI DADAR WEST,23:47:00,23:47:00,1,212338
12105,Vidarbha Express,CHG,MUMBAI CHINCHPOKLI,19:17:00,19:17:00,1,222018
11035,Dadar-Mysore Sharavati Express,LTT,LOKMANYA TILAK TERM,21:37:00,21:37:00,1,73684
11027,Mumbai CST-Chennai Mail,CHG,MUMBAI CHINCHPOKLI,23:50:00,23:50:00,1,134167
12137,Punjab Mail,CHG,MUMBAI CHINCHPOKLI,19:47:00,19:47:00,1,314062
12071,Mumbai Aurangabad Jan Shatabdi,CHG,MUMBAI CHINCHPOKLI,13:55:00,13:55:00,1,236160
09561,Bandra Terminus Okha Weekly Special,ADH,ANDHERI,00:07:00,00:07:00,2,9883
12115,Siddheshwar Express,CHG,MUMBAI CHINCHPOKLI,22:48:00,22:48:00,1,112581
12139-Slip,Sewagram Express Slip,CHG,MUMBAI CHINCHPOKLI,15:05:00,15:05:00,1,357443
12123,Deccan Queen SF Express,CHG,MUMBAI CHINCHPOKLI,17:14:00,17:14:00,1,135367
12995-Slip,Bandra-Udaipur SF Express Slip,ADH,ANDHERI,15:58:00,15:58:00,1,183027
12961,Avantika Express,DDR,MUMBAI DADAR WEST,19:12:00,19:12:00,1,146975
12951,Mumbai Central-New Delhi Rajdhani Express,DDR,MUMBAI DADAR WEST,16:44:00,16:44:00,1,269394
11023,Sahyadri Express,CHG,MUMBAI CHINCHPOKLI,17:57:00,17:57:00,1,333911
11019,Konark Express,CHG,MUMBAI CHINCHPOKLI,15:17:00,15:17:00,1,323093
12701,Hussain Sagar Express,CHG,MUMBAI CHINCHPOKLI,21:55:00,21:55:00,1,150352
16381,Mumbai CST - Kanyakumari Express,CHG,MUMBAI CHINCHPOKLI,15:52:00,15:52:00,1,307345
12989,Dadar Ajmer Superfast Express,BDTS,MUMBAI BANDRA TERMINUS,14:41:00,14:41:00,1,334006
50103,Dadar Ratnagiri Passenger,LTT,LOKMANYA TILAK TERM,15:43:00,15:43:00,1,12976
51027,MumbaiCST-Pandharpur Fast Passenger,CHG,MUMBAI CHINCHPOKLI,23:02:00,23:02:00,1,13182
12188,Mumbai-Jabalpur Garib Rath Express,CHG,MUMBAI CHINCHPOKLI,13:37:00,13:37:00,1,151036
12109,Panchavati Express,CHG,MUMBAI CHINCHPOKLI,18:22:00,18:22:00,1,266692
12907,Maharashtra Sampark Kranti Express,ADH,ANDHERI,17:01:00,17:01:00,1,218846
12525,Indrayani SF Express,CHG,MUMBAI CHINCHPOKLI,05:46:00,05:46:00,1,203084
12227,Mumbai Central- Indore Duronto Express,DDR,MUMBAI DADAR WEST,23:20:00,23:20:00,1,371923
17617,Tapovan Express,CHG,MUMBAI CHINCHPOKLI,06:17:00,06:17:00,1,84097
12527,Mumbai CST-Latur Superfast Express.,CHG,MUMBAI CHINCHPOKLI,21:07:00,21:07:00,1,264227
15102,Mumbai CST Chhapra Jansadharan Express,CHG,MUMBAI CHINCHPOKLI,15:43:00,15:43:00,1,365602
12534,Pushpak Express,CHG,MUMBAI CHINCHPOKLI,08:25:00,08:25:00,1,363591
12903,Golden Temple Mail,DDR,MUMBAI DADAR WEST,21:32:00,21:32:00,1,223817
12995,Bandra-Udaipur SF Express,ADH,ANDHERI,15:58:00,15:58:00,1,68479
12131,Mumbai Dadar-Sainagar Shirdi Express,LTT,LOKMANYA TILAK TERM,21:51:00,21:51:00,1,367120
12267,Mumbai Central-Ahmedabad AC Duronto Express,DDR,MUMBAI DADAR WEST,23:30:00,23:30:00,1,279037
12216,Mumbai Bandra T. - Delhi Sarai Rohilla Garib Rath,ADH,ANDHERI,13:03:00,13:03:00,1,76120
12953,MumbaiCentral-H Nizamuddin August Kranti Rajdhani Express,DDR,MUMBAI DADAR WEST,17:47:00,17:47:00,1,66407
12111,Mumbai CST-Amaravati SF Express,CHG,MUMBAI CHINCHPOKLI,20:10:00,20:10:00,1,218553
12261,MUMBAI CST - HOWRAH AC Duronto Exp,CHG,MUMBAI CHINCHPOKLI,17:19:00,17:19:00,1,462388
11007,Deccan Express,CHG,MUMBAI CHINCHPOKLI,07:17:00,07:17:00,1,267294
12921,Flying Rani Express,DDR,MUMBAI DADAR WEST,18:03:00,18:03:00,1,47960
12125,Pragati Superfast Express,CHG,MUMBAI CHINCHPOKLI,16:32:00,16:32:00,1,253169
12933,Karnavati Express,DDR,MUMBAI DADAR WEST,13:47:00,13:47:00,1,307220
19017,Saurashtra Janata Express,ADH,ANDHERI,17:49:00,17:49:00,1,123867
09001,Mumbai Central - Ahmedabad SF Special,DDR,MUMBAI DADAR WEST,22:57:00,22:57:00,1,253823
16529,Udyan Express,CHG,MUMBAI CHINCHPOKLI,08:12:00,08:12:00,1,38774
12959,MUMBAI DADAR - BHUJ SF Exp,BDTS,MUMBAI BANDRA TERMINUS,00:02:00,00:02:00,2,471656
19131,MUMBAI BANDRA - BHUJ Kutch Exp,ADH,ANDHERI,17:21:00,17:21:00,1,486552
12139,Sevagram Express,CHG,MUMBAI CHINCHPOKLI,15:04:00,15:04:00,1,51408
12809,MUMBAI CST - HOWRAH SF Mail (via NAGPUR),CHG,MUMBAI CHINCHPOKLI,20:42:00,20:42:00,1,494680
17031,Mumbai CST-Hyderabad Express,CHG,MUMBAI CHINCHPOKLI,12:52:00,12:52:00,1,102505
12909,Bandra Terminus- Hazrat Nizamuddin Garib Rath,ADH,ANDHERI,17:04:00,17:04:00,1,231798
17057-Slip,Mumbai -Daund Devagiri Express Slip,CHG,MUMBAI CHINCHPOKLI,21:12:00,21:12:00,1,179664
12127,MumbaiCST-Pune SF InterCity,CHG,MUMBAI CHINCHPOKLI,06:51:00,06:51:00,1,112669
16351,MUMBAI CST - NAGERCOIL Balaji Exp,CHG,MUMBAI CHINCHPOKLI,12:12:00,12:12:00,1,531008
14708,MUMBAI BANDRA - BIKANER Ranakpur Exp,ADH,ANDHERI,15:10:00,15:10:00,1,531909
12471,Mumbai Bandra (T.) - Jammu Tawi SF Swaraj Express,ADH,ANDHERI,08:05:00,08:05:00,1,48835
19049,MUMBAI BANDRA T - PATNA Exp,ADH,ANDHERI,15:58:00,15:58:00,1,500419
16331,MUMBAI CST - TRIVANDRUM Exp,CHG,MUMBAI CHINCHPOKLI,12:12:00,12:12:00,1,551010
12955,Mumbai-Jaipur SF Express,DDR,MUMBAI DADAR WEST,18:58:00,18:58:00,1,100800
17057,Mumbai-Secunderabad Devagiri Expres,CHG,MUMBAI CHINCHPOKLI,21:12:00,21:12:00,1,250057
11093,MUMBAI CST - VARANASI Mahanagari Exp,CHG,MUMBAI CHINCHPOKLI,00:17:00,00:17:00,1,534031
51033,Mumbai Sainagar Shirdi Fast Pass(Via Daund),CHG,MUMBAI CHINCHPOKLI,23:02:00,23:02:00,1,13548
51153,Mumbai Bhusaval Passenger,CHG,MUMBAI CHINCHPOKLI,05:24:00,05:24:00,1,13936
19019,Bandra T - Dehradun Express,ADH,ANDHERI,23:52:00,23:52:00,1,62810
51029,Bijapur Fast Passenger,CHG,MUMBAI CHINCHPOKLI,23:02:00,23:02:00,1,13346
12239,Mumbai Central Jaipur AC Duronto Express,DDR,MUMBAI DADAR WEST,23:20:00,23:20:00,1,266761
11057,Dadar Amritsar Express,LTT,LOKMANYA TILAK TERM,23:52:00,23:52:00,1,345088
12009,Mumbai-Ahmedabad Shatabdi Express,DDR,MUMBAI DADAR WEST,06:31:00,06:31:00,1,396181
09021,BANDRA TERMINUS - JAMMU TAWI AC Suvidha Special (Starts 4 April),JOS,JOGESHWARI,17:08:00,17:08:00,1,430070
19065,MUMBAI BANDRA - BHAGAT KI KOTHI Exp,ADH,ANDHERI,23:37:00,23:37:00,1,451668
12133,MUMBAI CST - MANGALORE Exp,CHG,MUMBAI CHINCHPOKLI,22:19:00,22:19:00,1,480505
12322,MUMBAI CST - HOWRAH Mail (via Allahabad),CHG,MUMBAI CHINCHPOKLI,21:32:00,21:32:00,1,553766
51029,Bijapur Fast Passenger,CRD,MUMBAI CURREY ROAD,23:03:00,23:03:00,1,13347
10103,MUMBAI CST - MADGAON Mandovi Exp,CRD,MUMBAI CURREY ROAD,07:03:00,07:03:00,1,490005
12239,Mumbai Central Jaipur AC Duronto Express,MRU,MUMBAI MATUNGA ROAD,23:21:00,23:21:00,1,266762
12133,MUMBAI CST - MANGALORE Exp,CRD,MUMBAI CURREY ROAD,22:20:00,22:20:00,1,480506
12362,MUMBAI CST - ASANSOL SF Exp,CRD,MUMBAI CURREY ROAD,11:13:00,11:13:00,1,521240
11007,Deccan Express,CRD,MUMBAI CURREY ROAD,07:18:00,07:18:00,1,267295
12111,Mumbai CST-Amaravati SF Express,CRD,MUMBAI CURREY ROAD,20:10:00,20:10:00,1,218554
12869,MUMBAI CST - HOWRAH SF Exp,CRD,MUMBAI CURREY ROAD,11:13:00,11:13:00,1,494081
10111,MUMBAI CST - MADGAON Konkan Knaya Exp,CRD,MUMBAI CURREY ROAD,23:13:00,23:13:00,1,489855
11029,Koyna Express,CRD,MUMBAI CURREY ROAD,08:48:00,08:48:00,1,22366
12809,MUMBAI CST - HOWRAH SF Mail (via NAGPUR),CRD,MUMBAI CURREY ROAD,20:43:00,20:43:00,1,494681
19131,MUMBAI BANDRA - BHUJ Kutch Exp,JOS,JOGESHWARI,17:26:00,17:26:00,1,486553
19049,MUMBAI BANDRA T - PATNA Exp,JOS,JOGESHWARI,16:03:00,16:03:00,1,500420
12859,MUMBAI CST - HOWRAH Gitanjali Exp,CRD,MUMBAI CURREY ROAD,06:08:00,06:08:00,1,496062
12490,Dadar - Bikaner Express,KHAR,KHAR,14:42:00,14:42:00,1,129883
11023,Sahyadri Express,CRD,MUMBAI CURREY ROAD,17:58:00,17:58:00,1,333912
12267,Mumbai Central-Ahmedabad AC Duronto Express,MRU,MUMBAI MATUNGA ROAD,23:31:00,23:31:00,1,279038
12995-Slip,Bandra-Udaipur SF Express Slip,JOS,JOGESHWARI,16:03:00,16:03:00,1,183028
12109,Panchavati Express,CRD,MUMBAI CURREY ROAD,18:23:00,18:23:00,1,266693
12289,Mumbai CSTM-Nagpur Duronto Express,CRD,MUMBAI CURREY ROAD,20:20:00,20:20:00,1,26442
12137,Punjab Mail,CRD,MUMBAI CURREY ROAD,19:48:00,19:48:00,1,314063
12227,Mumbai Central- Indore Duronto Express,MRU,MUMBAI MATUNGA ROAD,23:21:00,23:21:00,1,371924
12125,Pragati Superfast Express,CRD,MUMBAI CURREY ROAD,16:33:00,16:33:00,1,253170
12525,Indrayani SF Express,CRD,MUMBAI CURREY ROAD,05:47:00,05:47:00,1,203085
12527,Mumbai CST-Latur Superfast Express.,CRD,MUMBAI CURREY ROAD,21:08:00,21:08:00,1,264228
12959,MUMBAI DADAR - BHUJ SF Exp,KHAR,KHAR,00:03:00,00:03:00,2,471657
11401,Nandigram Express,CRD,MUMBAI CURREY ROAD,16:43:00,16:43:00,1,141414
12123,Deccan Queen SF Express,CRD,MUMBAI CURREY ROAD,17:15:00,17:15:00,1,135368
12115,Siddheshwar Express,CRD,MUMBAI CURREY ROAD,22:49:00,22:49:00,1,112582
12261,MUMBAI CST - HOWRAH AC Duronto Exp,CRD,MUMBAI CURREY ROAD,17:20:00,17:20:00,1,462389
12471,Mumbai Bandra (T.) - Jammu Tawi SF Swaraj Express,JOS,JOGESHWARI,08:09:00,08:09:00,1,48836
12961,Avantika Express,MRU,MUMBAI MATUNGA ROAD,19:14:00,19:14:00,1,146976
12188,Mumbai-Jabalpur Garib Rath Express,CRD,MUMBAI CURREY ROAD,13:38:00,13:38:00,1,151037
11011,Mahalaxmi Express,CRD,MUMBAI CURREY ROAD,20:30:00,20:30:00,1,343626
12701,Hussain Sagar Express,CRD,MUMBAI CURREY ROAD,21:56:00,21:56:00,1,150353
12534,Pushpak Express,CRD,MUMBAI CURREY ROAD,08:25:00,08:25:00,1,363592
12139-Slip,Sewagram Express Slip,CRD,MUMBAI CURREY ROAD,15:05:00,15:05:00,1,357444
11041,Mumbai - Chennai Express,CRD,MUMBAI CURREY ROAD,14:08:00,14:08:00,1,54106
11019,Konark Express,CRD,MUMBAI CURREY ROAD,15:18:00,15:18:00,1,323094
12989,Dadar Ajmer Superfast Express,KHAR,KHAR,14:42:00,14:42:00,1,334007
11093,MUMBAI CST - VARANASI Mahanagari Exp,CRD,MUMBAI CURREY ROAD,00:18:00,00:18:00,1,534032
12127,MumbaiCST-Pune SF InterCity,CRD,MUMBAI CURREY ROAD,06:52:00,06:52:00,1,112670
16351,MUMBAI CST - NAGERCOIL Balaji Exp,CRD,MUMBAI CURREY ROAD,12:13:00,12:13:00,1,531009
15102,Mumbai CST Chhapra Jansadharan Express,CRD,MUMBAI CURREY ROAD,15:44:00,15:44:00,1,365603
12322,MUMBAI CST - HOWRAH Mail (via Allahabad),CRD,MUMBAI CURREY ROAD,21:33:00,21:33:00,1,553767
16381,Mumbai CST - Kanyakumari Express,CRD,MUMBAI CURREY ROAD,15:53:00,15:53:00,1,307346
51033,Mumbai Sainagar Shirdi Fast Pass(Via Daund),CRD,MUMBAI CURREY ROAD,23:03:00,23:03:00,1,13549
14708,MUMBAI BANDRA - BIKANER Ranakpur Exp,JOS,JOGESHWARI,15:13:00,15:13:00,1,531910
17057,Mumbai-Secunderabad Devagiri Expres,CRD,MUMBAI CURREY ROAD,21:13:00,21:13:00,1,250058
16331,MUMBAI CST - TRIVANDRUM Exp,CRD,MUMBAI CURREY ROAD,12:13:00,12:13:00,1,551011
12955,Mumbai-Jaipur SF Express,MRU,MUMBAI MATUNGA ROAD,18:59:00,18:59:00,1,100801
17031,Mumbai CST-Hyderabad Express,CRD,MUMBAI CURREY ROAD,12:53:00,12:53:00,1,102506
12995,Bandra-Udaipur SF Express,JOS,JOGESHWARI,16:03:00,16:03:00,1,68480
19115,MUMBAI BANDRA - BHUJ Sayaji Nagari Exp,JOS,JOGESHWARI,15:02:00,15:02:00,1,486264
12009,Mumbai-Ahmedabad Shatabdi Express,MRU,MUMBAI MATUNGA ROAD,06:33:00,06:33:00,1,396182
19065,MUMBAI BANDRA - BHAGAT KI KOTHI Exp,JOS,JOGESHWARI,23:41:00,23:41:00,1,451669
12216,Mumbai Bandra T. - Delhi Sarai Rohilla Garib Rath,JOS,JOGESHWARI,13:06:00,13:06:00,1,76121
09001,Mumbai Central - Ahmedabad SF Special,MRU,MUMBAI MATUNGA ROAD,22:59:00,22:59:00,1,253824
09561,Bandra Terminus Okha Weekly Special,JOS,JOGESHWARI,00:11:00,00:11:00,2,9884
11009,Sinhagad Express,CRD,MUMBAI CURREY ROAD,14:38:00,14:38:00,1,269951
12953,MumbaiCentral-H Nizamuddin August Kranti Rajdhani Express,MRU,MUMBAI MATUNGA ROAD,17:48:00,17:48:00,1,66408
12071,Mumbai Aurangabad Jan Shatabdi,CRD,MUMBAI CURREY ROAD,13:55:00,13:55:00,1,236161
04728,Mumbai BandraT-Bikaner SF Special,JOS,JOGESHWARI,14:49:00,14:49:00,1,3963
16339,MUMBAI CST - NAGERCOIL Exp,CRD,MUMBAI CURREY ROAD,12:13:00,12:13:00,1,547031
12105,Vidarbha Express,CRD,MUMBAI CURREY ROAD,19:18:00,19:18:00,1,222019
17617,Tapovan Express,CRD,MUMBAI CURREY ROAD,06:18:00,06:18:00,1,84098
12907,Maharashtra Sampark Kranti Express,JOS,JOGESHWARI,17:05:00,17:05:00,1,218847
12903,Golden Temple Mail,MRU,MUMBAI MATUNGA ROAD,21:34:00,21:34:00,1,223818
12951,Mumbai Central-New Delhi Rajdhani Express,MRU,MUMBAI MATUNGA ROAD,16:45:00,16:45:00,1,269395
51027,MumbaiCST-Pandharpur Fast Passenger,CRD,MUMBAI CURREY ROAD,23:03:00,23:03:00,1,13183
12927,Mumbai Central -Vadodara Express,MRU,MUMBAI MATUNGA ROAD,23:48:00,23:48:00,1,212339
12933,Karnavati Express,MRU,MUMBAI MATUNGA ROAD,13:48:00,13:48:00,1,307221
19017,Saurashtra Janata Express,JOS,JOGESHWARI,17:54:00,17:54:00,1,123868
16529,Udyan Express,CRD,MUMBAI CURREY ROAD,08:13:00,08:13:00,1,38775
12139,Sevagram Express,CRD,MUMBAI CURREY ROAD,15:05:00,15:05:00,1,51409
17057-Slip,Mumbai -Daund Devagiri Express Slip,CRD,MUMBAI CURREY ROAD,21:13:00,21:13:00,1,179665
11027,Mumbai CST-Chennai Mail,CRD,MUMBAI CURREY ROAD,23:50:00,23:50:00,1,134168
12921,Flying Rani Express,MRU,MUMBAI MATUNGA ROAD,18:04:00,18:04:00,1,47961
51153,Mumbai Bhusaval Passenger,CRD,MUMBAI CURREY ROAD,05:25:00,05:25:00,1,13937
12909,Bandra Terminus- Hazrat Nizamuddin Garib Rath,JOS,JOGESHWARI,17:08:00,17:08:00,1,231799
19019,Bandra T - Dehradun Express,JOS,JOGESHWARI,23:57:00,23:57:00,1,62811
11007,Deccan Express,PR,MUMBAI PAREL,07:21:00,07:21:00,1,267296
12701,Hussain Sagar Express,PR,MUMBAI PAREL,21:58:00,21:58:00,1,150354
12009,Mumbai-Ahmedabad Shatabdi Express,MM,MUMBAI MAHIM JN,06:34:00,06:34:00,1,396183
12859,MUMBAI CST - HOWRAH Gitanjali Exp,PR,MUMBAI PAREL,06:11:00,06:11:00,1,496063
12480,MUMBAI BANDRA - JODHPUR Suryanagari SF Exp,GMN,GOREGAON,13:47:00,13:47:00,1,473797
12111,Mumbai CST-Amaravati SF Express,PR,MUMBAI PAREL,20:12:00,20:12:00,1,218555
12869,MUMBAI CST - HOWRAH SF Exp,PR,MUMBAI PAREL,11:16:00,11:16:00,1,494082
16339,MUMBAI CST - NAGERCOIL Exp,PR,MUMBAI PAREL,12:16:00,12:16:00,1,547032
12239,Mumbai Central Jaipur AC Duronto Express,MM,MUMBAI MAHIM JN,23:21:00,23:21:00,1,266763
17057,Mumbai-Secunderabad Devagiri Expres,PR,MUMBAI PAREL,21:16:00,21:16:00,1,250059
16331,MUMBAI CST - TRIVANDRUM Exp,PR,MUMBAI PAREL,12:16:00,12:16:00,1,551012
11027,Mumbai CST-Chennai Mail,PR,MUMBAI PAREL,23:52:00,23:52:00,1,134169
51029,Bijapur Fast Passenger,PR,MUMBAI PAREL,23:06:00,23:06:00,1,13348
12109,Panchavati Express,PR,MUMBAI PAREL,18:25:00,18:25:00,1,266694
17617,Tapovan Express,PR,MUMBAI PAREL,06:21:00,06:21:00,1,84099
19019,Bandra T - Dehradun Express,GMN,GOREGAON,00:03:00,00:03:00,2,62812
51033,Mumbai Sainagar Shirdi Fast Pass(Via Daund),PR,MUMBAI PAREL,23:06:00,23:06:00,1,13550
51153,Mumbai Bhusaval Passenger,PR,MUMBAI PAREL,05:27:00,05:27:00,1,13938
10111,MUMBAI CST - MADGAON Konkan Knaya Exp,PR,MUMBAI PAREL,23:16:00,23:16:00,1,489856
12995,Bandra-Udaipur SF Express,GMN,GOREGAON,16:09:00,16:09:00,1,68481
12907,Maharashtra Sampark Kranti Express,GMN,GOREGAON,17:10:00,17:10:00,1,218848
12903,Golden Temple Mail,MM,MUMBAI MAHIM JN,21:35:00,21:35:00,1,223819
12216,Mumbai Bandra T. - Delhi Sarai Rohilla Garib Rath,GMN,GOREGAON,13:11:00,13:11:00,1,76122
12953,MumbaiCentral-H Nizamuddin August Kranti Rajdhani Express,MM,MUMBAI MAHIM JN,17:50:00,17:50:00,1,66409
12362,MUMBAI CST - ASANSOL SF Exp,PR,MUMBAI PAREL,11:16:00,11:16:00,1,521241
12322,MUMBAI CST - HOWRAH Mail (via Allahabad),PR,MUMBAI PAREL,21:36:00,21:36:00,1,553768
11029,Koyna Express,PR,MUMBAI PAREL,08:51:00,08:51:00,1,22367
11093,MUMBAI CST - VARANASI Mahanagari Exp,PR,MUMBAI PAREL,00:21:00,00:21:00,1,534033
12127,MumbaiCST-Pune SF InterCity,PR,MUMBAI PAREL,06:54:00,06:54:00,1,112671
17031,Mumbai CST-Hyderabad Express,PR,MUMBAI PAREL,12:56:00,12:56:00,1,102507
12955,Mumbai-Jaipur SF Express,MM,MUMBAI MAHIM JN,19:01:00,19:01:00,1,100802
12289,Mumbai CSTM-Nagpur Duronto Express,PR,MUMBAI PAREL,20:21:00,20:21:00,1,26443
04728,Mumbai BandraT-Bikaner SF Special,GMN,GOREGAON,14:54:00,14:54:00,1,3964
19017,Saurashtra Janata Express,GMN,GOREGAON,18:01:00,18:01:00,1,123869
12115,Siddheshwar Express,PR,MUMBAI PAREL,22:51:00,22:51:00,1,112583
12959,MUMBAI DADAR - BHUJ SF Exp,STC,SANTA CRUZ,00:05:00,00:05:00,2,471658
12527,Mumbai CST-Latur Superfast Express.,PR,MUMBAI PAREL,21:11:00,21:11:00,1,264229
12961,Avantika Express,MM,MUMBAI MAHIM JN,19:15:00,19:15:00,1,146977
12105,Vidarbha Express,PR,MUMBAI PAREL,19:21:00,19:21:00,1,222020
11041,Mumbai - Chennai Express,PR,MUMBAI PAREL,14:10:00,14:10:00,1,54107
51027,MumbaiCST-Pandharpur Fast Passenger,PR,MUMBAI PAREL,23:06:00,23:06:00,1,13184
12071,Mumbai Aurangabad Jan Shatabdi,PR,MUMBAI PAREL,13:57:00,13:57:00,1,236162
12123,Deccan Queen SF Express,PR,MUMBAI PAREL,17:16:00,17:16:00,1,135369
12125,Pragati Superfast Express,PR,MUMBAI PAREL,16:35:00,16:35:00,1,253171
12133,MUMBAI CST - MANGALORE Exp,PR,MUMBAI PAREL,22:21:00,22:21:00,1,480507
10103,MUMBAI CST - MADGAON Mandovi Exp,PR,MUMBAI PAREL,07:05:00,07:05:00,1,490006
12809,MUMBAI CST - HOWRAH SF Mail (via NAGPUR),PR,MUMBAI PAREL,20:46:00,20:46:00,1,494682
17057-Slip,Mumbai -Daund Devagiri Express Slip,PR,MUMBAI PAREL,21:16:00,21:16:00,1,179666
16351,MUMBAI CST - NAGERCOIL Balaji Exp,PR,MUMBAI PAREL,12:16:00,12:16:00,1,531010
16529,Udyan Express,PR,MUMBAI PAREL,08:16:00,08:16:00,1,38776
12471,Mumbai Bandra (T.) - Jammu Tawi SF Swaraj Express,GMN,GOREGAON,08:14:00,08:14:00,1,48837
12139,Sevagram Express,PR,MUMBAI PAREL,15:07:00,15:07:00,1,51410
12139-Slip,Sewagram Express Slip,PR,MUMBAI PAREL,15:07:00,15:07:00,1,357445
12927,Mumbai Central -Vadodara Express,MM,MUMBAI MAHIM JN,23:50:00,23:50:00,1,212340
12921,Flying Rani Express,MM,MUMBAI MAHIM JN,18:06:00,18:06:00,1,47962
12951,Mumbai Central-New Delhi Rajdhani Express,MM,MUMBAI MAHIM JN,16:46:00,16:46:00,1,269396
11011,Mahalaxmi Express,PR,MUMBAI PAREL,20:32:00,20:32:00,1,343627
09021,BANDRA TERMINUS - JAMMU TAWI AC Suvidha Special (Starts 4 April),GMN,GOREGAON,17:13:00,17:13:00,1,430072
12534,Pushpak Express,PR,MUMBAI PAREL,08:27:00,08:27:00,1,363593
15102,Mumbai CST Chhapra Jansadharan Express,PR,MUMBAI PAREL,15:47:00,15:47:00,1,365604
12490,Dadar - Bikaner Express,STC,SANTA CRUZ,14:44:00,14:44:00,1,129884
11009,Sinhagad Express,PR,MUMBAI PAREL,14:41:00,14:41:00,1,269952
12933,Karnavati Express,MM,MUMBAI MAHIM JN,13:50:00,13:50:00,1,307222
12267,Mumbai Central-Ahmedabad AC Duronto Express,MM,MUMBAI MAHIM JN,23:32:00,23:32:00,1,279039
09561,Bandra Terminus Okha Weekly Special,GMN,GOREGAON,00:17:00,00:17:00,2,9885
12188,Mumbai-Jabalpur Garib Rath Express,PR,MUMBAI PAREL,13:41:00,13:41:00,1,151038
11023,Sahyadri Express,PR,MUMBAI PAREL,18:00:00,18:00:00,1,333913
11019,Konark Express,PR,MUMBAI PAREL,15:21:00,15:21:00,1,323095
16381,Mumbai CST - Kanyakumari Express,PR,MUMBAI PAREL,15:56:00,15:56:00,1,307347
12989,Dadar Ajmer Superfast Express,STC,SANTA CRUZ,14:44:00,14:44:00,1,334008
12909,Bandra Terminus- Hazrat Nizamuddin Garib Rath,GMN,GOREGAON,17:13:00,17:13:00,1,231800
12525,Indrayani SF Express,PR,MUMBAI PAREL,05:49:00,05:49:00,1,203086
12995-Slip,Bandra-Udaipur SF Express Slip,GMN,GOREGAON,16:09:00,16:09:00,1,183029
12261,MUMBAI CST - HOWRAH AC Duronto Exp,PR,MUMBAI PAREL,17:21:00,17:21:00,1,462390
12137,Punjab Mail,PR,MUMBAI PAREL,19:51:00,19:51:00,1,314064
09001,Mumbai Central - Ahmedabad SF Special,MM,MUMBAI MAHIM JN,23:00:00,23:00:00,1,253825
11401,Nandigram Express,PR,MUMBAI PAREL,16:46:00,16:46:00,1,141415
12227,Mumbai Central- Indore Duronto Express,MM,MUMBAI MAHIM JN,23:22:00,23:22:00,1,371925
12227,Mumbai Central- Indore Duronto Express,BA,BANDRA,23:24:00,23:24:00,1,371926
09021,BANDRA TERMINUS - JAMMU TAWI AC Suvidha Special (Starts 4 April),MDD,MALAD,17:16:00,17:16:00,1,430073
12927,Mumbai Central -Vadodara Express,BA,BANDRA,23:52:00,23:52:00,1,212341
12933,Karnavati Express,BA,BANDRA,13:52:00,13:52:00,1,307223
12289,Mumbai CSTM-Nagpur Duronto Express,DR,MUMBAI DADAR CENTRAL,20:22:00,20:22:00,1,26444
12995-Slip,Bandra-Udaipur SF Express Slip,MDD,MALAD,16:15:00,16:15:00,1,183030
12921,Flying Rani Express,BA,BANDRA,18:08:00,18:08:00,1,47963
12961,Avantika Express,BA,BANDRA,19:17:00,19:17:00,1,146978
12909,Bandra Terminus- Hazrat Nizamuddin Garib Rath,MDD,MALAD,17:16:00,17:16:00,1,231801
12123,Deccan Queen SF Express,DR,MUMBAI DADAR CENTRAL,17:17:00,17:17:00,1,135370
09561,Bandra Terminus Okha Weekly Special,MDD,MALAD,00:22:00,00:22:00,2,9886
14708,MUMBAI BANDRA - BIKANER Ranakpur Exp,GMN,GOREGAON,15:18:00,15:18:00,1,531912
12959,MUMBAI DADAR - BHUJ SF Exp,VLP,VILE PARLE,00:07:00,00:07:00,2,471659
12903,Golden Temple Mail,BA,BANDRA,21:38:00,21:38:00,1,223820
19065,MUMBAI BANDRA - BHAGAT KI KOTHI Exp,GMN,GOREGAON,23:47:00,23:47:00,1,451671
12009,Mumbai-Ahmedabad Shatabdi Express,BA,BANDRA,06:36:00,06:36:00,1,396184
12907,Maharashtra Sampark Kranti Express,MDD,MALAD,17:14:00,17:14:00,1,218849
12490,Dadar - Bikaner Express,VLP,VILE PARLE,14:46:00,14:46:00,1,129885
19017,Saurashtra Janata Express,MDD,MALAD,18:07:00,18:07:00,1,123870
12480,MUMBAI BANDRA - JODHPUR Suryanagari SF Exp,MDD,MALAD,13:51:00,13:51:00,1,473798
09001,Mumbai Central - Ahmedabad SF Special,BA,BANDRA,23:03:00,23:03:00,1,253826
12995,Bandra-Udaipur SF Express,MDD,MALAD,16:14:00,16:14:00,1,68482
19019,Bandra T - Dehradun Express,MDD,MALAD,00:08:00,00:08:00,2,62813
12216,Mumbai Bandra T. - Delhi Sarai Rohilla Garib Rath,MDD,MALAD,13:14:00,13:14:00,1,76123
12953,MumbaiCentral-H Nizamuddin August Kranti Rajdhani Express,BA,BANDRA,17:52:00,17:52:00,1,66410
12261,MUMBAI CST - HOWRAH AC Duronto Exp,DR,MUMBAI DADAR CENTRAL,17:22:00,17:22:00,1,462391
12701,Hussain Sagar Express,DR,MUMBAI DADAR CENTRAL,21:59:00,21:59:00,1,150355
12955,Mumbai-Jaipur SF Express,BA,BANDRA,19:03:00,19:03:00,1,100803
12239,Mumbai Central Jaipur AC Duronto Express,BA,BANDRA,23:23:00,23:23:00,1,266764
04728,Mumbai BandraT-Bikaner SF Special,MDD,MALAD,14:58:00,14:58:00,1,3965
12534,Pushpak Express,DR,MUMBAI DADAR CENTRAL,08:28:00,08:28:00,1,363594
15102,Mumbai CST Chhapra Jansadharan Express,DR,MUMBAI DADAR CENTRAL,15:49:00,15:49:00,1,365605
12471,Mumbai Bandra (T.) - Jammu Tawi SF Swaraj Express,MDD,MALAD,08:18:00,08:18:00,1,48838
12951,Mumbai Central-New Delhi Rajdhani Express,BA,BANDRA,16:47:00,16:47:00,1,269397
19049,MUMBAI BANDRA T - PATNA Exp,GMN,GOREGAON,16:09:00,16:09:00,1,500422
12133,MUMBAI CST - MANGALORE Exp,DR,MUMBAI DADAR CENTRAL,22:22:00,22:22:00,1,480508
19131,MUMBAI BANDRA - BHUJ Kutch Exp,GMN,GOREGAON,17:31:00,17:31:00,1,486555
19115,MUMBAI BANDRA - BHUJ Sayaji Nagari Exp,GMN,GOREGAON,15:07:00,15:07:00,1,486266
12267,Mumbai Central-Ahmedabad AC Duronto Express,BA,BANDRA,23:33:00,23:33:00,1,279040
12989,Dadar Ajmer Superfast Express,VLP,VILE PARLE,14:46:00,14:46:00,1,334009
12336,MUMBAI LTT - BHAGALPUR SF Exp,TNA,THANE,08:18:00,08:18:00,1,541412
19049,MUMBAI BANDRA T - PATNA Exp,MDD,MALAD,16:15:00,16:15:00,1,500423
18610,MUMBAI LTT - RANCHI Exp,TNA,THANE,16:08:00,16:08:00,1,535986
12101,MUMBAI LTT - HOWRAH Janeswari Super Deluxe Exp,TNA,THANE,20:53:00,20:53:00,1,496664
15647,MUMBAI LTT - GUWAHATI Exp,TNA,THANE,08:18:00,08:18:00,1,506029
09001,Mumbai Central - Ahmedabad SF Special,BDTS,MUMBAI BANDRA TERMINUS,23:04:00,23:04:00,1,253827
19115,MUMBAI BANDRA - BHUJ Sayaji Nagari Exp,MDD,MALAD,15:11:00,15:11:00,1,486267
12239,Mumbai Central Jaipur AC Duronto Express,BDTS,MUMBAI BANDRA TERMINUS,23:23:00,23:23:00,1,266765
19131,MUMBAI BANDRA - BHUJ Kutch Exp,MDD,MALAD,17:36:00,17:36:00,1,486556
12909,Bandra Terminus- Hazrat Nizamuddin Garib Rath,KILE,KANDIVLI,17:20:00,17:20:00,1,231802
12216,Mumbai Bandra T. - Delhi Sarai Rohilla Garib Rath,KILE,KANDIVLI,13:17:00,13:17:00,1,76124
12227,Mumbai Central- Indore Duronto Express,BDTS,MUMBAI BANDRA TERMINUS,23:25:00,23:25:00,1,371927
12995-Slip,Bandra-Udaipur SF Express Slip,KILE,KANDIVLI,16:19:00,16:19:00,1,183031
12171,Mumbai LTT -Haridwar AC Express,TNA,THANE,08:09:00,08:09:00,1,262919
12123,Deccan Queen SF Express,MTN,MUMBAI MATUNGA,17:18:00,17:18:00,1,135371
12959,MUMBAI DADAR - BHUJ SF Exp,ADH,ANDHERI,00:10:00,00:10:00,2,471660
12563,Mumbai LTT - Faizabad SF Express,TNA,THANE,14:45:00,14:45:00,1,127060
12009,Mumbai-Ahmedabad Shatabdi Express,BDTS,MUMBAI BANDRA TERMINUS,06:37:00,06:37:00,1,396185
01101,Mumbai LTT - Gwalior (Weekly) Special,TNA,THANE,16:08:00,16:08:00,1,373824
12907,Maharashtra Sampark Kranti Express,KILE,KANDIVLI,17:18:00,17:18:00,1,218850
12143,LTT Sultanpur Superfast Weekly Express,TNA,THANE,17:02:00,17:02:00,1,296442
19065,MUMBAI BANDRA - BHAGAT KI KOTHI Exp,MDD,MALAD,23:52:00,23:52:00,1,451672
12219,Lokmanya Tilak (T)-Secunderabad AC Duronto Express,TNA,THANE,23:21:00,23:21:00,1,380223
12223,MUM LTT - ERNAKULAM AC Duronto,TNA,THANE,21:03:00,21:03:00,1,458557
12811,MUMBAI - HATIA LTT SF Exp,TNA,THANE,00:33:00,00:33:00,1,414382
12145,MUMBAI LTT - PURI SF Exp,TNA,THANE,20:52:00,20:52:00,1,410162
12951,Mumbai Central-New Delhi Rajdhani Express,BDTS,MUMBAI BANDRA TERMINUS,16:47:00,16:47:00,1,269398
12879,MUMBAI LTT - BHUBANESWAR SF Exp,TNA,THANE,00:32:00,00:32:00,1,413888
15102,Mumbai CST Chhapra Jansadharan Express,MTN,MUMBAI MATUNGA,15:51:00,15:51:00,1,365606
12750,Mumbai LTT-Visakhapatnam SF Express,TNA,THANE,12:43:00,12:43:00,1,300489
12534,Pushpak Express,MTN,MUMBAI MATUNGA,08:29:00,08:29:00,1,363595
12267,Mumbai Central-Ahmedabad AC Duronto Express,BDTS,MUMBAI BANDRA TERMINUS,23:34:00,23:34:00,1,279041
12471,Mumbai Bandra (T.) - Jammu Tawi SF Swaraj Express,KILE,KANDIVLI,08:21:00,08:21:00,1,48839
19017,Saurashtra Janata Express,KILE,KANDIVLI,18:12:00,18:12:00,1,123871
12546,MUMBAI LTT - RAXAUL Karmabhoomi Exp,TNA,THANE,11:36:00,11:36:00,1,516361
12261,MUMBAI CST - HOWRAH AC Duronto Exp,MTN,MUMBAI MATUNGA,17:23:00,17:23:00,1,462392
04728,Mumbai BandraT-Bikaner SF Special,KILE,KANDIVLI,15:01:00,15:01:00,1,3966
12151,MUMBAI LTT - HOWRAH Samarsata SF Exp,TNA,THANE,20:53:00,20:53:00,1,520305
15645,MUMBAI LTT - GUWAHATI Exp,TNA,THANE,08:18:00,08:18:00,1,511147
09021,BANDRA TERMINUS - JAMMU TAWI AC Suvidha Special (Starts 4 April),KILE,KANDIVLI,17:19:00,17:19:00,1,430074
12133,MUMBAI CST - MANGALORE Exp,MTN,MUMBAI MATUNGA,22:23:00,22:23:00,1,480509
12167,MUMBAI LTT - VARANASI SF Exp,TNA,THANE,00:59:00,00:59:00,1,508284
05649,Mumbai LTT - Kamakhya (Weekly) Special,TNA,THANE,16:07:00,16:07:00,1,3144
12989,Dadar Ajmer Superfast Express,ADH,ANDHERI,14:49:00,14:49:00,1,334010
09561,Bandra Terminus Okha Weekly Special,KILE,KANDIVLI,00:26:00,00:26:00,2,9887
12921,Flying Rani Express,BDTS,MUMBAI BANDRA TERMINUS,18:09:00,18:09:00,1,47964
12933,Karnavati Express,BDTS,MUMBAI BANDRA TERMINUS,13:53:00,13:53:00,1,307224
12289,Mumbai CSTM-Nagpur Duronto Express,MTN,MUMBAI MATUNGA,20:23:00,20:23:00,1,26445
14708,MUMBAI BANDRA - BIKANER Ranakpur Exp,MDD,MALAD,15:22:00,15:22:00,1,531913
15611,Lokmanya Tilak (T)-Kamakhya Karmabhoomi Express,TNA,THANE,11:43:00,11:43:00,1,193767
12927,Mumbai Central -Vadodara Express,BDTS,MUMBAI BANDRA TERMINUS,23:53:00,23:53:00,1,212342
14313,MUMBAI LTT - BAREILLY Weekly Exp,TNA,THANE,08:18:00,08:18:00,1,432049
12542,Mumbai LTT-Gorakhpur SF Express,TNA,THANE,11:30:00,11:30:00,1,194846
15268,MUMBAI LTT - RAXAUL Jan Sadharan Exp,TNA,THANE,16:08:00,16:08:00,1,517709
13202,MUMBAI LTT - RAJENDRA NAGAR PATNA Janta Exp,TNA,THANE,22:30:00,22:30:00,1,559125
12480,MUMBAI BANDRA - JODHPUR Suryanagari SF Exp,KILE,KANDIVLI,13:54:00,13:54:00,1,473799
12903,Golden Temple Mail,BDTS,MUMBAI BANDRA TERMINUS,21:39:00,21:39:00,1,223821
04116,Mumbai LTT-Allahabad Special,TNA,THANE,16:07:00,16:07:00,1,69597
12995,Bandra-Udaipur SF Express,KILE,KANDIVLI,16:19:00,16:19:00,1,68483
19019,Bandra T - Dehradun Express,KILE,KANDIVLI,00:12:00,00:12:00,2,62814
12953,MumbaiCentral-H Nizamuddin August Kranti Rajdhani Express,BDTS,MUMBAI BANDRA TERMINUS,17:53:00,17:53:00,1,66411
12955,Mumbai-Jaipur SF Express,BDTS,MUMBAI BANDRA TERMINUS,19:04:00,19:04:00,1,100804
12961,Avantika Express,BDTS,MUMBAI BANDRA TERMINUS,19:18:00,19:18:00,1,146979
12701,Hussain Sagar Express,MTN,MUMBAI MATUNGA,22:00:00,22:00:00,1,150356
12490,Dadar - Bikaner Express,ADH,ANDHERI,14:49:00,14:49:00,1,129886
12701,Hussain Sagar Express,SIN,MUMBAI SION,22:03:00,22:03:00,1,150357
12959,MUMBAI DADAR - BHUJ SF Exp,JOS,JOGESHWARI,00:13:00,00:13:00,2,471661
12951,Mumbai Central-New Delhi Rajdhani Express,KHAR,KHAR,16:48:00,16:48:00,1,269399
12961,Avantika Express,KHAR,KHAR,19:19:00,19:19:00,1,146980
12933,Karnavati Express,KHAR,KHAR,13:54:00,13:54:00,1,307225
12490,Dadar - Bikaner Express,JOS,JOGESHWARI,14:51:00,14:51:00,1,129887
12903,Golden Temple Mail,KHAR,KHAR,21:40:00,21:40:00,1,223822
09001,Mumbai Central - Ahmedabad SF Special,KHAR,KHAR,23:05:00,23:05:00,1,253828
12927,Mumbai Central -Vadodara Express,KHAR,KHAR,23:53:00,23:53:00,1,212343
12239,Mumbai Central Jaipur AC Duronto Express,KHAR,KHAR,23:24:00,23:24:00,1,266766
19049,MUMBAI BANDRA T - PATNA Exp,KILE,KANDIVLI,16:19:00,16:19:00,1,500424
19115,MUMBAI BANDRA - BHUJ Sayaji Nagari Exp,KILE,KANDIVLI,15:14:00,15:14:00,1,486268
12989,Dadar Ajmer Superfast Express,JOS,JOGESHWARI,14:51:00,14:51:00,1,334011
19131,MUMBAI BANDRA - BHUJ Kutch Exp,KILE,KANDIVLI,17:40:00,17:40:00,1,486557
12133,MUMBAI CST - MANGALORE Exp,SIN,MUMBAI SION,22:26:00,22:26:00,1,480510
12267,Mumbai Central-Ahmedabad AC Duronto Express,KHAR,KHAR,23:35:00,23:35:00,1,279042
12227,Mumbai Central- Indore Duronto Express,KHAR,KHAR,23:25:00,23:25:00,1,371928
14708,MUMBAI BANDRA - BIKANER Ranakpur Exp,KILE,KANDIVLI,15:25:00,15:25:00,1,531914
12289,Mumbai CSTM-Nagpur Duronto Express,SIN,MUMBAI SION,20:25:00,20:25:00,1,26446
12921,Flying Rani Express,KHAR,KHAR,18:10:00,18:10:00,1,47965
12261,MUMBAI CST - HOWRAH AC Duronto Exp,SIN,MUMBAI SION,17:25:00,17:25:00,1,462393
12953,MumbaiCentral-H Nizamuddin August Kranti Rajdhani Express,KHAR,KHAR,17:54:00,17:54:00,1,66412
12534,Pushpak Express,SIN,MUMBAI SION,08:32:00,08:32:00,1,363596
12955,Mumbai-Jaipur SF Express,KHAR,KHAR,19:05:00,19:05:00,1,100805
15102,Mumbai CST Chhapra Jansadharan Express,SIN,MUMBAI SION,15:55:00,15:55:00,1,365607
12009,Mumbai-Ahmedabad Shatabdi Express,KHAR,KHAR,06:38:00,06:38:00,1,396186
12123,Deccan Queen SF Express,SIN,MUMBAI SION,17:21:00,17:21:00,1,135372
19065,MUMBAI BANDRA - BHAGAT KI KOTHI Exp,KILE,KANDIVLI,23:56:00,23:56:00,1,451673
12239,Mumbai Central Jaipur AC Duronto Express,STC,SANTA CRUZ,23:25:00,23:25:00,1,266767
12267,Mumbai Central-Ahmedabad AC Duronto Express,STC,SANTA CRUZ,23:36:00,23:36:00,1,279043
12933,Karnavati Express,STC,SANTA CRUZ,13:56:00,13:56:00,1,307226
09001,Mumbai Central - Ahmedabad SF Special,STC,SANTA CRUZ,23:06:00,23:06:00,1,253829
12927,Mumbai Central -Vadodara Express,STC,SANTA CRUZ,23:55:00,23:55:00,1,212344
12227,Mumbai Central- Indore Duronto Express,STC,SANTA CRUZ,23:27:00,23:27:00,1,371929
12490,Dadar - Bikaner Express,GMN,GOREGAON,14:55:00,14:55:00,1,129888
12961,Avantika Express,STC,SANTA CRUZ,19:21:00,19:21:00,1,146981
12903,Golden Temple Mail,STC,SANTA CRUZ,21:41:00,21:41:00,1,223823
12989,Dadar Ajmer Superfast Express,GMN,GOREGAON,14:55:00,14:55:00,1,334012
12951,Mumbai Central-New Delhi Rajdhani Express,STC,SANTA CRUZ,16:49:00,16:49:00,1,269400
12953,MumbaiCentral-H Nizamuddin August Kranti Rajdhani Express,STC,SANTA CRUZ,17:55:00,17:55:00,1,66413
12955,Mumbai-Jaipur SF Express,STC,SANTA CRUZ,19:07:00,19:07:00,1,100806
12921,Flying Rani Express,STC,SANTA CRUZ,18:12:00,18:12:00,1,47966
12009,Mumbai-Ahmedabad Shatabdi Express,STC,SANTA CRUZ,06:39:00,06:39:00,1,396187
12953,MumbaiCentral-H Nizamuddin August Kranti Rajdhani Express,VLP,VILE PARLE,17:58:00,17:58:00,1,66414
12163,DADAR - CHENNAI EGMORE SF Exp,TNA,THANE,20:52:00,20:52:00,1,404978
09001,Mumbai Central - Ahmedabad SF Special,VLP,VILE PARLE,23:09:00,23:09:00,1,253830
12239,Mumbai Central Jaipur AC Duronto Express,VLP,VILE PARLE,23:27:00,23:27:00,1,266768
12955,Mumbai-Jaipur SF Express,VLP,VILE PARLE,19:09:00,19:09:00,1,100807
12289,Mumbai CSTM-Nagpur Duronto Express,LTT,LOKMANYA TILAK TERM,20:28:00,20:28:00,1,26448
12959,MUMBAI DADAR - BHUJ SF Exp,GMN,GOREGAON,00:17:00,00:17:00,2,471663
12903,Golden Temple Mail,VLP,VILE PARLE,21:44:00,21:44:00,1,223824
12227,Mumbai Central- Indore Duronto Express,VLP,VILE PARLE,23:28:00,23:28:00,1,371930
12927,Mumbai Central -Vadodara Express,VLP,VILE PARLE,23:57:00,23:57:00,1,212345
12933,Karnavati Express,VLP,VILE PARLE,13:58:00,13:58:00,1,307227
12989,Dadar Ajmer Superfast Express,MDD,MALAD,14:58:00,14:58:00,1,334013
12961,Avantika Express,VLP,VILE PARLE,19:23:00,19:23:00,1,146982
12701,Hussain Sagar Express,LTT,LOKMANYA TILAK TERM,22:06:00,22:06:00,1,150359
12490,Dadar - Bikaner Express,MDD,MALAD,14:58:00,14:58:00,1,129889
12123,Deccan Queen SF Express,LTT,LOKMANYA TILAK TERM,17:24:00,17:24:00,1,135374
12009,Mumbai-Ahmedabad Shatabdi Express,VLP,VILE PARLE,06:41:00,06:41:00,1,396188
12267,Mumbai Central-Ahmedabad AC Duronto Express,VLP,VILE PARLE,23:37:00,23:37:00,1,279044
12534,Pushpak Express,LTT,LOKMANYA TILAK TERM,08:35:00,08:35:00,1,363598
15102,Mumbai CST Chhapra Jansadharan Express,LTT,LOKMANYA TILAK TERM,16:01:00,16:01:00,1,365609
12921,Flying Rani Express,VLP,VILE PARLE,18:14:00,18:14:00,1,47967
12223,MUM LTT - ERNAKULAM AC Duronto,DTVL,DATIVLI,21:10:00,21:10:00,1,458560
12951,Mumbai Central-New Delhi Rajdhani Express,VLP,VILE PARLE,16:50:00,16:50:00,1,269401
11035,Dadar-Mysore Sharavati Express,TNA,THANE,21:53:00,21:53:00,1,73692
12903,Golden Temple Mail,ADH,ANDHERI,21:46:00,21:46:00,1,223825
09001,Mumbai Central - Ahmedabad SF Special,ADH,ANDHERI,23:11:00,23:11:00,1,253831
12951,Mumbai Central-New Delhi Rajdhani Express,ADH,ANDHERI,16:52:00,16:52:00,1,269402
12239,Mumbai Central Jaipur AC Duronto Express,ADH,ANDHERI,23:28:00,23:28:00,1,266769
12227,Mumbai Central- Indore Duronto Express,ADH,ANDHERI,23:30:00,23:30:00,1,371931
12955,Mumbai-Jaipur SF Express,ADH,ANDHERI,19:12:00,19:12:00,1,100808
12959,MUMBAI DADAR - BHUJ SF Exp,MDD,MALAD,00:20:00,00:20:00,2,471664
12490,Dadar - Bikaner Express,KILE,KANDIVLI,15:01:00,15:01:00,1,129890
12933,Karnavati Express,ADH,ANDHERI,14:00:00,14:00:00,1,307228
12961,Avantika Express,ADH,ANDHERI,19:26:00,19:26:00,1,146983
12989,Dadar Ajmer Superfast Express,KILE,KANDIVLI,15:01:00,15:01:00,1,334014
12927,Mumbai Central -Vadodara Express,ADH,ANDHERI,00:00:00,00:00:00,2,212346
11017,Chalukya Express,TNA,THANE,21:53:00,21:53:00,1,193041
12009,Mumbai-Ahmedabad Shatabdi Express,ADH,ANDHERI,06:43:00,06:43:00,1,396189
12267,Mumbai Central-Ahmedabad AC Duronto Express,ADH,ANDHERI,23:39:00,23:39:00,1,279045
09001,Mumbai Central - Ahmedabad SF Special,JOS,JOGESHWARI,23:14:00,23:14:00,1,253832
12951,Mumbai Central-New Delhi Rajdhani Express,JOS,JOGESHWARI,16:53:00,16:53:00,1,269403
12239,Mumbai Central Jaipur AC Duronto Express,JOS,JOGESHWARI,23:30:00,23:30:00,1,266770
12903,Golden Temple Mail,JOS,JOGESHWARI,21:49:00,21:49:00,1,223826
12961,Avantika Express,JOS,JOGESHWARI,19:28:00,19:28:00,1,146984
12223,MUM LTT - ERNAKULAM AC Duronto,TPND,TALOJA PANCHAND,21:20:00,21:20:00,1,458562
12267,Mumbai Central-Ahmedabad AC Duronto Express,JOS,JOGESHWARI,23:41:00,23:41:00,1,279046
12009,Mumbai-Ahmedabad Shatabdi Express,JOS,JOGESHWARI,06:46:00,06:46:00,1,396190
12959,MUMBAI DADAR - BHUJ SF Exp,KILE,KANDIVLI,00:23:00,00:23:00,2,471665
12227,Mumbai Central- Indore Duronto Express,JOS,JOGESHWARI,23:32:00,23:32:00,1,371932
12933,Karnavati Express,JOS,JOGESHWARI,14:03:00,14:03:00,1,307229
12955,Mumbai-Jaipur SF Express,JOS,JOGESHWARI,19:15:00,19:15:00,1,100809
12927,Mumbai Central -Vadodara Express,JOS,JOGESHWARI,00:02:00,00:02:00,2,212347
12933,Karnavati Express,GMN,GOREGAON,14:06:00,14:06:00,1,307230
12927,Mumbai Central -Vadodara Express,GMN,GOREGAON,00:06:00,00:06:00,2,212348
12951,Mumbai Central-New Delhi Rajdhani Express,GMN,GOREGAON,16:55:00,16:55:00,1,269404
12961,Avantika Express,GMN,GOREGAON,19:32:00,19:32:00,1,146985
12227,Mumbai Central- Indore Duronto Express,GMN,GOREGAON,23:35:00,23:35:00,1,371933
09001,Mumbai Central - Ahmedabad SF Special,GMN,GOREGAON,23:18:00,23:18:00,1,253833
12239,Mumbai Central Jaipur AC Duronto Express,GMN,GOREGAON,23:32:00,23:32:00,1,266771
12267,Mumbai Central-Ahmedabad AC Duronto Express,GMN,GOREGAON,23:43:00,23:43:00,1,279047
12903,Golden Temple Mail,GMN,GOREGAON,21:53:00,21:53:00,1,223827
12009,Mumbai-Ahmedabad Shatabdi Express,GMN,GOREGAON,06:49:00,06:49:00,1,396191
12955,Mumbai-Jaipur SF Express,GMN,GOREGAON,19:19:00,19:19:00,1,100810
12542,Mumbai LTT-Gorakhpur SF Express,KYN,KALYAN JN,11:55:00,11:55:00,1,194853
09001,Mumbai Central - Ahmedabad SF Special,MDD,MALAD,23:21:00,23:21:00,1,253834
12239,Mumbai Central Jaipur AC Duronto Express,MDD,MALAD,23:34:00,23:34:00,1,266772
12951,Mumbai Central-New Delhi Rajdhani Express,MDD,MALAD,16:57:00,16:57:00,1,269405
12227,Mumbai Central- Indore Duronto Express,MDD,MALAD,23:37:00,23:37:00,1,371934
12009,Mumbai-Ahmedabad Shatabdi Express,MDD,MALAD,06:52:00,06:52:00,1,396192
12955,Mumbai-Jaipur SF Express,MDD,MALAD,19:22:00,19:22:00,1,100811
12143,LTT Sultanpur Superfast Weekly Express,KYN,KALYAN JN,17:29:00,17:29:00,1,296449
12903,Golden Temple Mail,MDD,MALAD,21:56:00,21:56:00,1,223828
12219,Lokmanya Tilak (T)-Secunderabad AC Duronto Express,KYN,KALYAN JN,23:40:00,23:40:00,1,380230
12933,Karnavati Express,MDD,MALAD,14:09:00,14:09:00,1,307231
12927,Mumbai Central -Vadodara Express,MDD,MALAD,00:08:00,00:08:00,2,212349
12750,Mumbai LTT-Visakhapatnam SF Express,KYN,KALYAN JN,13:04:00,13:04:00,1,300496
12961,Avantika Express,MDD,MALAD,19:35:00,19:35:00,1,146986
12223,MUM LTT - ERNAKULAM AC Duronto,KLMC,KALAMBOLI,21:25:00,21:25:00,1,458564
12267,Mumbai Central-Ahmedabad AC Duronto Express,MDD,MALAD,23:45:00,23:45:00,1,279048
12223,MUM LTT - ERNAKULAM AC Duronto,PNVL,PANVEL,21:29:00,21:29:00,1,458565
12227,Mumbai Central- Indore Duronto Express,KILE,KANDIVLI,23:39:00,23:39:00,1,371935
12267,Mumbai Central-Ahmedabad AC Duronto Express,KILE,KANDIVLI,23:47:00,23:47:00,1,279049
09001,Mumbai Central - Ahmedabad SF Special,KILE,KANDIVLI,23:24:00,23:24:00,1,253835
12951,Mumbai Central-New Delhi Rajdhani Express,KILE,KANDIVLI,16:58:00,16:58:00,1,269406
12903,Golden Temple Mail,KILE,KANDIVLI,21:59:00,21:59:00,1,223829
12933,Karnavati Express,KILE,KANDIVLI,14:12:00,14:12:00,1,307232
12927,Mumbai Central -Vadodara Express,KILE,KANDIVLI,00:11:00,00:11:00,2,212350
12955,Mumbai-Jaipur SF Express,KILE,KANDIVLI,19:24:00,19:24:00,1,100812
12009,Mumbai-Ahmedabad Shatabdi Express,KILE,KANDIVLI,06:54:00,06:54:00,1,396193
12239,Mumbai Central Jaipur AC Duronto Express,KILE,KANDIVLI,23:36:00,23:36:00,1,266773
12961,Avantika Express,KILE,KANDIVLI,19:38:00,19:38:00,1,146987
12227,Mumbai Central- Indore Duronto Express,BVI,BORIVALI,23:41:00,23:41:00,1,371936
12239,Mumbai Central Jaipur AC Duronto Express,BVI,BORIVALI,23:38:00,23:38:00,1,266774
12951,Mumbai Central-New Delhi Rajdhani Express,BVI,BORIVALI,17:00:00,17:00:00,1,269407
12267,Mumbai Central-Ahmedabad AC Duronto Express,BVI,BORIVALI,23:49:00,23:49:00,1,279050
12227,Mumbai Central- Indore Duronto Express,DIC,DAHISAR,23:43:00,23:43:00,1,371937
12261,MUMBAI CST - HOWRAH AC Duronto Exp,TNA,THANE,17:42:00,17:42:00,1,462402
12239,Mumbai Central Jaipur AC Duronto Express,DIC,DAHISAR,23:40:00,23:40:00,1,266775
12951,Mumbai Central-New Delhi Rajdhani Express,DIC,DAHISAR,17:02:00,17:02:00,1,269408
12267,Mumbai Central-Ahmedabad AC Duronto Express,DIC,DAHISAR,23:51:00,23:51:00,1,279051
12534,Pushpak Express,TNA,THANE,08:51:00,08:51:00,1,363606
12267,Mumbai Central-Ahmedabad AC Duronto Express,MIRA,MIRA ROAD,23:54:00,23:54:00,1,279052
15102,Mumbai CST Chhapra Jansadharan Express,TNA,THANE,16:27:00,16:27:00,1,365617
12123,Deccan Queen SF Express,TNA,THANE,17:38:00,17:38:00,1,135382
12239,Mumbai Central Jaipur AC Duronto Express,MIRA,MIRA ROAD,23:42:00,23:42:00,1,266776
12289,Mumbai CSTM-Nagpur Duronto Express,TNA,THANE,20:41:00,20:41:00,1,26456
12701,Hussain Sagar Express,TNA,THANE,22:23:00,22:23:00,1,150367
12227,Mumbai Central- Indore Duronto Express,MIRA,MIRA ROAD,23:46:00,23:46:00,1,371938
12951,Mumbai Central-New Delhi Rajdhani Express,MIRA,MIRA ROAD,17:04:00,17:04:00,1,269409
12227,Mumbai Central- Indore Duronto Express,BYR,BHAYANDAR,23:49:00,23:49:00,1,371939
12267,Mumbai Central-Ahmedabad AC Duronto Express,BYR,BHAYANDAR,23:56:00,23:56:00,1,279053
12239,Mumbai Central Jaipur AC Duronto Express,BYR,BHAYANDAR,23:45:00,23:45:00,1,266777
12951,Mumbai Central-New Delhi Rajdhani Express,BYR,BHAYANDAR,17:06:00,17:06:00,1,269410
12951,Mumbai Central-New Delhi Rajdhani Express,BSR,VASAI ROAD,17:12:00,17:12:00,1,269412
12227,Mumbai Central- Indore Duronto Express,BSR,VASAI ROAD,23:56:00,23:56:00,1,371941
12239,Mumbai Central Jaipur AC Duronto Express,BSR,VASAI ROAD,23:51:00,23:51:00,1,266779
12267,Mumbai Central-Ahmedabad AC Duronto Express,BSR,VASAI ROAD,00:03:00,00:03:00,2,279055
12227,Mumbai Central- Indore Duronto Express,VR,VIRAR,00:04:00,00:04:00,2,371943
12239,Mumbai Central Jaipur AC Duronto Express,VR,VIRAR,23:58:00,23:58:00,1,266781
12951,Mumbai Central-New Delhi Rajdhani Express,VR,VIRAR,17:18:00,17:18:00,1,269414
12267,Mumbai Central-Ahmedabad AC Duronto Express,VR,VIRAR,00:10:00,00:10:00,2,279057
12227,Mumbai Central- Indore Duronto Express,VTN,VAITARNA,00:11:00,00:11:00,2,371944
12267,Mumbai Central-Ahmedabad AC Duronto Express,VTN,VAITARNA,00:17:00,00:17:00,2,279058
12239,Mumbai Central Jaipur AC Duronto Express,VTN,VAITARNA,00:04:00,00:04:00,2,266782
12951,Mumbai Central-New Delhi Rajdhani Express,VTN,VAITARNA,17:24:00,17:24:00,1,269415
15102,Mumbai CST Chhapra Jansadharan Express,KYN,KALYAN JN,16:59:00,16:59:00,1,365624
12951,Mumbai Central-New Delhi Rajdhani Express,SAH,SAPHALE,17:29:00,17:29:00,1,269416
12123,Deccan Queen SF Express,KYN,KALYAN JN,17:55:00,17:55:00,1,135389
12261,MUMBAI CST - HOWRAH AC Duronto Exp,KYN,KALYAN JN,17:58:00,17:58:00,1,462410
12227,Mumbai Central- Indore Duronto Express,SAH,SAPHALE,00:18:00,00:18:00,2,371945
12239,Mumbai Central Jaipur AC Duronto Express,SAH,SAPHALE,00:10:00,00:10:00,2,266783
12289,Mumbai CSTM-Nagpur Duronto Express,KYN,KALYAN JN,20:57:00,20:57:00,1,26463
12267,Mumbai Central-Ahmedabad AC Duronto Express,SAH,SAPHALE,00:23:00,00:23:00,2,279059
12951,Mumbai Central-New Delhi Rajdhani Express,KLV,KELVA ROAD,17:33:00,17:33:00,1,269417
12239,Mumbai Central Jaipur AC Duronto Express,KLV,KELVA ROAD,00:15:00,00:15:00,2,266784
12267,Mumbai Central-Ahmedabad AC Duronto Express,KLV,KELVA ROAD,00:29:00,00:29:00,2,279060
12227,Mumbai Central- Indore Duronto Express,KLV,KELVA ROAD,00:24:00,00:24:00,2,371946
12263,Pune - Hazrat Nizamuddin AC Duronto Express,KYN,KALYAN JN,13:00:00,13:00:00,1,303181
12267,Mumbai Central-Ahmedabad AC Duronto Express,VGN,VANGAON,00:52:00,00:52:00,2,279064
12227,Mumbai Central- Indore Duronto Express,VGN,VANGAON,00:49:00,00:49:00,2,371950
12239,Mumbai Central Jaipur AC Duronto Express,VGN,VANGAON,00:37:00,00:37:00,2,266788
12951,Mumbai Central-New Delhi Rajdhani Express,VGN,VANGAON,17:53:00,17:53:00,1,269421
12263,Pune - Hazrat Nizamuddin AC Duronto Express,BSR,VASAI ROAD,13:36:00,13:36:00,1,303189
12263,Pune - Hazrat Nizamuddin AC Duronto Express,VR,VIRAR,13:43:00,13:43:00,1,303191
12263,Pune - Hazrat Nizamuddin AC Duronto Express,VTN,VAITARNA,13:50:00,13:50:00,1,303192
12263,Pune - Hazrat Nizamuddin AC Duronto Express,SAH,SAPHALE,13:56:00,13:56:00,1,303193
12263,Pune - Hazrat Nizamuddin AC Duronto Express,KLV,KELVA ROAD,14:01:00,14:01:00,1,303194
12263,Pune - Hazrat Nizamuddin AC Duronto Express,VGN,VANGAON,14:24:00,14:24:00,1,303198
12268,Ahmedabad-Mumbai Central AC Duronto Express,VGN,VANGAON,04:54:00,04:54:00,2,257642
12268,Ahmedabad-Mumbai Central AC Duronto Express,KLV,KELVA ROAD,05:17:00,05:17:00,2,257646
12268,Ahmedabad-Mumbai Central AC Duronto Express,SAH,SAPHALE,05:23:00,05:23:00,2,257647
12268,Ahmedabad-Mumbai Central AC Duronto Express,VTN,VAITARNA,05:29:00,05:29:00,2,257648
12268,Ahmedabad-Mumbai Central AC Duronto Express,VR,VIRAR,05:36:00,05:36:00,2,257649
12268,Ahmedabad-Mumbai Central AC Duronto Express,BSR,VASAI ROAD,05:42:00,05:42:00,2,257651
12268,Ahmedabad-Mumbai Central AC Duronto Express,BYR,BHAYANDAR,05:49:00,05:49:00,2,257653
12268,Ahmedabad-Mumbai Central AC Duronto Express,MIRA,MIRA ROAD,05:52:00,05:52:00,2,257654
12268,Ahmedabad-Mumbai Central AC Duronto Express,DIC,DAHISAR,05:55:00,05:55:00,2,257655
12268,Ahmedabad-Mumbai Central AC Duronto Express,BVI,BORIVALI,05:56:00,05:56:00,2,257656
12268,Ahmedabad-Mumbai Central AC Duronto Express,KILE,KANDIVLI,05:59:00,05:59:00,2,257657
12268,Ahmedabad-Mumbai Central AC Duronto Express,MDD,MALAD,06:00:00,06:00:00,2,257658
12268,Ahmedabad-Mumbai Central AC Duronto Express,GMN,GOREGAON,06:02:00,06:02:00,2,257659
12268,Ahmedabad-Mumbai Central AC Duronto Express,JOS,JOGESHWARI,06:05:00,06:05:00,2,257660
12268,Ahmedabad-Mumbai Central AC Duronto Express,ADH,ANDHERI,06:06:00,06:06:00,2,257661
12268,Ahmedabad-Mumbai Central AC Duronto Express,VLP,VILE PARLE,06:08:00,06:08:00,2,257662
12268,Ahmedabad-Mumbai Central AC Duronto Express,STC,SANTA CRUZ,06:10:00,06:10:00,2,257663
12268,Ahmedabad-Mumbai Central AC Duronto Express,KHAR,KHAR,06:11:00,06:11:00,2,257664
12290,Nagpur-Mumbai CST Duronto Express,KYN,KALYAN JN,07:12:00,07:12:00,2,336377
12268,Ahmedabad-Mumbai Central AC Duronto Express,BDTS,MUMBAI BANDRA TERMINUS,06:11:00,06:11:00,2,257665
12268,Ahmedabad-Mumbai Central AC Duronto Express,BA,BANDRA,06:12:00,06:12:00,2,257666
12268,Ahmedabad-Mumbai Central AC Duronto Express,MM,MUMBAI MAHIM JN,06:13:00,06:13:00,2,257667
12268,Ahmedabad-Mumbai Central AC Duronto Express,MRU,MUMBAI MATUNGA ROAD,06:14:00,06:14:00,2,257668
12268,Ahmedabad-Mumbai Central AC Duronto Express,DDR,MUMBAI DADAR WEST,06:15:00,06:15:00,2,257669
12268,Ahmedabad-Mumbai Central AC Duronto Express,EPR,Mumbai Elphinstone Road,06:15:00,06:15:00,2,257670
12268,Ahmedabad-Mumbai Central AC Duronto Express,PL,Mumbai Lower Parel,06:15:00,06:15:00,2,257671
12290,Nagpur-Mumbai CST Duronto Express,TNA,THANE,07:28:00,07:28:00,2,336384
12268,Ahmedabad-Mumbai Central AC Duronto Express,MX,Mumbai Mahalakshmi,06:15:00,06:15:00,2,257672
12228,Indore- Mumbai Central Duronto Express,VGN,VANGAON,10:16:00,10:16:00,2,130309
12290,Nagpur-Mumbai CST Duronto Express,LTT,LOKMANYA TILAK TERM,07:41:00,07:41:00,2,336392
12228,Indore- Mumbai Central Duronto Express,KLV,KELVA ROAD,10:43:00,10:43:00,2,130313
12290,Nagpur-Mumbai CST Duronto Express,SIN,MUMBAI SION,07:44:00,07:44:00,2,336394
12290,Nagpur-Mumbai CST Duronto Express,MTN,MUMBAI MATUNGA,07:46:00,07:46:00,2,336395
12228,Indore- Mumbai Central Duronto Express,SAH,SAPHALE,10:49:00,10:49:00,2,130314
12290,Nagpur-Mumbai CST Duronto Express,DR,MUMBAI DADAR CENTRAL,07:47:00,07:47:00,2,336396
12228,Indore- Mumbai Central Duronto Express,VTN,VAITARNA,10:56:00,10:56:00,2,130315
12228,Indore- Mumbai Central Duronto Express,VR,VIRAR,11:04:00,11:04:00,2,130316
12290,Nagpur-Mumbai CST Duronto Express,PR,MUMBAI PAREL,07:48:00,07:48:00,2,336397
12290,Nagpur-Mumbai CST Duronto Express,CRD,MUMBAI CURREY ROAD,07:50:00,07:50:00,2,336398
12220,Secunderabad-Mumbai LTT AC Duronto Express,KYN,KALYAN JN,10:37:00,10:37:00,2,238841
12290,Nagpur-Mumbai CST Duronto Express,CHG,MUMBAI CHINCHPOKLI,07:50:00,07:50:00,2,336399
12228,Indore- Mumbai Central Duronto Express,BSR,VASAI ROAD,11:12:00,11:12:00,2,130318
12290,Nagpur-Mumbai CST Duronto Express,BY,BYCULLA,07:50:00,07:50:00,2,336400
12290,Nagpur-Mumbai CST Duronto Express,SNRD,MUMBAI SANDHURST ROAD,07:50:00,07:50:00,2,336401
12228,Indore- Mumbai Central Duronto Express,BYR,BHAYANDAR,11:20:00,11:20:00,2,130320
12290,Nagpur-Mumbai CST Duronto Express,MSD,BOMBAY MASJID,07:50:00,07:50:00,2,336402
12228,Indore- Mumbai Central Duronto Express,MIRA,MIRA ROAD,11:23:00,11:23:00,2,130321
12228,Indore- Mumbai Central Duronto Express,DIC,DAHISAR,11:26:00,11:26:00,2,130322
12228,Indore- Mumbai Central Duronto Express,BVI,BORIVALI,11:28:00,11:28:00,2,130323
12228,Indore- Mumbai Central Duronto Express,KILE,KANDIVLI,11:31:00,11:31:00,2,130324
12220,Secunderabad-Mumbai LTT AC Duronto Express,TNA,THANE,10:56:00,10:56:00,2,238848
12228,Indore- Mumbai Central Duronto Express,MDD,MALAD,11:33:00,11:33:00,2,130325
12228,Indore- Mumbai Central Duronto Express,GMN,GOREGAON,11:35:00,11:35:00,2,130326
12228,Indore- Mumbai Central Duronto Express,JOS,JOGESHWARI,11:38:00,11:38:00,2,130327
12228,Indore- Mumbai Central Duronto Express,ADH,ANDHERI,11:40:00,11:40:00,2,130328
12228,Indore- Mumbai Central Duronto Express,VLP,VILE PARLE,11:42:00,11:42:00,2,130329
12228,Indore- Mumbai Central Duronto Express,STC,SANTA CRUZ,11:44:00,11:44:00,2,130330
12228,Indore- Mumbai Central Duronto Express,KHAR,KHAR,11:45:00,11:45:00,2,130331
12228,Indore- Mumbai Central Duronto Express,BDTS,MUMBAI BANDRA TERMINUS,11:46:00,11:46:00,2,130332
12228,Indore- Mumbai Central Duronto Express,BA,BANDRA,11:47:00,11:47:00,2,130333
12228,Indore- Mumbai Central Duronto Express,MM,MUMBAI MAHIM JN,11:48:00,11:48:00,2,130334
12228,Indore- Mumbai Central Duronto Express,MRU,MUMBAI MATUNGA ROAD,11:50:00,11:50:00,2,130335
12228,Indore- Mumbai Central Duronto Express,DDR,MUMBAI DADAR WEST,11:50:00,11:50:00,2,130336
12228,Indore- Mumbai Central Duronto Express,EPR,Mumbai Elphinstone Road,11:50:00,11:50:00,2,130337
12228,Indore- Mumbai Central Duronto Express,PL,Mumbai Lower Parel,11:50:00,11:50:00,2,130338
12228,Indore- Mumbai Central Duronto Express,MX,Mumbai Mahalakshmi,11:50:00,11:50:00,2,130339
12240,Jaipur-Mumbai Central AC Duronto Express,VGN,VANGAON,10:40:00,10:40:00,2,126607
12240,Jaipur-Mumbai Central AC Duronto Express,KLV,KELVA ROAD,11:05:00,11:05:00,2,126611
12240,Jaipur-Mumbai Central AC Duronto Express,SAH,SAPHALE,11:11:00,11:11:00,2,126612
12240,Jaipur-Mumbai Central AC Duronto Express,VTN,VAITARNA,11:18:00,11:18:00,2,126613
12240,Jaipur-Mumbai Central AC Duronto Express,VR,VIRAR,11:25:00,11:25:00,2,126614
12240,Jaipur-Mumbai Central AC Duronto Express,BSR,VASAI ROAD,11:33:00,11:33:00,2,126616
12240,Jaipur-Mumbai Central AC Duronto Express,BYR,BHAYANDAR,11:40:00,11:40:00,2,126618
12240,Jaipur-Mumbai Central AC Duronto Express,MIRA,MIRA ROAD,11:43:00,11:43:00,2,126619
12240,Jaipur-Mumbai Central AC Duronto Express,DIC,DAHISAR,11:46:00,11:46:00,2,126620
12240,Jaipur-Mumbai Central AC Duronto Express,BVI,BORIVALI,11:48:00,11:48:00,2,126621
12240,Jaipur-Mumbai Central AC Duronto Express,KILE,KANDIVLI,11:51:00,11:51:00,2,126622
12240,Jaipur-Mumbai Central AC Duronto Express,MDD,MALAD,11:52:00,11:52:00,2,126623
12240,Jaipur-Mumbai Central AC Duronto Express,GMN,GOREGAON,11:54:00,11:54:00,2,126624
12240,Jaipur-Mumbai Central AC Duronto Express,JOS,JOGESHWARI,11:57:00,11:57:00,2,126625
12240,Jaipur-Mumbai Central AC Duronto Express,ADH,ANDHERI,11:59:00,11:59:00,2,126626
12240,Jaipur-Mumbai Central AC Duronto Express,VLP,VILE PARLE,12:01:00,12:01:00,2,126627
12240,Jaipur-Mumbai Central AC Duronto Express,STC,SANTA CRUZ,12:03:00,12:03:00,2,126628
12240,Jaipur-Mumbai Central AC Duronto Express,KHAR,KHAR,12:04:00,12:04:00,2,126629
12240,Jaipur-Mumbai Central AC Duronto Express,BDTS,MUMBAI BANDRA TERMINUS,12:05:00,12:05:00,2,126630
12240,Jaipur-Mumbai Central AC Duronto Express,BA,BANDRA,12:05:00,12:05:00,2,126631
12240,Jaipur-Mumbai Central AC Duronto Express,MM,MUMBAI MAHIM JN,12:05:00,12:05:00,2,126632
12240,Jaipur-Mumbai Central AC Duronto Express,MRU,MUMBAI MATUNGA ROAD,12:05:00,12:05:00,2,126633
12240,Jaipur-Mumbai Central AC Duronto Express,DDR,MUMBAI DADAR WEST,12:05:00,12:05:00,2,126634
12240,Jaipur-Mumbai Central AC Duronto Express,EPR,Mumbai Elphinstone Road,12:05:00,12:05:00,2,126635
12240,Jaipur-Mumbai Central AC Duronto Express,PL,Mumbai Lower Parel,12:05:00,12:05:00,2,126636
12264,Hazrat Nizamuddin-Pune AC Duronto Express,VGN,VANGAON,03:51:00,03:51:00,2,72448
12240,Jaipur-Mumbai Central AC Duronto Express,MX,Mumbai Mahalakshmi,12:05:00,12:05:00,2,126637
12264,Hazrat Nizamuddin-Pune AC Duronto Express,KLV,KELVA ROAD,04:14:00,04:14:00,2,72452
12264,Hazrat Nizamuddin-Pune AC Duronto Express,SAH,SAPHALE,04:19:00,04:19:00,2,72453
12264,Hazrat Nizamuddin-Pune AC Duronto Express,VTN,VAITARNA,04:25:00,04:25:00,2,72454
12264,Hazrat Nizamuddin-Pune AC Duronto Express,VR,VIRAR,04:32:00,04:32:00,2,72455
12264,Hazrat Nizamuddin-Pune AC Duronto Express,BSR,VASAI ROAD,04:38:00,04:38:00,2,72457
12264,Hazrat Nizamuddin-Pune AC Duronto Express,KYN,KALYAN JN,05:14:00,05:14:00,2,72465
12290,Nagpur-Mumbai CST Duronto Express,CSTM,MUMBAI CST,07:50:00,None,2,336403
59461,Borivali Dahanu Shuttle,BSR,VASAI ROAD,16:19:00,16:21:00,1,168693
11019,Konark Express,DR,MUMBAI DADAR CENTRAL,15:23:00,15:25:00,1,323096
19143,Lokshakti Express,ADH,ANDHERI,20:01:00,20:03:00,1,310263
12127,MumbaiCST-Pune SF InterCity,DR,MUMBAI DADAR CENTRAL,06:56:00,06:58:00,1,112672
15647,MUMBAI LTT - GUWAHATI Exp,KYN,KALYAN JN,08:35:00,08:40:00,1,506034
12051,DADAR - MADGAON Jan Shatabdi Exp,TNA,THANE,05:47:00,05:50:00,1,490161
19049,MUMBAI BANDRA T - PATNA Exp,BVI,BORIVALI,16:25:00,16:27:00,1,500425
12869,MUMBAI CST - HOWRAH SF Exp,DR,MUMBAI DADAR CENTRAL,11:18:00,11:20:00,1,494083
10111,MUMBAI CST - MADGAON Konkan Knaya Exp,DR,MUMBAI DADAR CENTRAL,23:18:00,23:20:00,1,489857
12859,MUMBAI CST - HOWRAH Gitanjali Exp,DR,MUMBAI DADAR CENTRAL,06:13:00,06:15:00,1,496064
12133,MUMBAI CST - MANGALORE Exp,TNA,THANE,22:43:00,22:45:00,1,480519
16381,Mumbai CST - Kanyakumari Express,DR,MUMBAI DADAR CENTRAL,15:58:00,16:00:00,1,307348
16345,MUMBAI LTT - TRIVANDRUM Netravati Exp,TNA,THANE,12:08:00,12:10:00,1,481023
19115,MUMBAI BANDRA - BHUJ Sayaji Nagari Exp,BVI,BORIVALI,15:18:00,15:20:00,1,486269
17057,Mumbai-Secunderabad Devagiri Expres,DR,MUMBAI DADAR CENTRAL,21:18:00,21:20:00,1,250060
16331,MUMBAI CST - TRIVANDRUM Exp,DR,MUMBAI DADAR CENTRAL,12:18:00,12:20:00,1,551013
51097,Diva Panvel Passenger,TPND,TALOJA PANCHAND,00:42:00,00:43:00,1,13713
12811,MUMBAI - HATIA LTT SF Exp,KYN,KALYAN JN,00:55:00,01:00:00,1,414387
15611,Lokmanya Tilak (T)-Kamakhya Karmabhoomi Express,KYN,KALYAN JN,12:05:00,12:10:00,1,193774
09001,Mumbai Central - Ahmedabad SF Special,BVI,BORIVALI,23:27:00,23:29:00,1,253836
16529,Udyan Express,DR,MUMBAI DADAR CENTRAL,08:18:00,08:20:00,1,38777
12220,Secunderabad-Mumbai LTT AC Duronto Express,LTT,LOKMANYA TILAK TERM,11:05:00,None,2,238856
51033,Mumbai Sainagar Shirdi Fast Pass(Via Daund),DR,MUMBAI DADAR CENTRAL,23:08:00,23:10:00,1,13551
12268,Ahmedabad-Mumbai Central AC Duronto Express,BCT,Mumbai Central,06:15:00,None,2,257673
14708,MUMBAI BANDRA - BIKANER Ranakpur Exp,BVI,BORIVALI,15:30:00,15:32:00,1,531915
12879,MUMBAI LTT - BHUBANESWAR SF Exp,KYN,KALYAN JN,00:55:00,01:00:00,1,413893
12619,MUMBAI LTT - MANGALORE CENT Matsyagandha Exp,TNA,THANE,15:43:00,15:45:00,1,480715
51027,MumbaiCST-Pandharpur Fast Passenger,DR,MUMBAI DADAR CENTRAL,23:08:00,23:10:00,1,13185
18610,MUMBAI LTT - RANCHI Exp,KYN,KALYAN JN,16:30:00,16:35:00,1,535991
12903,Golden Temple Mail,BVI,BORIVALI,22:02:00,22:04:00,1,223830
17617,Tapovan Express,DR,MUMBAI DADAR CENTRAL,06:23:00,06:25:00,1,84100
19131,MUMBAI BANDRA - BHUJ Kutch Exp,BVI,BORIVALI,17:45:00,17:47:00,1,486558
12111,Mumbai CST-Amaravati SF Express,DR,MUMBAI DADAR CENTRAL,20:13:00,20:15:00,1,218556
12809,MUMBAI CST - HOWRAH SF Mail (via NAGPUR),DR,MUMBAI DADAR CENTRAL,20:48:00,20:50:00,1,494683
16339,MUMBAI CST - NAGERCOIL Exp,DR,MUMBAI DADAR CENTRAL,12:18:00,12:20:00,1,547033
11015,Kushinagar Express,TNA,THANE,23:03:00,23:05:00,1,234941
12921,Flying Rani Express,ADH,ANDHERI,18:18:00,18:20:00,1,47968
12909,Bandra Terminus- Hazrat Nizamuddin Garib Rath,BVI,BORIVALI,17:24:00,17:26:00,1,231803
12907,Maharashtra Sampark Kranti Express,BVI,BORIVALI,17:23:00,17:24:00,1,218851
09561,Bandra Terminus Okha Weekly Special,BVI,BORIVALI,00:32:00,00:37:00,2,9888
51029,Bijapur Fast Passenger,DR,MUMBAI DADAR CENTRAL,23:08:00,23:10:00,1,13349
12955,Mumbai-Jaipur SF Express,BVI,BORIVALI,19:28:00,19:30:00,1,100813
12490,Dadar - Bikaner Express,BVI,BORIVALI,15:04:00,15:06:00,1,129891
59462,Dahanu Mumbai Passenger,VGN,VANGAON,19:06:00,19:08:00,1,364895
18029,MUMBAI LTT [Kurla] - KOLKATA SALIMAR Exp,TNA,THANE,22:13:00,22:15:00,1,548866
11057-Slip,Dadar Amritsar Express Slip,TNA,THANE,00:08:00,00:10:00,2,399296
19215,Saurashtra Express,DDR,MUMBAI DADAR WEST,08:30:00,08:32:00,1,150509
12701,Hussain Sagar Express,KYN,KALYAN JN,22:43:00,22:45:00,1,150374
11043,MUMBAI LTT - MADURAI Exp,TNA,THANE,00:33:00,00:35:00,1,469887
12105,Vidarbha Express,DR,MUMBAI DADAR CENTRAL,19:23:00,19:25:00,1,222021
59045,Vapi Passenger,ADH,ANDHERI,09:43:00,09:45:00,1,115066
59439,Ahmadabad Passenger,DDR,MUMBAI DADAR WEST,12:28:00,12:30:00,1,294608
59023,Mumbai Valsad Passenger,DDR,MUMBAI DADAR WEST,18:20:00,18:21:00,1,344695
11061,MUMBAI LTT - DARBHANGA Pawan Exp,TNA,THANE,12:33:00,12:35:00,1,548024
19023,Mumbai Firozpur Janata Express,DDR,MUMBAI DADAR WEST,07:35:00,07:37:00,1,235154
12961,Avantika Express,BVI,BORIVALI,19:41:00,19:43:00,1,146988
12471,Mumbai Bandra (T.) - Jammu Tawi SF Swaraj Express,BVI,BORIVALI,08:26:00,08:28:00,1,48840
12163,DADAR - CHENNAI EGMORE SF Exp,KYN,KALYAN JN,21:10:00,21:15:00,1,404985
12959,MUMBAI DADAR - BHUJ SF Exp,BVI,BORIVALI,00:26:00,00:26:00,2,471666
11041,Mumbai - Chennai Express,DR,MUMBAI DADAR CENTRAL,14:12:00,14:15:00,1,54108
04728,Mumbai BandraT-Bikaner SF Special,BVI,BORIVALI,15:06:00,15:08:00,1,3967
12240,Jaipur-Mumbai Central AC Duronto Express,BCT,Mumbai Central,12:05:00,None,2,126638
19707,Aravalli Express,ADH,ANDHERI,21:17:00,21:19:00,1,397811
19017,Saurashtra Janata Express,BVI,BORIVALI,18:18:00,18:20:00,1,123872
11013,Mumbai LTT-Coimbatore Express,TNA,THANE,22:53:00,22:55:00,1,133655
19039,Awadh Express,ADH,ANDHERI,22:56:00,22:58:00,1,285201
12009,Mumbai-Ahmedabad Shatabdi Express,BVI,BORIVALI,06:57:00,06:59:00,1,396194
59044,Dahanu Virar Shuttle,VGN,VANGAON,05:07:00,05:08:00,1,392957
11003,DADAR - SAWANTWADI RD Rajya Rani Exp,TNA,THANE,00:18:00,00:20:00,2,480906
12322,MUMBAI CST - HOWRAH Mail (via Allahabad),DR,MUMBAI DADAR CENTRAL,21:38:00,21:40:00,1,553769
10103,MUMBAI CST - MADGAON Mandovi Exp,DR,MUMBAI DADAR CENTRAL,07:07:00,07:10:00,1,490007
11065,MUMBAI LTT - DARBHANGA Pawan Exp,TNA,THANE,12:33:00,12:35:00,1,547478
12141,MUMBAI LTT - PATLIPUTRA SF Exp,TNA,THANE,00:01:00,00:01:00,2,515957
11059,MUMBAI LTT - CHHAPRA Godan Exp,TNA,THANE,11:13:00,11:15:00,1,510062
12546,MUMBAI LTT - RAXAUL Karmabhoomi Exp,KYN,KALYAN JN,11:55:00,12:00:00,1,516366
12167,MUMBAI LTT - VARANASI SF Exp,KYN,KALYAN JN,01:20:00,01:25:00,1,508289
11055,MUMBAI LTT - GORAKHPUR Exp,TNA,THANE,11:13:00,11:15:00,1,517237
12153,Lokmanya Tilak (T) Habibganj Express,TNA,THANE,16:43:00,16:45:00,1,343186
15645,MUMBAI LTT - GUWAHATI Exp,KYN,KALYAN JN,08:35:00,08:40:00,1,511152
15268,MUMBAI LTT - RAXAUL Jan Sadharan Exp,KYN,KALYAN JN,16:30:00,16:35:00,1,517714
59039,Virar Valsad Shuttle,VTN,VAITARNA,11:40:00,11:41:00,1,294704
12101,MUMBAI LTT - HOWRAH Janeswari Super Deluxe Exp,KYN,KALYAN JN,21:15:00,21:20:00,1,496672
11093,MUMBAI CST - VARANASI Mahanagari Exp,DR,MUMBAI DADAR CENTRAL,00:23:00,00:25:00,1,534034
19065,MUMBAI BANDRA - BHAGAT KI KOTHI Exp,BVI,BORIVALI,00:01:00,00:02:00,2,451674
11029,Koyna Express,DR,MUMBAI DADAR CENTRAL,08:53:00,08:55:00,1,22368
12525,Indrayani SF Express,DR,MUMBAI DADAR CENTRAL,05:51:00,05:53:00,1,203087
51153,Mumbai Bhusaval Passenger,DR,MUMBAI DADAR CENTRAL,05:28:00,05:30:00,1,13939
59009,Virar Bharuch Shuttle,VTN,VAITARNA,04:11:00,04:12:00,1,209390
59441,Mumbai Central-Ahmedabad Passenger,DDR,MUMBAI DADAR WEST,22:51:00,22:53:00,1,125613
59441-Slip,Ahmedabad Passenger Slip,DDR,MUMBAI DADAR WEST,22:51:00,22:53:00,1,196846
12145,MUMBAI LTT - PURI SF Exp,KYN,KALYAN JN,21:15:00,21:20:00,1,410167
12901,Gujarat Mail,DDR,MUMBAI DADAR WEST,21:58:00,22:00:00,1,91035
19037,Awadh Express,ADH,ANDHERI,22:56:00,22:58:00,1,299501
50103,Dadar Ratnagiri Passenger,TNA,THANE,16:01:00,16:03:00,1,12984
12107,Mumbai LTT Lucknow Superfast Express,TNA,THANE,16:43:00,16:45:00,1,130852
13202,MUMBAI LTT - RAJENDRA NAGAR PATNA Janta Exp,KYN,KALYAN JN,22:50:00,22:55:00,1,559130
12979,Mumbai Bandra (T.) - Jaipur (Tri-weekly) SF Exp,ADH,ANDHERI,16:02:00,16:04:00,1,205045
12117,Mumbai LTT- Manmad Express,TNA,THANE,15:23:00,15:25:00,1,267649
12171,Mumbai LTT -Haridwar AC Express,KYN,KALYAN JN,08:28:00,08:30:00,1,262926
11067-Slip,Saket Express Slip,TNA,THANE,05:38:00,05:40:00,1,390724
15017,MUMBAI LTT - GORAKHPUR Kashi Exp,TNA,THANE,06:58:00,07:00:00,1,559805
11009,Sinhagad Express,DR,MUMBAI DADAR CENTRAL,14:43:00,14:45:00,1,269953
12201,MUMBAI LTT - KOCHUVELI Garib Rath Exp,TNA,THANE,17:18:00,17:20:00,1,555553
12563,Mumbai LTT - Faizabad SF Express,KYN,KALYAN JN,15:05:00,15:10:00,1,127067
12480,MUMBAI BANDRA - JODHPUR Suryanagari SF Exp,BVI,BORIVALI,13:58:00,14:00:00,1,473800
05649,Mumbai LTT - Kamakhya (Weekly) Special,KYN,KALYAN JN,16:30:00,16:35:00,1,3151
12519,MUMBAI LTT - KAMAKHYA AC Exp,TNA,THANE,None,None,,474368
12139-Slip,Sewagram Express Slip,DR,MUMBAI DADAR CENTRAL,15:08:00,15:10:00,1,357446
12151,MUMBAI LTT - HOWRAH Samarsata SF Exp,KYN,KALYAN JN,21:15:00,21:20:00,1,520310
12935,Bandra Surat InterCity Express,ADH,ANDHERI,07:06:00,07:08:00,1,394754
12228,Indore- Mumbai Central Duronto Express,BCT,Mumbai Central,11:50:00,None,2,130340
12362,MUMBAI CST - ASANSOL SF Exp,DR,MUMBAI DADAR CENTRAL,11:18:00,11:20:00,1,521242
12527,Mumbai CST-Latur Superfast Express.,DR,MUMBAI DADAR CENTRAL,21:13:00,21:15:00,1,264230
11401,Nandigram Express,DR,MUMBAI DADAR CENTRAL,16:48:00,16:50:00,1,141416
11011,Mahalaxmi Express,DR,MUMBAI DADAR CENTRAL,20:33:00,20:35:00,1,343628
11007,Deccan Express,DR,MUMBAI DADAR CENTRAL,07:23:00,07:25:00,1,267297
12109,Panchavati Express,DR,MUMBAI DADAR CENTRAL,18:27:00,18:29:00,1,266695
12933,Karnavati Express,BVI,BORIVALI,14:15:00,14:17:00,1,307233
12995-Slip,Bandra-Udaipur SF Express Slip,BVI,BORIVALI,16:25:00,16:27:00,1,183032
09021,BANDRA TERMINUS - JAMMU TAWI AC Suvidha Special (Starts 4 April),BVI,BORIVALI,17:24:00,17:27:00,1,430075
11027,Mumbai CST-Chennai Mail,DR,MUMBAI DADAR CENTRAL,23:53:00,23:55:00,1,134170
19011,Gujarat Express,DDR,MUMBAI DADAR WEST,05:55:00,05:57:00,1,351928
12137,Punjab Mail,DR,MUMBAI DADAR CENTRAL,19:53:00,19:55:00,1,314065
11023,Sahyadri Express,DR,MUMBAI DADAR CENTRAL,18:02:00,18:04:00,1,333914
12125,Pragati Superfast Express,DR,MUMBAI DADAR CENTRAL,16:37:00,16:39:00,1,253172
12927,Mumbai Central -Vadodara Express,BVI,BORIVALI,00:14:00,00:16:00,2,212351
12925,Paschim Express,ADH,ANDHERI,11:51:00,11:53:00,1,362653
12939,Pune-Jaipur SF Express,KYN,KALYAN JN,17:43:00,17:45:00,1,313867
12071,Mumbai Aurangabad Jan Shatabdi,DR,MUMBAI DADAR CENTRAL,13:58:00,14:00:00,1,236163
04116,Mumbai LTT-Allahabad Special,KYN,KALYAN JN,16:30:00,16:33:00,1,69604
59043,Virar Dahanu Shuttle,VTN,VAITARNA,23:00:00,23:01:00,1,125325
12115,Siddheshwar Express,DR,MUMBAI DADAR CENTRAL,22:53:00,22:55:00,1,112584
12534,Pushpak Express,KYN,KALYAN JN,09:10:00,09:15:00,1,363613
11067,MUMBAI LTT - FAIZABAD Saket Exp,TNA,THANE,05:38:00,05:40:00,1,521014
12139,Sevagram Express,DR,MUMBAI DADAR CENTRAL,15:08:00,15:10:00,1,51411
11035,Dadar-Mysore Sharavati Express,KYN,KALYAN JN,22:13:00,22:15:00,1,73699
12989,Dadar Ajmer Superfast Express,BVI,BORIVALI,15:04:00,15:06:00,1,334015
11057,Dadar Amritsar Express,TNA,THANE,00:08:00,00:10:00,2,345096
12188,Mumbai-Jabalpur Garib Rath Express,DR,MUMBAI DADAR CENTRAL,13:43:00,13:45:00,1,151039
11071,Kamayani Express,TNA,THANE,12:58:00,13:00:00,1,308869
01101,Mumbai LTT - Gwalior (Weekly) Special,KYN,KALYAN JN,16:30:00,16:35:00,1,373831
11017,Chalukya Express,KYN,KALYAN JN,22:13:00,22:15:00,1,193048
12161,Lashkar Superfast Express,TNA,THANE,16:43:00,16:45:00,1,339936
11069,Tulsi Express,TNA,THANE,05:38:00,05:40:00,1,89775
12336,MUMBAI LTT - BHAGALPUR SF Exp,KYN,KALYAN JN,08:35:00,08:40:00,1,541417
12925-Slip,Paschim Express Slip,ADH,ANDHERI,11:51:00,11:53:00,1,45692
19005-Slip,Saurashtra Mail,DDR,MUMBAI DADAR WEST,20:36:00,20:38:00,1,33763
14313,MUMBAI LTT - BAREILLY Weekly Exp,KYN,KALYAN JN,08:35:00,08:40:00,1,432054
17057-Slip,Mumbai -Daund Devagiri Express Slip,DR,MUMBAI DADAR CENTRAL,21:18:00,21:20:00,1,179667
12165,MUMBAI LTT - VARANASI Ratnagiri Exp,TNA,THANE,05:38:00,05:40:00,1,500896
17031,Mumbai CST-Hyderabad Express,DR,MUMBAI DADAR CENTRAL,12:58:00,13:00:00,1,102508
16351,MUMBAI CST - NAGERCOIL Balaji Exp,DR,MUMBAI DADAR CENTRAL,12:18:00,12:20:00,1,531011
12131,Mumbai Dadar-Sainagar Shirdi Express,TNA,THANE,22:03:00,22:05:00,1,367128
19005,Saurashtra Mail,DDR,MUMBAI DADAR WEST,20:36:00,20:38:00,1,239106
51098,Panvel Diva Passenger,KLMG,KALAMBOLI GOODS,04:52:00,04:53:00,1,13718
12995,Bandra-Udaipur SF Express,BVI,BORIVALI,16:25:00,16:27:00,1,68484
12953,MumbaiCentral-H Nizamuddin August Kranti Rajdhani Express,ADH,ANDHERI,18:01:00,18:03:00,1,66415
59047,Virar Surat Passenger,VTN,VAITARNA,07:49:00,07:51:00,1,73315
19019,Bandra T - Dehradun Express,BVI,BORIVALI,00:18:00,00:20:00,2,62815
12971,Bhavnagar Express,ADH,ANDHERI,21:41:00,21:43:00,1,35302
12216,Mumbai Bandra T. - Delhi Sarai Rohilla Garib Rath,BVI,BORIVALI,13:21:00,13:23:00,1,76125
12173,Udyog Nagri Express,TNA,THANE,16:43:00,16:45:00,1,60754
59037,Virar Surat Passenger,VTN,VAITARNA,17:20:00,17:21:00,1,47129
11041,Mumbai - Chennai Express,MTN,MUMBAI MATUNGA,14:16:00,14:16:00,1,54109
11401,Nandigram Express,MTN,MUMBAI MATUNGA,16:51:00,16:51:00,1,141417
12115,Siddheshwar Express,MTN,MUMBAI MATUNGA,22:56:00,22:56:00,1,112585
11011,Mahalaxmi Express,MTN,MUMBAI MATUNGA,20:36:00,20:36:00,1,343629
12188,Mumbai-Jabalpur Garib Rath Express,MTN,MUMBAI MATUNGA,13:46:00,13:46:00,1,151040
19011,Gujarat Express,MRU,MUMBAI MATUNGA ROAD,05:58:00,05:58:00,1,351929
59023,Mumbai Valsad Passenger,MRU,MUMBAI MATUNGA ROAD,18:23:00,18:23:00,1,344696
19065,MUMBAI BANDRA - BHAGAT KI KOTHI Exp,DIC,DAHISAR,00:04:00,00:04:00,2,451675
11093,MUMBAI CST - VARANASI Mahanagari Exp,MTN,MUMBAI MATUNGA,00:26:00,00:26:00,1,534035
12527,Mumbai CST-Latur Superfast Express.,MTN,MUMBAI MATUNGA,21:16:00,21:16:00,1,264231
19143,Lokshakti Express,JOS,JOGESHWARI,20:06:00,20:06:00,1,310264
17057,Mumbai-Secunderabad Devagiri Expres,MTN,MUMBAI MATUNGA,21:21:00,21:21:00,1,250061
51033,Mumbai Sainagar Shirdi Fast Pass(Via Daund),MTN,MUMBAI MATUNGA,23:11:00,23:11:00,1,13552
09001,Mumbai Central - Ahmedabad SF Special,DIC,DAHISAR,23:31:00,23:31:00,1,253837
11023,Sahyadri Express,MTN,MUMBAI MATUNGA,18:05:00,18:05:00,1,333915
16381,Mumbai CST - Kanyakumari Express,MTN,MUMBAI MATUNGA,16:01:00,16:01:00,1,307349
51153,Mumbai Bhusaval Passenger,MTN,MUMBAI MATUNGA,05:32:00,05:32:00,1,13940
11009,Sinhagad Express,MTN,MUMBAI MATUNGA,14:46:00,14:46:00,1,269954
11019,Konark Express,MTN,MUMBAI MATUNGA,15:26:00,15:26:00,1,323097
12109,Panchavati Express,MTN,MUMBAI MATUNGA,18:30:00,18:30:00,1,266696
19707,Aravalli Express,JOS,JOGESHWARI,21:23:00,21:23:00,1,397812
10111,MUMBAI CST - MADGAON Konkan Knaya Exp,MTN,MUMBAI MATUNGA,23:22:00,23:22:00,1,489858
19131,MUMBAI BANDRA - BHUJ Kutch Exp,DIC,DAHISAR,17:49:00,17:49:00,1,486559
12869,MUMBAI CST - HOWRAH SF Exp,MTN,MUMBAI MATUNGA,11:21:00,11:21:00,1,494084
12809,MUMBAI CST - HOWRAH SF Mail (via NAGPUR),MTN,MUMBAI MATUNGA,20:51:00,20:51:00,1,494684
10103,MUMBAI CST - MADGAON Mandovi Exp,MTN,MUMBAI MATUNGA,07:12:00,07:12:00,1,490008
19115,MUMBAI BANDRA - BHUJ Sayaji Nagari Exp,DIC,DAHISAR,15:22:00,15:22:00,1,486270
12009,Mumbai-Ahmedabad Shatabdi Express,DIC,DAHISAR,07:00:00,07:00:00,1,396195
12480,MUMBAI BANDRA - JODHPUR Suryanagari SF Exp,DIC,DAHISAR,14:02:00,14:02:00,1,473801
16331,MUMBAI CST - TRIVANDRUM Exp,MTN,MUMBAI MATUNGA,12:21:00,12:21:00,1,551014
12959,MUMBAI DADAR - BHUJ SF Exp,DIC,DAHISAR,00:29:00,00:29:00,2,471667
12137,Punjab Mail,MTN,MUMBAI MATUNGA,19:56:00,19:56:00,1,314066
12995-Slip,Bandra-Udaipur SF Express Slip,DIC,DAHISAR,16:29:00,16:29:00,1,183033
12955,Mumbai-Jaipur SF Express,DIC,DAHISAR,19:32:00,19:32:00,1,100814
12989,Dadar Ajmer Superfast Express,DIC,DAHISAR,15:08:00,15:08:00,1,334016
12125,Pragati Superfast Express,MTN,MUMBAI MATUNGA,16:40:00,16:40:00,1,253173
04728,Mumbai BandraT-Bikaner SF Special,DIC,DAHISAR,15:10:00,15:10:00,1,3968
12139-Slip,Sewagram Express Slip,MTN,MUMBAI MATUNGA,15:11:00,15:11:00,1,357447
11007,Deccan Express,MTN,MUMBAI MATUNGA,07:26:00,07:26:00,1,267298
12953,MumbaiCentral-H Nizamuddin August Kranti Rajdhani Express,JOS,JOGESHWARI,18:06:00,18:06:00,1,66416
12995,Bandra-Udaipur SF Express,DIC,DAHISAR,16:29:00,16:29:00,1,68485
19017,Saurashtra Janata Express,DIC,DAHISAR,18:22:00,18:22:00,1,123873
59441,Mumbai Central-Ahmedabad Passenger,MRU,MUMBAI MATUNGA ROAD,22:55:00,22:55:00,1,125614
19019,Bandra T - Dehradun Express,DIC,DAHISAR,00:23:00,00:23:00,2,62816
11027,Mumbai CST-Chennai Mail,MTN,MUMBAI MATUNGA,23:56:00,23:56:00,1,134171
12216,Mumbai Bandra T. - Delhi Sarai Rohilla Garib Rath,DIC,DAHISAR,13:25:00,13:25:00,1,76126
12921,Flying Rani Express,JOS,JOGESHWARI,18:23:00,18:23:00,1,47969
19039,Awadh Express,JOS,JOGESHWARI,23:02:00,23:02:00,1,285202
12139,Sevagram Express,MTN,MUMBAI MATUNGA,15:11:00,15:11:00,1,51412
19037,Awadh Express,JOS,JOGESHWARI,23:02:00,23:02:00,1,299502
59439,Ahmadabad Passenger,MRU,MUMBAI MATUNGA ROAD,12:32:00,12:32:00,1,294609
16529,Udyan Express,MTN,MUMBAI MATUNGA,08:21:00,08:21:00,1,38778
59045,Vapi Passenger,JOS,JOGESHWARI,09:48:00,09:48:00,1,115067
12322,MUMBAI CST - HOWRAH Mail (via Allahabad),MTN,MUMBAI MATUNGA,21:41:00,21:41:00,1,553770
17057-Slip,Mumbai -Daund Devagiri Express Slip,MTN,MUMBAI MATUNGA,21:21:00,21:21:00,1,179668
12127,MumbaiCST-Pune SF InterCity,MTN,MUMBAI MATUNGA,06:59:00,06:59:00,1,112673
17031,Mumbai CST-Hyderabad Express,MTN,MUMBAI MATUNGA,13:01:00,13:01:00,1,102509
12961,Avantika Express,DIC,DAHISAR,19:45:00,19:45:00,1,146989
12490,Dadar - Bikaner Express,DIC,DAHISAR,15:08:00,15:08:00,1,129892
19215,Saurashtra Express,MRU,MUMBAI MATUNGA ROAD,08:34:00,08:34:00,1,150510
51029,Bijapur Fast Passenger,MTN,MUMBAI MATUNGA,23:11:00,23:11:00,1,13350
12903,Golden Temple Mail,DIC,DAHISAR,22:06:00,22:06:00,1,223831
51027,MumbaiCST-Pandharpur Fast Passenger,MTN,MUMBAI MATUNGA,23:11:00,23:11:00,1,13186
12907,Maharashtra Sampark Kranti Express,DIC,DAHISAR,17:26:00,17:26:00,1,218852
17617,Tapovan Express,MTN,MUMBAI MATUNGA,06:26:00,06:26:00,1,84101
12471,Mumbai Bandra (T.) - Jammu Tawi SF Swaraj Express,DIC,DAHISAR,08:30:00,08:30:00,1,48841
12105,Vidarbha Express,MTN,MUMBAI MATUNGA,19:26:00,19:26:00,1,222022
12111,Mumbai CST-Amaravati SF Express,MTN,MUMBAI MATUNGA,20:16:00,20:16:00,1,218557
12901,Gujarat Mail,MRU,MUMBAI MATUNGA ROAD,22:03:00,22:03:00,1,91036
09561,Bandra Terminus Okha Weekly Special,DIC,DAHISAR,00:40:00,00:40:00,2,9889
12859,MUMBAI CST - HOWRAH Gitanjali Exp,MTN,MUMBAI MATUNGA,06:16:00,06:16:00,1,496065
19005,Saurashtra Mail,MRU,MUMBAI MATUNGA ROAD,20:40:00,20:40:00,1,239107
19023,Mumbai Firozpur Janata Express,MRU,MUMBAI MATUNGA ROAD,07:38:00,07:38:00,1,235155
16339,MUMBAI CST - NAGERCOIL Exp,MTN,MUMBAI MATUNGA,12:21:00,12:21:00,1,547034
12909,Bandra Terminus- Hazrat Nizamuddin Garib Rath,DIC,DAHISAR,17:28:00,17:28:00,1,231804
11029,Koyna Express,MTN,MUMBAI MATUNGA,08:56:00,08:56:00,1,22369
14708,MUMBAI BANDRA - BIKANER Ranakpur Exp,DIC,DAHISAR,15:34:00,15:34:00,1,531916
16351,MUMBAI CST - NAGERCOIL Balaji Exp,MTN,MUMBAI MATUNGA,12:21:00,12:21:00,1,531012
12933,Karnavati Express,DIC,DAHISAR,14:19:00,14:19:00,1,307234
09021,BANDRA TERMINUS - JAMMU TAWI AC Suvidha Special (Starts 4 April),DIC,DAHISAR,17:29:00,17:29:00,1,430076
12935,Bandra Surat InterCity Express,JOS,JOGESHWARI,07:11:00,07:11:00,1,394755
12925,Paschim Express,JOS,JOGESHWARI,11:56:00,11:56:00,1,362654
19005-Slip,Saurashtra Mail,MRU,MUMBAI MATUNGA ROAD,20:40:00,20:40:00,1,33764
59441-Slip,Ahmedabad Passenger Slip,MRU,MUMBAI MATUNGA ROAD,22:55:00,22:55:00,1,196847
19049,MUMBAI BANDRA T - PATNA Exp,DIC,DAHISAR,16:29:00,16:29:00,1,500426
12927,Mumbai Central -Vadodara Express,DIC,DAHISAR,00:18:00,00:18:00,2,212352
12525,Indrayani SF Express,MTN,MUMBAI MATUNGA,05:54:00,05:54:00,1,203088
12925-Slip,Paschim Express Slip,JOS,JOGESHWARI,11:56:00,11:56:00,1,45693
12971,Bhavnagar Express,JOS,JOGESHWARI,21:47:00,21:47:00,1,35303
12979,Mumbai Bandra (T.) - Jaipur (Tri-weekly) SF Exp,JOS,JOGESHWARI,16:08:00,16:08:00,1,205046
12362,MUMBAI CST - ASANSOL SF Exp,MTN,MUMBAI MATUNGA,11:21:00,11:21:00,1,521243
12071,Mumbai Aurangabad Jan Shatabdi,MTN,MUMBAI MATUNGA,14:01:00,14:01:00,1,236164
12362,MUMBAI CST - ASANSOL SF Exp,SIN,MUMBAI SION,11:23:00,11:23:00,1,521244
11007,Deccan Express,SIN,MUMBAI SION,07:29:00,07:29:00,1,267299
09021,BANDRA TERMINUS - JAMMU TAWI AC Suvidha Special (Starts 4 April),MIRA,MIRA ROAD,17:31:00,17:31:00,1,430077
12935,Bandra Surat InterCity Express,GMN,GOREGAON,07:16:00,07:16:00,1,394756
12933,Karnavati Express,MIRA,MIRA ROAD,14:22:00,14:22:00,1,307235
12480,MUMBAI BANDRA - JODHPUR Suryanagari SF Exp,MIRA,MIRA ROAD,14:05:00,14:05:00,1,473802
12927,Mumbai Central -Vadodara Express,MIRA,MIRA ROAD,00:22:00,00:22:00,2,212353
12071,Mumbai Aurangabad Jan Shatabdi,SIN,MUMBAI SION,14:04:00,14:04:00,1,236165
12527,Mumbai CST-Latur Superfast Express.,SIN,MUMBAI SION,21:18:00,21:18:00,1,264232
12525,Indrayani SF Express,SIN,MUMBAI SION,05:56:00,05:56:00,1,203089
12471,Mumbai Bandra (T.) - Jammu Tawi SF Swaraj Express,MIRA,MIRA ROAD,08:33:00,08:33:00,1,48842
12961,Avantika Express,MIRA,MIRA ROAD,19:48:00,19:48:00,1,146990
12925-Slip,Paschim Express Slip,GMN,GOREGAON,12:01:00,12:01:00,1,45694
19707,Aravalli Express,GMN,GOREGAON,21:28:00,21:28:00,1,397813
12009,Mumbai-Ahmedabad Shatabdi Express,MIRA,MIRA ROAD,07:03:00,07:03:00,1,396196
19215,Saurashtra Express,MM,MUMBAI MAHIM JN,08:35:00,08:35:00,1,150511
19037,Awadh Express,GMN,GOREGAON,23:07:00,23:07:00,1,299503
12490,Dadar - Bikaner Express,MIRA,MIRA ROAD,15:11:00,15:11:00,1,129893
59441,Mumbai Central-Ahmedabad Passenger,MM,MUMBAI MAHIM JN,22:57:00,22:57:00,1,125615
12105,Vidarbha Express,SIN,MUMBAI SION,19:29:00,19:29:00,1,222023
19039,Awadh Express,GMN,GOREGAON,23:07:00,23:07:00,1,285203
19065,MUMBAI BANDRA - BHAGAT KI KOTHI Exp,MIRA,MIRA ROAD,00:07:00,00:07:00,2,451676
12051,DADAR - MADGAON Jan Shatabdi Exp,DTVL,DATIVLI,06:03:00,06:03:00,1,490163
51033,Mumbai Sainagar Shirdi Fast Pass(Via Daund),SIN,MUMBAI SION,23:14:00,23:14:00,1,13553
11041,Mumbai - Chennai Express,SIN,MUMBAI SION,14:19:00,14:19:00,1,54110
12115,Siddheshwar Express,SIN,MUMBAI SION,22:59:00,22:59:00,1,112586
12995,Bandra-Udaipur SF Express,MIRA,MIRA ROAD,16:32:00,16:32:00,1,68486
12188,Mumbai-Jabalpur Garib Rath Express,SIN,MUMBAI SION,13:48:00,13:48:00,1,151041
12139,Sevagram Express,SIN,MUMBAI SION,15:14:00,15:14:00,1,51413
19019,Bandra T - Dehradun Express,MIRA,MIRA ROAD,00:27:00,00:27:00,2,62817
59439,Ahmadabad Passenger,MM,MUMBAI MAHIM JN,12:35:00,12:35:00,1,294610
11011,Mahalaxmi Express,SIN,MUMBAI SION,20:39:00,20:39:00,1,343630
12139-Slip,Sewagram Express Slip,SIN,MUMBAI SION,15:14:00,15:14:00,1,357448
12953,MumbaiCentral-H Nizamuddin August Kranti Rajdhani Express,GMN,GOREGAON,18:09:00,18:09:00,1,66417
19011,Gujarat Express,MM,MUMBAI MAHIM JN,06:00:00,06:00:00,1,351930
12216,Mumbai Bandra T. - Delhi Sarai Rohilla Garib Rath,MIRA,MIRA ROAD,13:27:00,13:27:00,1,76127
22602,SAINAGAR SHIRDI - CHENNAI CENT SF Exp,BAP,BELAPUR,09:20:00,09:20:00,1,488957
11027,Mumbai CST-Chennai Mail,SIN,MUMBAI SION,23:59:00,23:59:00,1,134172
59023,Mumbai Valsad Passenger,MM,MUMBAI MAHIM JN,18:24:00,18:24:00,1,344697
12925,Paschim Express,GMN,GOREGAON,12:02:00,12:02:00,1,362655
11003,DADAR - SAWANTWADI RD Rajya Rani Exp,DTVL,DATIVLI,00:34:00,00:34:00,2,480908
19049,MUMBAI BANDRA T - PATNA Exp,MIRA,MIRA ROAD,16:32:00,16:32:00,1,500427
12859,MUMBAI CST - HOWRAH Gitanjali Exp,SIN,MUMBAI SION,06:19:00,06:19:00,1,496066
12809,MUMBAI CST - HOWRAH SF Mail (via NAGPUR),SIN,MUMBAI SION,20:54:00,20:54:00,1,494685
10111,MUMBAI CST - MADGAON Konkan Knaya Exp,SIN,MUMBAI SION,23:25:00,23:25:00,1,489859
10103,MUMBAI CST - MADGAON Mandovi Exp,SIN,MUMBAI SION,07:15:00,07:15:00,1,490009
19115,MUMBAI BANDRA - BHUJ Sayaji Nagari Exp,MIRA,MIRA ROAD,15:25:00,15:25:00,1,486271
12989,Dadar Ajmer Superfast Express,MIRA,MIRA ROAD,15:11:00,15:11:00,1,334017
17057-Slip,Mumbai -Daund Devagiri Express Slip,SIN,MUMBAI SION,21:24:00,21:24:00,1,179669
11019,Konark Express,SIN,MUMBAI SION,15:29:00,15:29:00,1,323098
12201,MUMBAI LTT - KOCHUVELI Garib Rath Exp,DTVL,DATIVLI,17:32:00,17:32:00,1,555555
11023,Sahyadri Express,SIN,MUMBAI SION,18:08:00,18:08:00,1,333916
19143,Lokshakti Express,GMN,GOREGAON,20:12:00,20:12:00,1,310265
16381,Mumbai CST - Kanyakumari Express,SIN,MUMBAI SION,16:03:00,16:03:00,1,307350
51153,Mumbai Bhusaval Passenger,SIN,MUMBAI SION,05:35:00,05:35:00,1,13941
17057,Mumbai-Secunderabad Devagiri Expres,SIN,MUMBAI SION,21:24:00,21:24:00,1,250062
59045,Vapi Passenger,GMN,GOREGAON,09:52:00,09:52:00,1,115068
09001,Mumbai Central - Ahmedabad SF Special,MIRA,MIRA ROAD,23:35:00,23:35:00,1,253838
16529,Udyan Express,SIN,MUMBAI SION,08:23:00,08:23:00,1,38779
11009,Sinhagad Express,SIN,MUMBAI SION,14:49:00,14:49:00,1,269955
12109,Panchavati Express,SIN,MUMBAI SION,18:33:00,18:33:00,1,266697
12322,MUMBAI CST - HOWRAH Mail (via Allahabad),SIN,MUMBAI SION,21:43:00,21:43:00,1,553771
16331,MUMBAI CST - TRIVANDRUM Exp,SIN,MUMBAI SION,12:24:00,12:24:00,1,551015
11401,Nandigram Express,SIN,MUMBAI SION,16:54:00,16:54:00,1,141418
12137,Punjab Mail,SIN,MUMBAI SION,19:59:00,19:59:00,1,314067
17031,Mumbai CST-Hyderabad Express,SIN,MUMBAI SION,13:04:00,13:04:00,1,102510
12995-Slip,Bandra-Udaipur SF Express Slip,MIRA,MIRA ROAD,16:32:00,16:32:00,1,183034
12127,MumbaiCST-Pune SF InterCity,SIN,MUMBAI SION,07:01:00,07:01:00,1,112674
12955,Mumbai-Jaipur SF Express,MIRA,MIRA ROAD,19:35:00,19:35:00,1,100815
12125,Pragati Superfast Express,SIN,MUMBAI SION,16:42:00,16:42:00,1,253174
16339,MUMBAI CST - NAGERCOIL Exp,SIN,MUMBAI SION,12:24:00,12:24:00,1,547035
09561,Bandra Terminus Okha Weekly Special,MIRA,MIRA ROAD,00:43:00,00:43:00,2,9890
19023,Mumbai Firozpur Janata Express,MM,MUMBAI MAHIM JN,07:40:00,07:40:00,1,235156
51027,MumbaiCST-Pandharpur Fast Passenger,SIN,MUMBAI SION,23:14:00,23:14:00,1,13187
59441-Slip,Ahmedabad Passenger Slip,MM,MUMBAI MAHIM JN,22:57:00,22:57:00,1,196848
12921,Flying Rani Express,GMN,GOREGAON,18:28:00,18:28:00,1,47970
04728,Mumbai BandraT-Bikaner SF Special,MIRA,MIRA ROAD,15:13:00,15:13:00,1,3969
14708,MUMBAI BANDRA - BIKANER Ranakpur Exp,MIRA,MIRA ROAD,15:37:00,15:37:00,1,531917
12111,Mumbai CST-Amaravati SF Express,SIN,MUMBAI SION,20:19:00,20:19:00,1,218558
12959,MUMBAI DADAR - BHUJ SF Exp,MIRA,MIRA ROAD,00:34:00,00:34:00,2,471668
19131,MUMBAI BANDRA - BHUJ Kutch Exp,MIRA,MIRA ROAD,17:53:00,17:53:00,1,486560
12979,Mumbai Bandra (T.) - Jaipur (Tri-weekly) SF Exp,GMN,GOREGAON,16:13:00,16:13:00,1,205047
16351,MUMBAI CST - NAGERCOIL Balaji Exp,SIN,MUMBAI SION,12:24:00,12:24:00,1,531013
16345,MUMBAI LTT - TRIVANDRUM Netravati Exp,DTVL,DATIVLI,12:21:00,12:21:00,1,481025
12901,Gujarat Mail,MM,MUMBAI MAHIM JN,22:05:00,22:05:00,1,91037
12909,Bandra Terminus- Hazrat Nizamuddin Garib Rath,MIRA,MIRA ROAD,17:30:00,17:30:00,1,231805
19017,Saurashtra Janata Express,MIRA,MIRA ROAD,18:25:00,18:25:00,1,123874
19005,Saurashtra Mail,MM,MUMBAI MAHIM JN,20:42:00,20:42:00,1,239108
12907,Maharashtra Sampark Kranti Express,MIRA,MIRA ROAD,17:29:00,17:29:00,1,218853
12903,Golden Temple Mail,MIRA,MIRA ROAD,22:08:00,22:08:00,1,223832
17617,Tapovan Express,SIN,MUMBAI SION,06:29:00,06:29:00,1,84102
12869,MUMBAI CST - HOWRAH SF Exp,SIN,MUMBAI SION,11:23:00,11:23:00,1,494085
51029,Bijapur Fast Passenger,SIN,MUMBAI SION,23:14:00,23:14:00,1,13351
11093,MUMBAI CST - VARANASI Mahanagari Exp,SIN,MUMBAI SION,00:29:00,00:29:00,1,534036
19005-Slip,Saurashtra Mail,MM,MUMBAI MAHIM JN,20:42:00,20:42:00,1,33765
11029,Koyna Express,SIN,MUMBAI SION,08:58:00,08:58:00,1,22370
12971,Bhavnagar Express,GMN,GOREGAON,21:53:00,21:53:00,1,35304
19049,MUMBAI BANDRA T - PATNA Exp,BYR,BHAYANDAR,16:35:00,16:35:00,1,500428
19115,MUMBAI BANDRA - BHUJ Sayaji Nagari Exp,BYR,BHAYANDAR,15:28:00,15:28:00,1,486272
14708,MUMBAI BANDRA - BIKANER Ranakpur Exp,BYR,BHAYANDAR,15:40:00,15:40:00,1,531918
12979,Mumbai Bandra (T.) - Jaipur (Tri-weekly) SF Exp,MDD,MALAD,16:18:00,16:18:00,1,205048
19143,Lokshakti Express,MDD,MALAD,20:15:00,20:15:00,1,310266
12989,Dadar Ajmer Superfast Express,BYR,BHAYANDAR,15:13:00,15:13:00,1,334018
59441-Slip,Ahmedabad Passenger Slip,BA,BANDRA,22:59:00,22:59:00,1,196849
19005-Slip,Saurashtra Mail,BA,BANDRA,20:44:00,20:44:00,1,33766
12971,Bhavnagar Express,MDD,MALAD,21:58:00,21:58:00,1,35305
19065,MUMBAI BANDRA - BHAGAT KI KOTHI Exp,BYR,BHAYANDAR,00:10:00,00:10:00,2,451677
09021,BANDRA TERMINUS - JAMMU TAWI AC Suvidha Special (Starts 4 April),BYR,BHAYANDAR,17:34:00,17:34:00,1,430078
19215,Saurashtra Express,BA,BANDRA,08:37:00,08:37:00,1,150512
12490,Dadar - Bikaner Express,BYR,BHAYANDAR,15:14:00,15:14:00,1,129894
12471,Mumbai Bandra (T.) - Jammu Tawi SF Swaraj Express,BYR,BHAYANDAR,08:35:00,08:35:00,1,48843
12480,MUMBAI BANDRA - JODHPUR Suryanagari SF Exp,BYR,BHAYANDAR,14:08:00,14:08:00,1,473803
59441,Mumbai Central-Ahmedabad Passenger,BA,BANDRA,22:59:00,22:59:00,1,125616
12961,Avantika Express,BYR,BHAYANDAR,19:50:00,19:50:00,1,146991
12009,Mumbai-Ahmedabad Shatabdi Express,BYR,BHAYANDAR,07:05:00,07:05:00,1,396197
19707,Aravalli Express,MDD,MALAD,21:32:00,21:32:00,1,397814
12619,MUMBAI LTT - MANGALORE CENT Matsyagandha Exp,DTVL,DATIVLI,15:55:00,15:55:00,1,480718
12935,Bandra Surat InterCity Express,MDD,MALAD,07:20:00,07:20:00,1,394757
19131,MUMBAI BANDRA - BHUJ Kutch Exp,BYR,BHAYANDAR,17:56:00,17:56:00,1,486561
12933,Karnavati Express,BYR,BHAYANDAR,14:24:00,14:24:00,1,307236
12953,MumbaiCentral-H Nizamuddin August Kranti Rajdhani Express,MDD,MALAD,18:12:00,18:12:00,1,66418
12927,Mumbai Central -Vadodara Express,BYR,BHAYANDAR,00:25:00,00:25:00,2,212354
12909,Bandra Terminus- Hazrat Nizamuddin Garib Rath,BYR,BHAYANDAR,17:32:00,17:32:00,1,231806
09001,Mumbai Central - Ahmedabad SF Special,BYR,BHAYANDAR,23:38:00,23:38:00,1,253839
12925-Slip,Paschim Express Slip,MDD,MALAD,12:05:00,12:05:00,1,45695
19011,Gujarat Express,BA,BANDRA,06:02:00,06:02:00,1,351931
12133,MUMBAI CST - MANGALORE Exp,DTVL,DATIVLI,22:54:00,22:54:00,1,480522
12925,Paschim Express,MDD,MALAD,12:05:00,12:05:00,1,362656
59023,Mumbai Valsad Passenger,BA,BANDRA,18:26:00,18:26:00,1,344698
59439,Ahmadabad Passenger,BA,BANDRA,12:38:00,12:38:00,1,294611
12995,Bandra-Udaipur SF Express,BYR,BHAYANDAR,16:35:00,16:35:00,1,68487
19039,Awadh Express,MDD,MALAD,23:11:00,23:11:00,1,285204
19019,Bandra T - Dehradun Express,BYR,BHAYANDAR,00:32:00,00:32:00,2,62818
12216,Mumbai Bandra T. - Delhi Sarai Rohilla Garib Rath,BYR,BHAYANDAR,13:29:00,13:29:00,1,76128
19037,Awadh Express,MDD,MALAD,23:11:00,23:11:00,1,299504
19017,Saurashtra Janata Express,BYR,BHAYANDAR,18:28:00,18:28:00,1,123875
12921,Flying Rani Express,MDD,MALAD,18:32:00,18:32:00,1,47971
12959,MUMBAI DADAR - BHUJ SF Exp,BYR,BHAYANDAR,00:38:00,00:38:00,2,471669
12955,Mumbai-Jaipur SF Express,BYR,BHAYANDAR,19:37:00,19:37:00,1,100816
19023,Mumbai Firozpur Janata Express,BA,BANDRA,07:42:00,07:42:00,1,235157
12903,Golden Temple Mail,BYR,BHAYANDAR,22:11:00,22:11:00,1,223833
12901,Gujarat Mail,BA,BANDRA,22:09:00,22:09:00,1,91038
12995-Slip,Bandra-Udaipur SF Express Slip,BYR,BHAYANDAR,16:35:00,16:35:00,1,183035
59045,Vapi Passenger,MDD,MALAD,09:55:00,09:55:00,1,115069
09561,Bandra Terminus Okha Weekly Special,BYR,BHAYANDAR,00:47:00,00:47:00,2,9891
12907,Maharashtra Sampark Kranti Express,BYR,BHAYANDAR,17:32:00,17:32:00,1,218854
19005,Saurashtra Mail,BA,BANDRA,20:44:00,20:44:00,1,239109
04728,Mumbai BandraT-Bikaner SF Special,BYR,BHAYANDAR,15:15:00,15:15:00,1,3970
12901,Gujarat Mail,BDTS,MUMBAI BANDRA TERMINUS,22:11:00,22:11:00,1,91039
59439,Ahmadabad Passenger,BDTS,MUMBAI BANDRA TERMINUS,12:39:00,12:39:00,1,294612
19037,Awadh Express,KILE,KANDIVLI,23:15:00,23:15:00,1,299505
12051,DADAR - MADGAON Jan Shatabdi Exp,TPND,TALOJA PANCHAND,06:20:00,06:20:00,1,490165
19215,Saurashtra Express,BDTS,MUMBAI BANDRA TERMINUS,08:38:00,08:38:00,1,150513
12125,Pragati Superfast Express,LTT,LOKMANYA TILAK TERM,16:45:00,16:45:00,1,253176
12188,Mumbai-Jabalpur Garib Rath Express,LTT,LOKMANYA TILAK TERM,13:51:00,13:51:00,1,151043
11401,Nandigram Express,LTT,LOKMANYA TILAK TERM,16:57:00,16:57:00,1,141420
12201,MUMBAI LTT - KOCHUVELI Garib Rath Exp,TPND,TALOJA PANCHAND,17:50:00,17:50:00,1,555557
11003,DADAR - SAWANTWADI RD Rajya Rani Exp,TPND,TALOJA PANCHAND,00:53:00,00:53:00,2,480910
12105,Vidarbha Express,LTT,LOKMANYA TILAK TERM,19:32:00,19:32:00,1,222025
17057-Slip,Mumbai -Daund Devagiri Express Slip,LTT,LOKMANYA TILAK TERM,21:27:00,21:27:00,1,179671
12071,Mumbai Aurangabad Jan Shatabdi,LTT,LOKMANYA TILAK TERM,14:07:00,14:07:00,1,236167
12971,Bhavnagar Express,KILE,KANDIVLI,22:02:00,22:02:00,1,35306
19005-Slip,Saurashtra Mail,BDTS,MUMBAI BANDRA TERMINUS,20:45:00,20:45:00,1,33767
11019,Konark Express,LTT,LOKMANYA TILAK TERM,15:32:00,15:32:00,1,323100
11023,Sahyadri Express,LTT,LOKMANYA TILAK TERM,18:12:00,18:12:00,1,333918
19143,Lokshakti Express,KILE,KANDIVLI,20:19:00,20:19:00,1,310267
12525,Indrayani SF Express,LTT,LOKMANYA TILAK TERM,06:00:00,06:00:00,1,203091
51153,Mumbai Bhusaval Passenger,LTT,LOKMANYA TILAK TERM,05:39:00,05:39:00,1,13943
19039,Awadh Express,KILE,KANDIVLI,23:15:00,23:15:00,1,285205
12979,Mumbai Bandra (T.) - Jaipur (Tri-weekly) SF Exp,KILE,KANDIVLI,16:21:00,16:21:00,1,205049
16345,MUMBAI LTT - TRIVANDRUM Netravati Exp,TPND,TALOJA PANCHAND,12:36:00,12:36:00,1,481027
59441-Slip,Ahmedabad Passenger Slip,BDTS,MUMBAI BANDRA TERMINUS,23:00:00,23:00:00,1,196850
12935,Bandra Surat InterCity Express,KILE,KANDIVLI,07:23:00,07:23:00,1,394758
11009,Sinhagad Express,LTT,LOKMANYA TILAK TERM,14:52:00,14:52:00,1,269957
11041,Mumbai - Chennai Express,LTT,LOKMANYA TILAK TERM,14:22:00,14:22:00,1,54112
16381,Mumbai CST - Kanyakumari Express,LTT,LOKMANYA TILAK TERM,16:07:00,16:07:00,1,307352
11027,Mumbai CST-Chennai Mail,LTT,LOKMANYA TILAK TERM,00:02:00,00:02:00,2,134174
12137,Punjab Mail,LTT,LOKMANYA TILAK TERM,20:02:00,20:02:00,1,314069
59441,Mumbai Central-Ahmedabad Passenger,BDTS,MUMBAI BANDRA TERMINUS,23:00:00,23:00:00,1,125617
11029,Koyna Express,LTT,LOKMANYA TILAK TERM,09:01:00,09:01:00,1,22372
19707,Aravalli Express,KILE,KANDIVLI,21:36:00,21:36:00,1,397815
12925-Slip,Paschim Express Slip,KILE,KANDIVLI,12:09:00,12:09:00,1,45696
12527,Mumbai CST-Latur Superfast Express.,LTT,LOKMANYA TILAK TERM,21:21:00,21:21:00,1,264234
17057,Mumbai-Secunderabad Devagiri Expres,LTT,LOKMANYA TILAK TERM,21:27:00,21:27:00,1,250064
12109,Panchavati Express,LTT,LOKMANYA TILAK TERM,18:36:00,18:36:00,1,266699
51033,Mumbai Sainagar Shirdi Fast Pass(Via Daund),LTT,LOKMANYA TILAK TERM,23:17:00,23:17:00,1,13555
11007,Deccan Express,LTT,LOKMANYA TILAK TERM,07:32:00,07:32:00,1,267301
11011,Mahalaxmi Express,LTT,LOKMANYA TILAK TERM,20:42:00,20:42:00,1,343632
12127,MumbaiCST-Pune SF InterCity,LTT,LOKMANYA TILAK TERM,07:03:00,07:03:00,1,112676
17031,Mumbai CST-Hyderabad Express,LTT,LOKMANYA TILAK TERM,13:07:00,13:07:00,1,102512
12925,Paschim Express,KILE,KANDIVLI,12:09:00,12:09:00,1,362657
12115,Siddheshwar Express,LTT,LOKMANYA TILAK TERM,23:02:00,23:02:00,1,112588
12139-Slip,Sewagram Express Slip,LTT,LOKMANYA TILAK TERM,15:17:00,15:17:00,1,357450
19011,Gujarat Express,BDTS,MUMBAI BANDRA TERMINUS,06:03:00,06:03:00,1,351932
51029,Bijapur Fast Passenger,LTT,LOKMANYA TILAK TERM,23:17:00,23:17:00,1,13353
59023,Mumbai Valsad Passenger,BDTS,MUMBAI BANDRA TERMINUS,18:27:00,18:27:00,1,344699
51027,MumbaiCST-Pandharpur Fast Passenger,LTT,LOKMANYA TILAK TERM,23:17:00,23:17:00,1,13189
59045,Vapi Passenger,KILE,KANDIVLI,09:57:00,09:57:00,1,115070
12921,Flying Rani Express,KILE,KANDIVLI,18:35:00,18:35:00,1,47972
12111,Mumbai CST-Amaravati SF Express,LTT,LOKMANYA TILAK TERM,20:23:00,20:23:00,1,218560
12953,MumbaiCentral-H Nizamuddin August Kranti Rajdhani Express,KILE,KANDIVLI,18:14:00,18:14:00,1,66419
19005,Saurashtra Mail,BDTS,MUMBAI BANDRA TERMINUS,20:46:00,20:46:00,1,239110
16529,Udyan Express,LTT,LOKMANYA TILAK TERM,08:27:00,08:27:00,1,38781
17617,Tapovan Express,LTT,LOKMANYA TILAK TERM,06:32:00,06:32:00,1,84104
12139,Sevagram Express,LTT,LOKMANYA TILAK TERM,15:17:00,15:17:00,1,51415
19023,Mumbai Firozpur Janata Express,BDTS,MUMBAI BANDRA TERMINUS,07:43:00,07:43:00,1,235158
12619,MUMBAI LTT - MANGALORE CENT Matsyagandha Exp,TPND,TALOJA PANCHAND,16:08:00,16:08:00,1,480720
19005,Saurashtra Mail,KHAR,KHAR,20:47:00,20:47:00,1,239111
12133,MUMBAI CST - MANGALORE Exp,TPND,TALOJA PANCHAND,23:07:00,23:07:00,1,480524
19023,Mumbai Firozpur Janata Express,KHAR,KHAR,07:44:00,07:44:00,1,235159
12903,Golden Temple Mail,BSR,VASAI ROAD,22:17:00,22:17:00,1,223835
09021,BANDRA TERMINUS - JAMMU TAWI AC Suvidha Special (Starts 4 April),BSR,VASAI ROAD,17:40:00,17:40:00,1,430080
12909,Bandra Terminus- Hazrat Nizamuddin Garib Rath,BSR,VASAI ROAD,17:38:00,17:38:00,1,231808
12480,MUMBAI BANDRA - JODHPUR Suryanagari SF Exp,BSR,VASAI ROAD,14:15:00,14:15:00,1,473805
12471,Mumbai Bandra (T.) - Jammu Tawi SF Swaraj Express,BSR,VASAI ROAD,08:42:00,08:42:00,1,48845
19065,MUMBAI BANDRA - BHAGAT KI KOTHI Exp,BSR,VASAI ROAD,00:17:00,00:17:00,2,451679
19215,Saurashtra Express,KHAR,KHAR,08:39:00,08:39:00,1,150514
12933,Karnavati Express,BSR,VASAI ROAD,14:31:00,14:31:00,1,307238
12961,Avantika Express,BSR,VASAI ROAD,19:57:00,19:57:00,1,146993
12927,Mumbai Central -Vadodara Express,BSR,VASAI ROAD,00:33:00,00:33:00,2,212356
12490,Dadar - Bikaner Express,BSR,VASAI ROAD,15:21:00,15:21:00,1,129896
12995-Slip,Bandra-Udaipur SF Express Slip,BSR,VASAI ROAD,16:42:00,16:42:00,1,183037
12901,Gujarat Mail,KHAR,KHAR,22:12:00,22:12:00,1,91040
12907,Maharashtra Sampark Kranti Express,BSR,VASAI ROAD,17:40:00,17:40:00,1,218856
04728,Mumbai BandraT-Bikaner SF Special,BSR,VASAI ROAD,15:22:00,15:22:00,1,3972
59441-Slip,Ahmedabad Passenger Slip,KHAR,KHAR,23:02:00,23:02:00,1,196851
19049,MUMBAI BANDRA T - PATNA Exp,BSR,VASAI ROAD,16:42:00,16:42:00,1,500430
19131,MUMBAI BANDRA - BHUJ Kutch Exp,BSR,VASAI ROAD,18:04:00,18:04:00,1,486563
19115,MUMBAI BANDRA - BHUJ Sayaji Nagari Exp,BSR,VASAI ROAD,15:35:00,15:35:00,1,486274
12989,Dadar Ajmer Superfast Express,BSR,VASAI ROAD,15:20:00,15:20:00,1,334020
59439,Ahmadabad Passenger,KHAR,KHAR,12:41:00,12:41:00,1,294613
12995,Bandra-Udaipur SF Express,BSR,VASAI ROAD,16:42:00,16:42:00,1,68489
14708,MUMBAI BANDRA - BIKANER Ranakpur Exp,BSR,VASAI ROAD,15:48:00,15:48:00,1,531920
19005-Slip,Saurashtra Mail,KHAR,KHAR,20:47:00,20:47:00,1,33768
09001,Mumbai Central - Ahmedabad SF Special,BSR,VASAI ROAD,23:47:00,23:47:00,1,253841
12009,Mumbai-Ahmedabad Shatabdi Express,BSR,VASAI ROAD,07:10:00,07:10:00,1,396199
12216,Mumbai Bandra T. - Delhi Sarai Rohilla Garib Rath,BSR,VASAI ROAD,13:35:00,13:35:00,1,76130
19017,Saurashtra Janata Express,BSR,VASAI ROAD,18:36:00,18:36:00,1,123877
09561,Bandra Terminus Okha Weekly Special,BSR,VASAI ROAD,00:56:00,00:56:00,2,9893
19011,Gujarat Express,KHAR,KHAR,06:04:00,06:04:00,1,351933
59023,Mumbai Valsad Passenger,KHAR,KHAR,18:29:00,18:29:00,1,344700
59441,Mumbai Central-Ahmedabad Passenger,KHAR,KHAR,23:02:00,23:02:00,1,125618
12955,Mumbai-Jaipur SF Express,BSR,VASAI ROAD,19:44:00,19:44:00,1,100818
16345,MUMBAI LTT - TRIVANDRUM Netravati Exp,KLMG,KALAMBOLI GOODS,None,None,,481029
59441,Mumbai Central-Ahmedabad Passenger,STC,SANTA CRUZ,23:04:00,23:04:00,1,125619
12201,MUMBAI LTT - KOCHUVELI Garib Rath Exp,KLMG,KALAMBOLI GOODS,None,None,,555559
11003,DADAR - SAWANTWADI RD Rajya Rani Exp,KLMG,KALAMBOLI GOODS,None,None,,480912
59441-Slip,Ahmedabad Passenger Slip,STC,SANTA CRUZ,23:04:00,23:04:00,1,196852
12051,DADAR - MADGAON Jan Shatabdi Exp,KLMG,KALAMBOLI GOODS,None,None,,490167
12901,Gujarat Mail,STC,SANTA CRUZ,22:16:00,22:16:00,1,91041
19023,Mumbai Firozpur Janata Express,STC,SANTA CRUZ,07:46:00,07:46:00,1,235160
19005,Saurashtra Mail,STC,SANTA CRUZ,20:49:00,20:49:00,1,239112
59439,Ahmadabad Passenger,STC,SANTA CRUZ,12:43:00,12:43:00,1,294614
19215,Saurashtra Express,STC,SANTA CRUZ,08:41:00,08:41:00,1,150515
19011,Gujarat Express,STC,SANTA CRUZ,06:06:00,06:06:00,1,351934
19005-Slip,Saurashtra Mail,STC,SANTA CRUZ,20:49:00,20:49:00,1,33769
59023,Mumbai Valsad Passenger,STC,SANTA CRUZ,18:30:00,18:30:00,1,344701
59023,Mumbai Valsad Passenger,VLP,VILE PARLE,18:33:00,18:33:00,1,344702
12009,Mumbai-Ahmedabad Shatabdi Express,VR,VIRAR,07:16:00,07:16:00,1,396201
12201,MUMBAI LTT - KOCHUVELI Garib Rath Exp,KLMC,KALAMBOLI,17:57:00,17:57:00,1,555560
12995-Slip,Bandra-Udaipur SF Express Slip,VR,VIRAR,16:49:00,16:49:00,1,183039
19065,MUMBAI BANDRA - BHAGAT KI KOTHI Exp,VR,VIRAR,00:24:00,00:24:00,2,451681
19115,MUMBAI BANDRA - BHUJ Sayaji Nagari Exp,VR,VIRAR,15:42:00,15:42:00,1,486276
09001,Mumbai Central - Ahmedabad SF Special,VR,VIRAR,23:56:00,23:56:00,1,253843
12051,DADAR - MADGAON Jan Shatabdi Exp,KLMC,KALAMBOLI,06:28:00,06:28:00,1,490168
12619,MUMBAI LTT - MANGALORE CENT Matsyagandha Exp,KLMC,KALAMBOLI,16:14:00,16:14:00,1,480722
19049,MUMBAI BANDRA T - PATNA Exp,VR,VIRAR,16:49:00,16:49:00,1,500432
19131,MUMBAI BANDRA - BHUJ Kutch Exp,VR,VIRAR,18:12:00,18:12:00,1,486565
12133,MUMBAI CST - MANGALORE Exp,KLMC,KALAMBOLI,23:12:00,23:12:00,1,480526
19011,Gujarat Express,VLP,VILE PARLE,06:08:00,06:08:00,1,351935
19005-Slip,Saurashtra Mail,VLP,VILE PARLE,20:52:00,20:52:00,1,33770
19023,Mumbai Firozpur Janata Express,VLP,VILE PARLE,07:48:00,07:48:00,1,235161
59439,Ahmadabad Passenger,VLP,VILE PARLE,12:47:00,12:47:00,1,294615
14708,MUMBAI BANDRA - BIKANER Ranakpur Exp,VR,VIRAR,15:55:00,15:55:00,1,531922
12901,Gujarat Mail,VLP,VILE PARLE,22:20:00,22:20:00,1,91042
19215,Saurashtra Express,VLP,VILE PARLE,08:43:00,08:43:00,1,150516
09561,Bandra Terminus Okha Weekly Special,VR,VIRAR,01:06:00,01:06:00,2,9895
59441-Slip,Ahmedabad Passenger Slip,VLP,VILE PARLE,23:07:00,23:07:00,1,196853
12955,Mumbai-Jaipur SF Express,VR,VIRAR,19:51:00,19:51:00,1,100820
12480,MUMBAI BANDRA - JODHPUR Suryanagari SF Exp,VR,VIRAR,14:23:00,14:23:00,1,473807
11003,DADAR - SAWANTWADI RD Rajya Rani Exp,KLMC,KALAMBOLI,01:01:00,01:01:00,2,480913
16345,MUMBAI LTT - TRIVANDRUM Netravati Exp,KLMC,KALAMBOLI,12:43:00,12:43:00,1,481030
12490,Dadar - Bikaner Express,VR,VIRAR,15:28:00,15:28:00,1,129898
12907,Maharashtra Sampark Kranti Express,VR,VIRAR,17:47:00,17:47:00,1,218858
59441,Mumbai Central-Ahmedabad Passenger,VLP,VILE PARLE,23:07:00,23:07:00,1,125620
12903,Golden Temple Mail,VR,VIRAR,22:24:00,22:24:00,1,223837
19017,Saurashtra Janata Express,VR,VIRAR,18:44:00,18:44:00,1,123879
12909,Bandra Terminus- Hazrat Nizamuddin Garib Rath,VR,VIRAR,17:44:00,17:44:00,1,231810
19005,Saurashtra Mail,VLP,VILE PARLE,20:52:00,20:52:00,1,239113
12933,Karnavati Express,VR,VIRAR,14:38:00,14:38:00,1,307240
09021,BANDRA TERMINUS - JAMMU TAWI AC Suvidha Special (Starts 4 April),VR,VIRAR,17:47:00,17:47:00,1,430082
12989,Dadar Ajmer Superfast Express,VR,VIRAR,15:26:00,15:26:00,1,334022
12927,Mumbai Central -Vadodara Express,VR,VIRAR,00:41:00,00:41:00,2,212358
12961,Avantika Express,VR,VIRAR,20:04:00,20:04:00,1,146995
12471,Mumbai Bandra (T.) - Jammu Tawi SF Swaraj Express,VR,VIRAR,08:49:00,08:49:00,1,48847
04728,Mumbai BandraT-Bikaner SF Special,VR,VIRAR,15:28:00,15:28:00,1,3974
12995,Bandra-Udaipur SF Express,VR,VIRAR,16:49:00,16:49:00,1,68491
12216,Mumbai Bandra T. - Delhi Sarai Rohilla Garib Rath,VR,VIRAR,13:41:00,13:41:00,1,76132
12933,Karnavati Express,VTN,VAITARNA,14:45:00,14:45:00,1,307241
12995,Bandra-Udaipur SF Express,VTN,VAITARNA,16:56:00,16:56:00,1,68492
09021,BANDRA TERMINUS - JAMMU TAWI AC Suvidha Special (Starts 4 April),VTN,VAITARNA,17:54:00,17:54:00,1,430083
12009,Mumbai-Ahmedabad Shatabdi Express,VTN,VAITARNA,07:21:00,07:21:00,1,396202
12216,Mumbai Bandra T. - Delhi Sarai Rohilla Garib Rath,VTN,VAITARNA,13:47:00,13:47:00,1,76133
12939,Pune-Jaipur SF Express,BSR,VASAI ROAD,18:42:00,18:42:00,1,313875
12927,Mumbai Central -Vadodara Express,VTN,VAITARNA,00:50:00,00:50:00,2,212359
12907,Maharashtra Sampark Kranti Express,VTN,VAITARNA,17:55:00,17:55:00,1,218859
12909,Bandra Terminus- Hazrat Nizamuddin Garib Rath,VTN,VAITARNA,17:50:00,17:50:00,1,231811
19065,MUMBAI BANDRA - BHAGAT KI KOTHI Exp,VTN,VAITARNA,00:32:00,00:32:00,2,451682
12901,Gujarat Mail,ADH,ANDHERI,22:24:00,22:24:00,1,91043
19005,Saurashtra Mail,ADH,ANDHERI,20:55:00,20:55:00,1,239114
09561,Bandra Terminus Okha Weekly Special,VTN,VAITARNA,01:15:00,01:15:00,2,9896
19011,Gujarat Express,ADH,ANDHERI,06:10:00,06:10:00,1,351936
04728,Mumbai BandraT-Bikaner SF Special,VTN,VAITARNA,15:35:00,15:35:00,1,3975
59023,Mumbai Valsad Passenger,ADH,ANDHERI,18:35:00,18:35:00,1,344703
19017,Saurashtra Janata Express,VTN,VAITARNA,18:52:00,18:52:00,1,123880
59441,Mumbai Central-Ahmedabad Passenger,ADH,ANDHERI,23:09:00,23:09:00,1,125621
19131,MUMBAI BANDRA - BHUJ Kutch Exp,VTN,VAITARNA,18:20:00,18:20:00,1,486566
19049,MUMBAI BANDRA T - PATNA Exp,VTN,VAITARNA,16:56:00,16:56:00,1,500433
19115,MUMBAI BANDRA - BHUJ Sayaji Nagari Exp,VTN,VAITARNA,15:49:00,15:49:00,1,486277
14708,MUMBAI BANDRA - BIKANER Ranakpur Exp,VTN,VAITARNA,16:03:00,16:03:00,1,531923
19023,Mumbai Firozpur Janata Express,ADH,ANDHERI,07:50:00,07:50:00,1,235162
19005-Slip,Saurashtra Mail,ADH,ANDHERI,20:55:00,20:55:00,1,33771
59441-Slip,Ahmedabad Passenger Slip,ADH,ANDHERI,23:09:00,23:09:00,1,196854
09001,Mumbai Central - Ahmedabad SF Special,VTN,VAITARNA,00:04:00,00:04:00,2,253844
12955,Mumbai-Jaipur SF Express,VTN,VAITARNA,19:58:00,19:58:00,1,100821
12490,Dadar - Bikaner Express,VTN,VAITARNA,15:36:00,15:36:00,1,129899
19215,Saurashtra Express,ADH,ANDHERI,08:46:00,08:46:00,1,150517
12961,Avantika Express,VTN,VAITARNA,20:11:00,20:11:00,1,146996
12471,Mumbai Bandra (T.) - Jammu Tawi SF Swaraj Express,VTN,VAITARNA,08:56:00,08:56:00,1,48848
12995-Slip,Bandra-Udaipur SF Express Slip,VTN,VAITARNA,16:56:00,16:56:00,1,183040
12903,Golden Temple Mail,VTN,VAITARNA,22:30:00,22:30:00,1,223838
12480,MUMBAI BANDRA - JODHPUR Suryanagari SF Exp,VTN,VAITARNA,14:30:00,14:30:00,1,473808
12989,Dadar Ajmer Superfast Express,VTN,VAITARNA,15:33:00,15:33:00,1,334023
19005-Slip,Saurashtra Mail,JOS,JOGESHWARI,20:58:00,20:58:00,1,33772
12490,Dadar - Bikaner Express,SAH,SAPHALE,15:42:00,15:42:00,1,129900
12901,Gujarat Mail,JOS,JOGESHWARI,22:29:00,22:29:00,1,91044
12995-Slip,Bandra-Udaipur SF Express Slip,SAH,SAPHALE,17:03:00,17:03:00,1,183041
12989,Dadar Ajmer Superfast Express,SAH,SAPHALE,15:39:00,15:39:00,1,334024
09021,BANDRA TERMINUS - JAMMU TAWI AC Suvidha Special (Starts 4 April),SAH,SAPHALE,18:00:00,18:00:00,1,430084
12009,Mumbai-Ahmedabad Shatabdi Express,SAH,SAPHALE,07:26:00,07:26:00,1,396203
19065,MUMBAI BANDRA - BHAGAT KI KOTHI Exp,SAH,SAPHALE,00:39:00,00:39:00,2,451683
19049,MUMBAI BANDRA T - PATNA Exp,SAH,SAPHALE,17:03:00,17:03:00,1,500434
19115,MUMBAI BANDRA - BHUJ Sayaji Nagari Exp,SAH,SAPHALE,15:55:00,15:55:00,1,486278
19011,Gujarat Express,JOS,JOGESHWARI,06:13:00,06:13:00,1,351937
59023,Mumbai Valsad Passenger,JOS,JOGESHWARI,18:38:00,18:38:00,1,344704
14708,MUMBAI BANDRA - BIKANER Ranakpur Exp,SAH,SAPHALE,16:10:00,16:10:00,1,531924
12471,Mumbai Bandra (T.) - Jammu Tawi SF Swaraj Express,SAH,SAPHALE,09:03:00,09:03:00,1,48849
19215,Saurashtra Express,JOS,JOGESHWARI,08:48:00,08:48:00,1,150518
09001,Mumbai Central - Ahmedabad SF Special,SAH,SAPHALE,00:12:00,00:12:00,2,253845
12961,Avantika Express,SAH,SAPHALE,20:17:00,20:17:00,1,146997
19017,Saurashtra Janata Express,SAH,SAPHALE,18:59:00,18:59:00,1,123881
12907,Maharashtra Sampark Kranti Express,SAH,SAPHALE,18:02:00,18:02:00,1,218860
12480,MUMBAI BANDRA - JODHPUR Suryanagari SF Exp,SAH,SAPHALE,14:37:00,14:37:00,1,473809
59441,Mumbai Central-Ahmedabad Passenger,JOS,JOGESHWARI,23:13:00,23:13:00,1,125622
12909,Bandra Terminus- Hazrat Nizamuddin Garib Rath,SAH,SAPHALE,17:55:00,17:55:00,1,231812
19131,MUMBAI BANDRA - BHUJ Kutch Exp,SAH,SAPHALE,18:27:00,18:27:00,1,486567
19023,Mumbai Firozpur Janata Express,JOS,JOGESHWARI,07:53:00,07:53:00,1,235163
19005,Saurashtra Mail,JOS,JOGESHWARI,20:58:00,20:58:00,1,239115
12903,Golden Temple Mail,SAH,SAPHALE,22:36:00,22:36:00,1,223839
12995,Bandra-Udaipur SF Express,SAH,SAPHALE,17:03:00,17:03:00,1,68493
12216,Mumbai Bandra T. - Delhi Sarai Rohilla Garib Rath,SAH,SAPHALE,13:52:00,13:52:00,1,76134
12933,Karnavati Express,SAH,SAPHALE,14:52:00,14:52:00,1,307242
12927,Mumbai Central -Vadodara Express,SAH,SAPHALE,00:57:00,00:57:00,2,212360
04728,Mumbai BandraT-Bikaner SF Special,SAH,SAPHALE,15:41:00,15:41:00,1,3976
09561,Bandra Terminus Okha Weekly Special,SAH,SAPHALE,01:24:00,01:24:00,2,9897
12955,Mumbai-Jaipur SF Express,SAH,SAPHALE,20:05:00,20:05:00,1,100822
59441-Slip,Ahmedabad Passenger Slip,JOS,JOGESHWARI,23:13:00,23:13:00,1,196855
12995-Slip,Bandra-Udaipur SF Express Slip,KLV,KELVA ROAD,17:09:00,17:09:00,1,183042
59441-Slip,Ahmedabad Passenger Slip,GMN,GOREGAON,23:17:00,23:17:00,1,196856
19017,Saurashtra Janata Express,KLV,KELVA ROAD,19:05:00,19:05:00,1,123882
59441,Mumbai Central-Ahmedabad Passenger,GMN,GOREGAON,23:17:00,23:17:00,1,125623
04728,Mumbai BandraT-Bikaner SF Special,KLV,KELVA ROAD,15:46:00,15:46:00,1,3977
12471,Mumbai Bandra (T.) - Jammu Tawi SF Swaraj Express,KLV,KELVA ROAD,09:08:00,09:08:00,1,48850
19215,Saurashtra Express,GMN,GOREGAON,08:52:00,08:52:00,1,150519
12490,Dadar - Bikaner Express,KLV,KELVA ROAD,15:48:00,15:48:00,1,129901
12961,Avantika Express,KLV,KELVA ROAD,20:22:00,20:22:00,1,146998
09021,BANDRA TERMINUS - JAMMU TAWI AC Suvidha Special (Starts 4 April),KLV,KELVA ROAD,18:05:00,18:05:00,1,430085
12933,Karnavati Express,KLV,KELVA ROAD,14:57:00,14:57:00,1,307243
19131,MUMBAI BANDRA - BHUJ Kutch Exp,KLV,KELVA ROAD,18:34:00,18:34:00,1,486568
12909,Bandra Terminus- Hazrat Nizamuddin Garib Rath,KLV,KELVA ROAD,17:59:00,17:59:00,1,231813
19115,MUMBAI BANDRA - BHUJ Sayaji Nagari Exp,KLV,KELVA ROAD,16:01:00,16:01:00,1,486279
12955,Mumbai-Jaipur SF Express,KLV,KELVA ROAD,20:10:00,20:10:00,1,100823
19049,MUMBAI BANDRA T - PATNA Exp,KLV,KELVA ROAD,17:09:00,17:09:00,1,500435
12927,Mumbai Central -Vadodara Express,KLV,KELVA ROAD,01:04:00,01:04:00,2,212361
19005,Saurashtra Mail,GMN,GOREGAON,21:03:00,21:03:00,1,239116
19023,Mumbai Firozpur Janata Express,GMN,GOREGAON,07:56:00,07:56:00,1,235164
12903,Golden Temple Mail,KLV,KELVA ROAD,22:41:00,22:41:00,1,223840
12907,Maharashtra Sampark Kranti Express,KLV,KELVA ROAD,18:08:00,18:08:00,1,218861
12009,Mumbai-Ahmedabad Shatabdi Express,KLV,KELVA ROAD,07:30:00,07:30:00,1,396204
12995,Bandra-Udaipur SF Express,KLV,KELVA ROAD,17:08:00,17:08:00,1,68494
12901,Gujarat Mail,GMN,GOREGAON,22:35:00,22:35:00,1,91045
19065,MUMBAI BANDRA - BHAGAT KI KOTHI Exp,KLV,KELVA ROAD,00:44:00,00:44:00,2,451684
12216,Mumbai Bandra T. - Delhi Sarai Rohilla Garib Rath,KLV,KELVA ROAD,13:56:00,13:56:00,1,76135
09561,Bandra Terminus Okha Weekly Special,KLV,KELVA ROAD,01:31:00,01:31:00,2,9898
09001,Mumbai Central - Ahmedabad SF Special,KLV,KELVA ROAD,00:19:00,00:19:00,2,253846
19005-Slip,Saurashtra Mail,GMN,GOREGAON,21:03:00,21:03:00,1,33773
59023,Mumbai Valsad Passenger,GMN,GOREGAON,18:42:00,18:42:00,1,344705
19011,Gujarat Express,GMN,GOREGAON,06:16:00,06:16:00,1,351938
12989,Dadar Ajmer Superfast Express,KLV,KELVA ROAD,15:44:00,15:44:00,1,334025
12480,MUMBAI BANDRA - JODHPUR Suryanagari SF Exp,KLV,KELVA ROAD,14:43:00,14:43:00,1,473810
12939,Pune-Jaipur SF Express,VR,VIRAR,18:53:00,18:53:00,1,313877
14708,MUMBAI BANDRA - BIKANER Ranakpur Exp,KLV,KELVA ROAD,16:15:00,16:15:00,1,531925
12939,Pune-Jaipur SF Express,VTN,VAITARNA,19:03:00,19:03:00,1,313878
19005-Slip,Saurashtra Mail,MDD,MALAD,21:06:00,21:06:00,1,33774
59441-Slip,Ahmedabad Passenger Slip,MDD,MALAD,23:21:00,23:21:00,1,196857
12362,MUMBAI CST - ASANSOL SF Exp,TNA,THANE,11:39:00,11:39:00,1,521253
59441,Mumbai Central-Ahmedabad Passenger,MDD,MALAD,23:21:00,23:21:00,1,125624
19215,Saurashtra Express,MDD,MALAD,08:55:00,08:55:00,1,150520
19011,Gujarat Express,MDD,MALAD,06:19:00,06:19:00,1,351939
59023,Mumbai Valsad Passenger,MDD,MALAD,18:45:00,18:45:00,1,344706
19023,Mumbai Firozpur Janata Express,MDD,MALAD,07:59:00,07:59:00,1,235165
12322,MUMBAI CST - HOWRAH Mail (via Allahabad),TNA,THANE,21:59:00,21:59:00,1,553780
19005,Saurashtra Mail,MDD,MALAD,21:07:00,21:07:00,1,239117
12859,MUMBAI CST - HOWRAH Gitanjali Exp,TNA,THANE,06:37:00,06:37:00,1,496075
12901,Gujarat Mail,MDD,MALAD,22:41:00,22:41:00,1,91046
12869,MUMBAI CST - HOWRAH SF Exp,TNA,THANE,11:39:00,11:39:00,1,494094
12901,Gujarat Mail,KILE,KANDIVLI,22:45:00,22:45:00,1,91047
19023,Mumbai Firozpur Janata Express,KILE,KANDIVLI,08:02:00,08:02:00,1,235166
19005,Saurashtra Mail,KILE,KANDIVLI,21:10:00,21:10:00,1,239118
19005-Slip,Saurashtra Mail,KILE,KANDIVLI,21:09:00,21:09:00,1,33775
11023,Sahyadri Express,TNA,THANE,18:28:00,18:28:00,1,333926
16381,Mumbai CST - Kanyakumari Express,TNA,THANE,16:21:00,16:21:00,1,307360
12126,Pragati Superfast Express,KYN,KALYAN JN,10:02:00,10:02:00,1,58324
59441-Slip,Ahmedabad Passenger Slip,KILE,KANDIVLI,23:24:00,23:24:00,1,196858
12939,Pune-Jaipur SF Express,SAH,SAPHALE,19:13:00,19:13:00,1,313879
12188,Mumbai-Jabalpur Garib Rath Express,TNA,THANE,14:05:00,14:05:00,1,151051
11019,Konark Express,TNA,THANE,15:47:00,15:47:00,1,323108
12109,Panchavati Express,TNA,THANE,18:52:00,18:52:00,1,266707
12111,Mumbai CST-Amaravati SF Express,TNA,THANE,20:39:00,20:39:00,1,218568
12124,Deccan Queen SF Express,KYN,KALYAN JN,09:21:00,09:21:00,1,95531
12137,Punjab Mail,TNA,THANE,20:17:00,20:17:00,1,314077
16529,Udyan Express,TNA,THANE,08:40:00,08:40:00,1,38789
12105,Vidarbha Express,TNA,THANE,19:47:00,19:47:00,1,222033
19215,Saurashtra Express,KILE,KANDIVLI,08:58:00,08:58:00,1,150521
59441,Mumbai Central-Ahmedabad Passenger,KILE,KANDIVLI,23:24:00,23:24:00,1,125625
12125,Pragati Superfast Express,TNA,THANE,16:59:00,16:59:00,1,253184
17031,Mumbai CST-Hyderabad Express,TNA,THANE,13:22:00,13:22:00,1,102520
11027,Mumbai CST-Chennai Mail,TNA,THANE,00:18:00,00:18:00,2,134182
12527,Mumbai CST-Latur Superfast Express.,TNA,THANE,21:35:00,21:35:00,1,264242
12128,Pune-MumbaiCST Intercity Express,KYN,KALYAN JN,19:59:00,19:59:00,1,348430
59023,Mumbai Valsad Passenger,KILE,KANDIVLI,18:48:00,18:48:00,1,344707
19011,Gujarat Express,KILE,KANDIVLI,06:22:00,06:22:00,1,351940
12939,Pune-Jaipur SF Express,KLV,KELVA ROAD,19:21:00,19:21:00,1,313880
12927,Mumbai Central -Vadodara Express,VGN,VANGAON,01:32:00,01:32:00,2,212365
19115,MUMBAI BANDRA - BHUJ Sayaji Nagari Exp,VGN,VANGAON,16:25:00,16:25:00,1,486283
19049,MUMBAI BANDRA T - PATNA Exp,VGN,VANGAON,17:34:00,17:34:00,1,500439
09021,BANDRA TERMINUS - JAMMU TAWI AC Suvidha Special (Starts 4 April),VGN,VANGAON,18:27:00,18:27:00,1,430089
12933,Karnavati Express,VGN,VANGAON,15:21:00,15:21:00,1,307247
12907,Maharashtra Sampark Kranti Express,VGN,VANGAON,18:34:00,18:34:00,1,218865
09001,Mumbai Central - Ahmedabad SF Special,VGN,VANGAON,00:49:00,00:49:00,2,253850
12955,Mumbai-Jaipur SF Express,VGN,VANGAON,20:34:00,20:34:00,1,100827
12995-Slip,Bandra-Udaipur SF Express Slip,VGN,VANGAON,17:34:00,17:34:00,1,183046
12903,Golden Temple Mail,VGN,VANGAON,23:03:00,23:03:00,1,223844
12909,Bandra Terminus- Hazrat Nizamuddin Garib Rath,VGN,VANGAON,18:19:00,18:19:00,1,231817
09561,Bandra Terminus Okha Weekly Special,VGN,VANGAON,02:03:00,02:03:00,2,9902
12009,Mumbai-Ahmedabad Shatabdi Express,VGN,VANGAON,07:49:00,07:49:00,1,396208
12480,MUMBAI BANDRA - JODHPUR Suryanagari SF Exp,VGN,VANGAON,15:08:00,15:08:00,1,473814
04728,Mumbai BandraT-Bikaner SF Special,VGN,VANGAON,16:09:00,16:09:00,1,3981
12989,Dadar Ajmer Superfast Express,VGN,VANGAON,16:07:00,16:07:00,1,334029
12995,Bandra-Udaipur SF Express,VGN,VANGAON,17:33:00,17:33:00,1,68498
12216,Mumbai Bandra T. - Delhi Sarai Rohilla Garib Rath,VGN,VANGAON,14:16:00,14:16:00,1,76139
19065,MUMBAI BANDRA - BHAGAT KI KOTHI Exp,VGN,VANGAON,01:09:00,01:09:00,2,451688
19131,MUMBAI BANDRA - BHUJ Kutch Exp,VGN,VANGAON,19:02:00,19:02:00,1,486572
12961,Avantika Express,VGN,VANGAON,20:45:00,20:45:00,1,147002
12471,Mumbai Bandra (T.) - Jammu Tawi SF Swaraj Express,VGN,VANGAON,09:32:00,09:32:00,1,48854
12490,Dadar - Bikaner Express,VGN,VANGAON,16:13:00,16:13:00,1,129905
12103,Pune Lucknow Jn SuperFast Express,BAP,BELAPUR,20:04:00,20:04:00,1,363328
12939,Pune-Jaipur SF Express,VGN,VANGAON,19:58:00,19:58:00,1,313884
12221,PUNE - HOWRAH AC Duronto Exp,BAP,BELAPUR,18:28:00,18:28:00,1,461201
11037,PUNE - GORAKHPUR Exp,BAP,BELAPUR,20:23:00,20:23:00,1,521933
12125,Pragati Superfast Express,KYN,KALYAN JN,17:16:00,17:16:00,1,253191
12126,Pragati Superfast Express,TNA,THANE,10:23:00,10:23:00,1,58331
12124,Deccan Queen SF Express,TNA,THANE,09:41:00,09:41:00,1,95538
12126,Pragati Superfast Express,LTT,LOKMANYA TILAK TERM,10:40:00,10:40:00,1,58339
12124,Deccan Queen SF Express,LTT,LOKMANYA TILAK TERM,09:57:00,09:57:00,1,95546
12126,Pragati Superfast Express,SIN,MUMBAI SION,10:44:00,10:44:00,1,58341
12124,Deccan Queen SF Express,SIN,MUMBAI SION,10:00:00,10:00:00,1,95548
12126,Pragati Superfast Express,MTN,MUMBAI MATUNGA,10:46:00,10:46:00,1,58342
12124,Deccan Queen SF Express,MTN,MUMBAI MATUNGA,10:03:00,10:03:00,1,95549
11057,Dadar Amritsar Express,KYN,KALYAN JN,00:30:00,00:35:00,2,345103
19707,Aravalli Express,BVI,BORIVALI,21:39:00,21:41:00,1,397816
19215,Saurashtra Express,BVI,BORIVALI,09:01:00,09:03:00,1,150522
18029,MUMBAI LTT [Kurla] - KOLKATA SALIMAR Exp,KYN,KALYAN JN,22:35:00,22:40:00,1,548871
16339,MUMBAI CST - NAGERCOIL Exp,TNA,THANE,12:43:00,12:45:00,1,547044
11061,MUMBAI LTT - DARBHANGA Pawan Exp,KYN,KALYAN JN,12:55:00,13:00:00,1,548032
11067-Slip,Saket Express Slip,KYN,KALYAN JN,06:05:00,06:10:00,1,390731
11007,Deccan Express,TNA,THANE,07:48:00,07:50:00,1,267309
12153,Lokmanya Tilak (T) Habibganj Express,KYN,KALYAN JN,17:05:00,17:10:00,1,343193
12173,Udyog Nagri Express,KYN,KALYAN JN,17:05:00,17:10:00,1,60761
11065,MUMBAI LTT - DARBHANGA Pawan Exp,KYN,KALYAN JN,12:55:00,13:00:00,1,547483
12137,Punjab Mail,KYN,KALYAN JN,20:35:00,20:40:00,1,314084
12109,Panchavati Express,KYN,KALYAN JN,19:12:00,19:15:00,1,266714
12107,Mumbai LTT Lucknow Superfast Express,KYN,KALYAN JN,17:05:00,17:10:00,1,130859
12115,Siddheshwar Express,TNA,THANE,23:18:00,23:20:00,1,112596
12519,MUMBAI LTT - KAMAKHYA AC Exp,KYN,KALYAN JN,None,None,,474375
11059,MUMBAI LTT - CHHAPRA Godan Exp,KYN,KALYAN JN,11:35:00,11:40:00,1,510070
10103,MUMBAI CST - MADGAON Mandovi Exp,TNA,THANE,07:42:00,07:45:00,1,490018
12869,MUMBAI CST - HOWRAH SF Exp,KYN,KALYAN JN,11:55:00,12:00:00,1,494101
12165,MUMBAI LTT - VARANASI Ratnagiri Exp,KYN,KALYAN JN,06:05:00,06:10:00,1,500903
11029,Koyna Express,TNA,THANE,09:13:00,09:15:00,1,22380
12051,DADAR - MADGAON Jan Shatabdi Exp,PNVL,PANVEL,06:36:00,06:38:00,1,490169
11043,MUMBAI LTT - MADURAI Exp,KYN,KALYAN JN,00:58:00,01:00:00,1,469892
12141,MUMBAI LTT - PATLIPUTRA SF Exp,KYN,KALYAN JN,00:18:00,00:23:00,2,515965
10111,MUMBAI CST - MADGAON Konkan Knaya Exp,TNA,THANE,23:48:00,23:50:00,1,489868
12201,MUMBAI LTT - KOCHUVELI Garib Rath Exp,PNVL,PANVEL,18:05:00,18:10:00,1,555561
12362,MUMBAI CST - ASANSOL SF Exp,KYN,KALYAN JN,11:55:00,12:00:00,1,521260
12133,MUMBAI CST - MANGALORE Exp,PNVL,PANVEL,23:18:00,23:20:00,1,480527
12322,MUMBAI CST - HOWRAH Mail (via Allahabad),KYN,KALYAN JN,22:15:00,22:20:00,1,553787
06202,Sainagar Shirdi - Mysore Special,BAP,BELAPUR,01:35:00,01:40:00,2,11637
16345,MUMBAI LTT - TRIVANDRUM Netravati Exp,PNVL,PANVEL,12:50:00,12:55:00,1,481031
11093,MUMBAI CST - VARANASI Mahanagari Exp,TNA,THANE,00:48:00,00:50:00,1,534045
51029,Bijapur Fast Passenger,TNA,THANE,23:33:00,23:35:00,1,13361
17031,Mumbai CST-Hyderabad Express,KYN,KALYAN JN,13:40:00,13:45:00,1,102527
19005,Saurashtra Mail,BVI,BORIVALI,21:14:00,21:16:00,1,239119
17617,Tapovan Express,TNA,THANE,06:48:00,06:50:00,1,84112
59009,Virar Bharuch Shuttle,SAH,SAPHALE,04:20:00,04:21:00,1,209391
12859,MUMBAI CST - HOWRAH Gitanjali Exp,KYN,KALYAN JN,06:55:00,07:00:00,1,496082
19039,Awadh Express,BVI,BORIVALI,23:18:00,23:26:00,1,285206
19023,Mumbai Firozpur Janata Express,BVI,BORIVALI,08:05:00,08:07:00,1,235167
51027,MumbaiCST-Pandharpur Fast Passenger,TNA,THANE,23:33:00,23:35:00,1,13197
12128,Pune-MumbaiCST Intercity Express,TNA,THANE,20:18:00,20:20:00,1,348437
19011,Gujarat Express,BVI,BORIVALI,06:25:00,06:27:00,1,351941
59023,Mumbai Valsad Passenger,BVI,BORIVALI,18:52:00,18:53:00,1,344708
11069,Tulsi Express,KYN,KALYAN JN,06:05:00,06:10:00,1,89782
11055,MUMBAI LTT - GORAKHPUR Exp,KYN,KALYAN JN,11:35:00,11:40:00,1,517242
12124,Deccan Queen SF Express,DR,MUMBAI DADAR CENTRAL,10:03:00,10:05:00,1,95550
11401,Nandigram Express,TNA,THANE,17:13:00,17:15:00,1,141428
59441,Mumbai Central-Ahmedabad Passenger,BVI,BORIVALI,23:28:00,23:30:00,1,125626
16381,Mumbai CST - Kanyakumari Express,KYN,KALYAN JN,16:38:00,16:40:00,1,307367
59045,Vapi Passenger,BVI,BORIVALI,10:00:00,10:02:00,1,115071
12131,Mumbai Dadar-Sainagar Shirdi Express,KYN,KALYAN JN,22:22:00,22:25:00,1,367135
12901,Gujarat Mail,BVI,BORIVALI,22:51:00,22:53:00,1,91048
12921,Flying Rani Express,BVI,BORIVALI,18:38:00,18:40:00,1,47973
59037,Virar Surat Passenger,SAH,SAPHALE,17:29:00,17:30:00,1,47130
11013,Mumbai LTT-Coimbatore Express,KYN,KALYAN JN,23:13:00,23:18:00,1,133662
12525,Indrayani SF Express,TNA,THANE,06:14:00,06:16:00,1,203099
12979,Mumbai Bandra (T.) - Jaipur (Tri-weekly) SF Exp,BVI,BORIVALI,16:25:00,16:27:00,1,205050
51034,Sainagar Shirdi-Mumbai Fast Passenger(Via Daund),BAP,BELAPUR,17:38:00,17:40:00,1,13630
15017,MUMBAI LTT - GORAKHPUR Kashi Exp,KYN,KALYAN JN,07:18:00,07:23:00,1,559810
51153,Mumbai Bhusaval Passenger,TNA,THANE,05:58:00,06:00:00,1,13951
17057,Mumbai-Secunderabad Devagiri Expres,TNA,THANE,21:42:00,21:44:00,1,250072
50105,Diva Sawantwadi Passenger,TPND,TALOJA PANCHAND,06:42:00,06:43:00,1,13071
12126,Pragati Superfast Express,DR,MUMBAI DADAR CENTRAL,10:48:00,10:50:00,1,58343
59461,Borivali Dahanu Shuttle,VR,VIRAR,16:33:00,16:34:00,1,168695
12139,Sevagram Express,TNA,THANE,15:33:00,15:35:00,1,51423
11041,Mumbai - Chennai Express,TNA,THANE,14:38:00,14:40:00,1,54120
11009,Sinhagad Express,TNA,THANE,15:08:00,15:10:00,1,269965
12188,Mumbai-Jabalpur Garib Rath Express,KYN,KALYAN JN,14:22:00,14:25:00,1,151058
12527,Mumbai CST-Latur Superfast Express.,KYN,KALYAN JN,21:51:00,21:53:00,1,264249
11071,Kamayani Express,KYN,KALYAN JN,13:25:00,13:30:00,1,308876
11011,Mahalaxmi Express,TNA,THANE,20:58:00,21:00:00,1,343640
12071,Mumbai Aurangabad Jan Shatabdi,TNA,THANE,14:23:00,14:25:00,1,236175
19143,Lokshakti Express,BVI,BORIVALI,20:22:00,20:24:00,1,310268
59047,Virar Surat Passenger,SAH,SAPHALE,07:58:00,08:00:00,1,73316
19005-Slip,Saurashtra Mail,BVI,BORIVALI,21:14:00,21:16:00,1,33776
11015,Kushinagar Express,KYN,KALYAN JN,23:25:00,23:30:00,1,234948
12117,Mumbai LTT- Manmad Express,KYN,KALYAN JN,15:40:00,15:43:00,1,267656
19019,Bandra T - Dehradun Express,BSR,VASAI ROAD,00:43:00,00:45:00,2,62820
11067,MUMBAI LTT - FAIZABAD Saket Exp,KYN,KALYAN JN,06:05:00,06:10:00,1,521022
11019,Konark Express,KYN,KALYAN JN,16:05:00,16:10:00,1,323115
11027,Mumbai CST-Chennai Mail,KYN,KALYAN JN,00:38:00,00:40:00,2,134189
11023,Sahyadri Express,KYN,KALYAN JN,18:48:00,18:50:00,1,333933
11057-Slip,Dadar Amritsar Express Slip,KYN,KALYAN JN,00:30:00,00:35:00,2,399303
59441-Slip,Ahmedabad Passenger Slip,BVI,BORIVALI,23:28:00,23:30:00,1,196859
19037,Awadh Express,BVI,BORIVALI,23:18:00,23:26:00,1,299506
12619,MUMBAI LTT - MANGALORE CENT Matsyagandha Exp,PNVL,PANVEL,16:20:00,16:25:00,1,480723
12935,Bandra Surat InterCity Express,BVI,BORIVALI,07:26:00,07:28:00,1,394759
12959,MUMBAI DADAR - BHUJ SF Exp,BSR,VASAI ROAD,00:50:00,00:53:00,2,471671
51033,Mumbai Sainagar Shirdi Fast Pass(Via Daund),TNA,THANE,23:33:00,23:35:00,1,13563
12925,Paschim Express,BVI,BORIVALI,12:12:00,12:14:00,1,362658
12809,MUMBAI CST - HOWRAH SF Mail (via NAGPUR),TNA,THANE,21:13:00,21:15:00,1,494694
16331,MUMBAI CST - TRIVANDRUM Exp,TNA,THANE,12:42:00,12:45:00,1,551024
12953,MumbaiCentral-H Nizamuddin August Kranti Rajdhani Express,BVI,BORIVALI,18:17:00,18:19:00,1,66420
16351,MUMBAI CST - NAGERCOIL Balaji Exp,TNA,THANE,12:42:00,12:45:00,1,531022
12111,Mumbai CST-Amaravati SF Express,KYN,KALYAN JN,21:00:00,21:03:00,1,218575
12971,Bhavnagar Express,BVI,BORIVALI,22:06:00,22:08:00,1,35307
12925-Slip,Paschim Express Slip,BVI,BORIVALI,12:12:00,12:14:00,1,45697
59039,Virar Valsad Shuttle,SAH,SAPHALE,11:49:00,11:50:00,1,294705
12105,Vidarbha Express,KYN,KALYAN JN,20:05:00,20:10:00,1,222040
12139-Slip,Sewagram Express Slip,TNA,THANE,15:33:00,15:35:00,1,357458
12161,Lashkar Superfast Express,KYN,KALYAN JN,17:05:00,17:10:00,1,339943
12127,MumbaiCST-Pune SF InterCity,TNA,THANE,07:15:00,07:17:00,1,112684
59043,Virar Dahanu Shuttle,SAH,SAPHALE,23:09:00,23:10:00,1,125326
16529,Udyan Express,KYN,KALYAN JN,08:58:00,09:00:00,1,38796
59439,Ahmadabad Passenger,ADH,ANDHERI,12:52:00,12:54:00,1,294616
17057-Slip,Mumbai -Daund Devagiri Express Slip,TNA,THANE,21:42:00,21:44:00,1,179679
11003,DADAR - SAWANTWADI RD Rajya Rani Exp,PNVL,PANVEL,01:10:00,01:15:00,2,480914
12925-Slip,Paschim Express Slip,DIC,DAHISAR,12:16:00,12:16:00,1,45698
12935,Bandra Surat InterCity Express,DIC,DAHISAR,07:31:00,07:31:00,1,394760
12979,Mumbai Bandra (T.) - Jaipur (Tri-weekly) SF Exp,DIC,DAHISAR,16:29:00,16:29:00,1,205051
12925,Paschim Express,DIC,DAHISAR,12:16:00,12:16:00,1,362659
59023,Mumbai Valsad Passenger,DIC,DAHISAR,18:56:00,18:56:00,1,344709
19011,Gujarat Express,DIC,DAHISAR,06:29:00,06:29:00,1,351942
59441,Mumbai Central-Ahmedabad Passenger,DIC,DAHISAR,23:34:00,23:34:00,1,125627
19707,Aravalli Express,DIC,DAHISAR,21:43:00,21:43:00,1,397817
59441-Slip,Ahmedabad Passenger Slip,DIC,DAHISAR,23:34:00,23:34:00,1,196860
12901,Gujarat Mail,DIC,DAHISAR,22:55:00,22:55:00,1,91049
12971,Bhavnagar Express,DIC,DAHISAR,22:10:00,22:10:00,1,35308
19215,Saurashtra Express,DIC,DAHISAR,09:06:00,09:06:00,1,150523
12124,Deccan Queen SF Express,PR,MUMBAI PAREL,10:07:00,10:07:00,1,95551
19039,Awadh Express,DIC,DAHISAR,23:28:00,23:28:00,1,285207
59045,Vapi Passenger,DIC,DAHISAR,10:05:00,10:05:00,1,115072
19005-Slip,Saurashtra Mail,DIC,DAHISAR,21:18:00,21:18:00,1,33777
19143,Lokshakti Express,DIC,DAHISAR,20:27:00,20:27:00,1,310269
50103,Dadar Ratnagiri Passenger,DTVL,DATIVLI,16:21:00,16:21:00,1,12986
19005,Saurashtra Mail,DIC,DAHISAR,21:18:00,21:18:00,1,239120
19023,Mumbai Firozpur Janata Express,DIC,DAHISAR,08:10:00,08:10:00,1,235168
12126,Pragati Superfast Express,PR,MUMBAI PAREL,10:52:00,10:52:00,1,58344
12921,Flying Rani Express,DIC,DAHISAR,18:42:00,18:42:00,1,47974
19037,Awadh Express,DIC,DAHISAR,23:28:00,23:28:00,1,299507
59439,Ahmadabad Passenger,JOS,JOGESHWARI,12:58:00,12:58:00,1,294617
12953,MumbaiCentral-H Nizamuddin August Kranti Rajdhani Express,DIC,DAHISAR,18:20:00,18:20:00,1,66421
12126,Pragati Superfast Express,CRD,MUMBAI CURREY ROAD,10:56:00,10:56:00,1,58345
19019,Bandra T - Dehradun Express,VR,VIRAR,00:54:00,00:54:00,2,62822
12921,Flying Rani Express,MIRA,MIRA ROAD,18:45:00,18:45:00,1,47975
12953,MumbaiCentral-H Nizamuddin August Kranti Rajdhani Express,MIRA,MIRA ROAD,18:23:00,18:23:00,1,66422
10103,MUMBAI CST - MADGAON Mandovi Exp,DTVL,DATIVLI,07:56:00,07:56:00,1,490020
59045,Vapi Passenger,MIRA,MIRA ROAD,10:09:00,10:09:00,1,115073
10111,MUMBAI CST - MADGAON Konkan Knaya Exp,DTVL,DATIVLI,00:00:00,00:00:00,2,489870
12124,Deccan Queen SF Express,CRD,MUMBAI CURREY ROAD,10:11:00,10:11:00,1,95552
19011,Gujarat Express,MIRA,MIRA ROAD,06:32:00,06:32:00,1,351943
12925,Paschim Express,MIRA,MIRA ROAD,12:19:00,12:19:00,1,362660
59023,Mumbai Valsad Passenger,MIRA,MIRA ROAD,18:59:00,18:59:00,1,344710
12935,Bandra Surat InterCity Express,MIRA,MIRA ROAD,07:35:00,07:35:00,1,394761
12925-Slip,Paschim Express Slip,MIRA,MIRA ROAD,12:19:00,12:19:00,1,45699
19215,Saurashtra Express,MIRA,MIRA ROAD,09:10:00,09:10:00,1,150524
19707,Aravalli Express,MIRA,MIRA ROAD,21:46:00,21:46:00,1,397818
12901,Gujarat Mail,MIRA,MIRA ROAD,22:58:00,22:58:00,1,91050
59441-Slip,Ahmedabad Passenger Slip,MIRA,MIRA ROAD,23:39:00,23:39:00,1,196861
19143,Lokshakti Express,MIRA,MIRA ROAD,20:31:00,20:31:00,1,310270
12979,Mumbai Bandra (T.) - Jaipur (Tri-weekly) SF Exp,MIRA,MIRA ROAD,16:32:00,16:32:00,1,205052
19039,Awadh Express,MIRA,MIRA ROAD,23:30:00,23:30:00,1,285208
19037,Awadh Express,MIRA,MIRA ROAD,23:30:00,23:30:00,1,299508
12971,Bhavnagar Express,MIRA,MIRA ROAD,22:13:00,22:13:00,1,35309
19005-Slip,Saurashtra Mail,MIRA,MIRA ROAD,21:21:00,21:21:00,1,33778
12959,MUMBAI DADAR - BHUJ SF Exp,VR,VIRAR,01:01:00,01:01:00,2,471673
59439,Ahmadabad Passenger,GMN,GOREGAON,13:05:00,13:05:00,1,294618
59441,Mumbai Central-Ahmedabad Passenger,MIRA,MIRA ROAD,23:39:00,23:39:00,1,125628
19023,Mumbai Firozpur Janata Express,MIRA,MIRA ROAD,08:14:00,08:14:00,1,235169
19005,Saurashtra Mail,MIRA,MIRA ROAD,21:21:00,21:21:00,1,239121
19005-Slip,Saurashtra Mail,BYR,BHAYANDAR,21:24:00,21:24:00,1,33779
12971,Bhavnagar Express,BYR,BHAYANDAR,22:15:00,22:15:00,1,35310
19019,Bandra T - Dehradun Express,VTN,VAITARNA,01:03:00,01:03:00,2,62823
19023,Mumbai Firozpur Janata Express,BYR,BHAYANDAR,08:18:00,08:18:00,1,235170
19707,Aravalli Express,BYR,BHAYANDAR,21:49:00,21:49:00,1,397819
14708,MUMBAI BANDRA - BIKANER Ranakpur Exp,VGN,VANGAON,16:41:00,16:41:00,1,531929
19215,Saurashtra Express,BYR,BHAYANDAR,09:14:00,09:14:00,1,150525
19143,Lokshakti Express,BYR,BHAYANDAR,20:35:00,20:35:00,1,310271
12921,Flying Rani Express,BYR,BHAYANDAR,18:48:00,18:48:00,1,47976
12953,MumbaiCentral-H Nizamuddin August Kranti Rajdhani Express,BYR,BHAYANDAR,18:25:00,18:25:00,1,66423
12126,Pragati Superfast Express,CHG,MUMBAI CHINCHPOKLI,10:58:00,10:58:00,1,58346
19017,Saurashtra Janata Express,VGN,VANGAON,19:31:00,19:31:00,1,123886
19011,Gujarat Express,BYR,BHAYANDAR,06:35:00,06:35:00,1,351944
59023,Mumbai Valsad Passenger,BYR,BHAYANDAR,19:03:00,19:03:00,1,344711
12925,Paschim Express,BYR,BHAYANDAR,12:22:00,12:22:00,1,362661
12124,Deccan Queen SF Express,CHG,MUMBAI CHINCHPOKLI,10:13:00,10:13:00,1,95553
12935,Bandra Surat InterCity Express,BYR,BHAYANDAR,07:38:00,07:38:00,1,394762
19005,Saurashtra Mail,BYR,BHAYANDAR,21:24:00,21:24:00,1,239122
12925-Slip,Paschim Express Slip,BYR,BHAYANDAR,12:22:00,12:22:00,1,45700
12901,Gujarat Mail,BYR,BHAYANDAR,23:01:00,23:01:00,1,91051
19039,Awadh Express,BYR,BHAYANDAR,23:33:00,23:33:00,1,285209
12979,Mumbai Bandra (T.) - Jaipur (Tri-weekly) SF Exp,BYR,BHAYANDAR,16:35:00,16:35:00,1,205053
12959,MUMBAI DADAR - BHUJ SF Exp,VTN,VAITARNA,01:09:00,01:09:00,2,471674
59439,Ahmadabad Passenger,MDD,MALAD,13:10:00,13:10:00,1,294619
19037,Awadh Express,BYR,BHAYANDAR,23:33:00,23:33:00,1,299509
12959,MUMBAI DADAR - BHUJ SF Exp,SAH,SAPHALE,01:17:00,01:17:00,2,471675
59439,Ahmadabad Passenger,KILE,KANDIVLI,13:14:00,13:14:00,1,294620
10111,MUMBAI CST - MADGAON Konkan Knaya Exp,TPND,TALOJA PANCHAND,00:13:00,00:13:00,2,489872
10103,MUMBAI CST - MADGAON Mandovi Exp,TPND,TALOJA PANCHAND,08:11:00,08:11:00,1,490022
12126,Pragati Superfast Express,BY,BYCULLA,11:01:00,11:01:00,1,58347
12124,Deccan Queen SF Express,BY,BYCULLA,10:16:00,10:16:00,1,95554
19019,Bandra T - Dehradun Express,SAH,SAPHALE,01:12:00,01:12:00,2,62824
19011,Gujarat Express,BSR,VASAI ROAD,06:42:00,06:42:00,1,351946
19023,Mumbai Firozpur Janata Express,BSR,VASAI ROAD,08:28:00,08:28:00,1,235172
59023,Mumbai Valsad Passenger,BSR,VASAI ROAD,19:12:00,19:12:00,1,344713
12925,Paschim Express,BSR,VASAI ROAD,12:29:00,12:29:00,1,362663
19005,Saurashtra Mail,BSR,VASAI ROAD,21:31:00,21:31:00,1,239124
12921,Flying Rani Express,BSR,VASAI ROAD,18:55:00,18:55:00,1,47978
19039,Awadh Express,BSR,VASAI ROAD,23:40:00,23:40:00,1,285211
12959,MUMBAI DADAR - BHUJ SF Exp,KLV,KELVA ROAD,01:23:00,01:23:00,2,471676
12935,Bandra Surat InterCity Express,BSR,VASAI ROAD,07:48:00,07:48:00,1,394764
19037,Awadh Express,BSR,VASAI ROAD,23:40:00,23:40:00,1,299511
12925-Slip,Paschim Express Slip,BSR,VASAI ROAD,12:29:00,12:29:00,1,45702
19005-Slip,Saurashtra Mail,BSR,VASAI ROAD,21:31:00,21:31:00,1,33781
12971,Bhavnagar Express,BSR,VASAI ROAD,22:22:00,22:22:00,1,35312
19707,Aravalli Express,BSR,VASAI ROAD,21:56:00,21:56:00,1,397821
12953,MumbaiCentral-H Nizamuddin August Kranti Rajdhani Express,BSR,VASAI ROAD,18:30:00,18:30:00,1,66425
12979,Mumbai Bandra (T.) - Jaipur (Tri-weekly) SF Exp,BSR,VASAI ROAD,16:43:00,16:43:00,1,205055
12124,Deccan Queen SF Express,SNRD,MUMBAI SANDHURST ROAD,10:20:00,10:20:00,1,95555
19019,Bandra T - Dehradun Express,KLV,KELVA ROAD,01:19:00,01:19:00,2,62825
19143,Lokshakti Express,BSR,VASAI ROAD,20:46:00,20:46:00,1,310273
12126,Pragati Superfast Express,SNRD,MUMBAI SANDHURST ROAD,11:05:00,11:05:00,1,58348
12901,Gujarat Mail,BSR,VASAI ROAD,23:08:00,23:08:00,1,91053
10103,MUMBAI CST - MADGAON Mandovi Exp,KLMG,KALAMBOLI GOODS,None,None,,490024
10111,MUMBAI CST - MADGAON Konkan Knaya Exp,KLMG,KALAMBOLI GOODS,None,None,,489874
12126,Pragati Superfast Express,MSD,BOMBAY MASJID,11:07:00,11:07:00,1,58349
12124,Deccan Queen SF Express,MSD,BOMBAY MASJID,10:22:00,10:22:00,1,95556
12953,MumbaiCentral-H Nizamuddin August Kranti Rajdhani Express,VR,VIRAR,18:35:00,18:35:00,1,66427
12925-Slip,Paschim Express Slip,VR,VIRAR,12:36:00,12:36:00,1,45704
12901,Gujarat Mail,VR,VIRAR,23:15:00,23:15:00,1,91055
10111,MUMBAI CST - MADGAON Konkan Knaya Exp,KLMC,KALAMBOLI,00:19:00,00:19:00,2,489875
19005-Slip,Saurashtra Mail,VR,VIRAR,21:39:00,21:39:00,1,33783
10103,MUMBAI CST - MADGAON Mandovi Exp,KLMC,KALAMBOLI,08:18:00,08:18:00,1,490025
12113,Pune-Nagpur Garib Rath Express,BAP,BELAPUR,22:22:00,22:22:00,1,20227
12979,Mumbai Bandra (T.) - Jaipur (Tri-weekly) SF Exp,VR,VIRAR,16:51:00,16:51:00,1,205057
19023,Mumbai Firozpur Janata Express,VR,VIRAR,08:38:00,08:38:00,1,235174
12925,Paschim Express,VR,VIRAR,12:36:00,12:36:00,1,362665
12127,MumbaiCST-Pune SF InterCity,KYN,KALYAN JN,07:37:00,07:37:00,1,112691
19011,Gujarat Express,VR,VIRAR,06:49:00,06:49:00,1,351948
12921,Flying Rani Express,VR,VIRAR,19:02:00,19:02:00,1,47980
12971,Bhavnagar Express,VR,VIRAR,22:29:00,22:29:00,1,35314
19707,Aravalli Express,VR,VIRAR,22:03:00,22:03:00,1,397823
19037,Awadh Express,VR,VIRAR,23:46:00,23:46:00,1,299513
19039,Awadh Express,VR,VIRAR,23:46:00,23:46:00,1,285213
19005,Saurashtra Mail,VR,VIRAR,21:39:00,21:39:00,1,239126
12921,Flying Rani Express,VTN,VAITARNA,19:09:00,19:09:00,1,47981
12925,Paschim Express,VTN,VAITARNA,12:43:00,12:43:00,1,362666
19011,Gujarat Express,VTN,VAITARNA,06:56:00,06:56:00,1,351949
19005-Slip,Saurashtra Mail,VTN,VAITARNA,21:46:00,21:46:00,1,33784
12971,Bhavnagar Express,VTN,VAITARNA,22:36:00,22:36:00,1,35315
12953,MumbaiCentral-H Nizamuddin August Kranti Rajdhani Express,VTN,VAITARNA,18:41:00,18:41:00,1,66428
19707,Aravalli Express,VTN,VAITARNA,22:11:00,22:11:00,1,397824
22845,PUNE - HATIA SF Exp,BAP,BELAPUR,15:12:00,15:12:00,1,417190
12979,Mumbai Bandra (T.) - Jaipur (Tri-weekly) SF Exp,VTN,VAITARNA,16:59:00,16:59:00,1,205058
12925-Slip,Paschim Express Slip,VTN,VAITARNA,12:43:00,12:43:00,1,45705
12901,Gujarat Mail,VTN,VAITARNA,23:23:00,23:23:00,1,91056
19023,Mumbai Firozpur Janata Express,VTN,VAITARNA,08:48:00,08:48:00,1,235175
19005,Saurashtra Mail,VTN,VAITARNA,21:46:00,21:46:00,1,239127
19037,Awadh Express,VTN,VAITARNA,23:53:00,23:53:00,1,299514
19039,Awadh Express,VTN,VAITARNA,23:53:00,23:53:00,1,285214
12128,Pune-MumbaiCST Intercity Express,LTT,LOKMANYA TILAK TERM,20:32:00,20:32:00,1,348445
19707,Aravalli Express,SAH,SAPHALE,22:17:00,22:17:00,1,397825
19037,Awadh Express,SAH,SAPHALE,23:59:00,23:59:00,1,299515
19011,Gujarat Express,SAH,SAPHALE,07:02:00,07:02:00,1,351950
12925,Paschim Express,SAH,SAPHALE,12:49:00,12:49:00,1,362667
12921,Flying Rani Express,SAH,SAPHALE,19:15:00,19:15:00,1,47982
19023,Mumbai Firozpur Janata Express,SAH,SAPHALE,08:57:00,08:57:00,1,235176
19039,Awadh Express,SAH,SAPHALE,23:59:00,23:59:00,1,285215
12959,MUMBAI DADAR - BHUJ SF Exp,VGN,VANGAON,01:52:00,01:52:00,2,471680
12979,Mumbai Bandra (T.) - Jaipur (Tri-weekly) SF Exp,SAH,SAPHALE,17:06:00,17:06:00,1,205059
19005-Slip,Saurashtra Mail,SAH,SAPHALE,21:53:00,21:53:00,1,33785
12953,MumbaiCentral-H Nizamuddin August Kranti Rajdhani Express,SAH,SAPHALE,18:45:00,18:45:00,1,66429
12901,Gujarat Mail,SAH,SAPHALE,23:30:00,23:30:00,1,91057
12925-Slip,Paschim Express Slip,SAH,SAPHALE,12:49:00,12:49:00,1,45706
19005,Saurashtra Mail,SAH,SAPHALE,21:53:00,21:53:00,1,239128
12971,Bhavnagar Express,SAH,SAPHALE,22:42:00,22:42:00,1,35316
19023,Mumbai Firozpur Janata Express,KLV,KELVA ROAD,09:05:00,09:05:00,1,235177
19005,Saurashtra Mail,KLV,KELVA ROAD,21:59:00,21:59:00,1,239129
19707,Aravalli Express,KLV,KELVA ROAD,22:23:00,22:23:00,1,397826
12971,Bhavnagar Express,KLV,KELVA ROAD,22:47:00,22:47:00,1,35317
12128,Pune-MumbaiCST Intercity Express,SIN,MUMBAI SION,20:34:00,20:34:00,1,348447
12925,Paschim Express,KLV,KELVA ROAD,12:55:00,12:55:00,1,362668
19037,Awadh Express,KLV,KELVA ROAD,00:04:00,00:04:00,2,299516
12979,Mumbai Bandra (T.) - Jaipur (Tri-weekly) SF Exp,KLV,KELVA ROAD,17:12:00,17:12:00,1,205060
19011,Gujarat Express,KLV,KELVA ROAD,07:08:00,07:08:00,1,351951
12953,MumbaiCentral-H Nizamuddin August Kranti Rajdhani Express,KLV,KELVA ROAD,18:50:00,18:50:00,1,66430
12925-Slip,Paschim Express Slip,KLV,KELVA ROAD,12:54:00,12:54:00,1,45707
12901,Gujarat Mail,KLV,KELVA ROAD,23:35:00,23:35:00,1,91058
19005-Slip,Saurashtra Mail,KLV,KELVA ROAD,21:59:00,21:59:00,1,33786
12921,Flying Rani Express,KLV,KELVA ROAD,19:21:00,19:21:00,1,47983
19039,Awadh Express,KLV,KELVA ROAD,00:04:00,00:04:00,2,285216
12128,Pune-MumbaiCST Intercity Express,MTN,MUMBAI MATUNGA,20:36:00,20:36:00,1,348448
12971,Bhavnagar Express,VGN,VANGAON,23:11:00,23:11:00,1,35321
12925,Paschim Express,VGN,VANGAON,13:19:00,13:19:00,1,362672
19707,Aravalli Express,VGN,VANGAON,22:48:00,22:48:00,1,397830
12925-Slip,Paschim Express Slip,VGN,VANGAON,13:19:00,13:19:00,1,45711
12953,MumbaiCentral-H Nizamuddin August Kranti Rajdhani Express,VGN,VANGAON,19:08:00,19:08:00,1,66434
12928,Vadodara - Mumbai Central Express,VGN,VANGAON,02:48:00,02:48:00,2,283710
09002,Ahmedabad Mumbai Central Superfast Special,VGN,VANGAON,03:26:00,03:26:00,2,366237
09002,Ahmedabad Mumbai Central Superfast Special,KLV,KELVA ROAD,03:51:00,03:51:00,2,366241
12928,Vadodara - Mumbai Central Express,KLV,KELVA ROAD,03:12:00,03:12:00,2,283714
09002,Ahmedabad Mumbai Central Superfast Special,SAH,SAPHALE,03:57:00,03:57:00,2,366242
12928,Vadodara - Mumbai Central Express,SAH,SAPHALE,03:18:00,03:18:00,2,283715
09002,Ahmedabad Mumbai Central Superfast Special,VTN,VAITARNA,04:03:00,04:03:00,2,366243
12928,Vadodara - Mumbai Central Express,VTN,VAITARNA,03:24:00,03:24:00,2,283716
12928,Vadodara - Mumbai Central Express,VR,VIRAR,03:32:00,03:32:00,2,283717
09002,Ahmedabad Mumbai Central Superfast Special,VR,VIRAR,04:10:00,04:10:00,2,366244
12928,Vadodara - Mumbai Central Express,BSR,VASAI ROAD,03:39:00,03:39:00,2,283719
09002,Ahmedabad Mumbai Central Superfast Special,BSR,VASAI ROAD,04:18:00,04:18:00,2,366246
12928,Vadodara - Mumbai Central Express,BYR,BHAYANDAR,03:46:00,03:46:00,2,283721
09002,Ahmedabad Mumbai Central Superfast Special,BYR,BHAYANDAR,04:25:00,04:25:00,2,366248
09002,Ahmedabad Mumbai Central Superfast Special,MIRA,MIRA ROAD,04:27:00,04:27:00,2,366249
12928,Vadodara - Mumbai Central Express,MIRA,MIRA ROAD,03:48:00,03:48:00,2,283722
09002,Ahmedabad Mumbai Central Superfast Special,DIC,DAHISAR,04:30:00,04:30:00,2,366250
12928,Vadodara - Mumbai Central Express,DIC,DAHISAR,03:51:00,03:51:00,2,283723
12908,Maharashtra Sampark Kranti Express,VGN,VANGAON,15:45:00,15:45:00,2,349746
12432,DELHI H NIZAMUDDIN - TRIVANDRUM Rajdhani Exp,VGN,VANGAON,02:47:00,02:47:00,2,504915
12908,Maharashtra Sampark Kranti Express,KLV,KELVA ROAD,16:11:00,16:11:00,2,349750
12908,Maharashtra Sampark Kranti Express,SAH,SAPHALE,16:16:00,16:16:00,2,349751
12908,Maharashtra Sampark Kranti Express,VTN,VAITARNA,16:23:00,16:23:00,2,349752
12432,DELHI H NIZAMUDDIN - TRIVANDRUM Rajdhani Exp,KLV,KELVA ROAD,03:12:00,03:12:00,2,504919
12908,Maharashtra Sampark Kranti Express,VR,VIRAR,16:31:00,16:31:00,2,349753
12432,DELHI H NIZAMUDDIN - TRIVANDRUM Rajdhani Exp,SAH,SAPHALE,03:18:00,03:18:00,2,504920
12432,DELHI H NIZAMUDDIN - TRIVANDRUM Rajdhani Exp,VTN,VAITARNA,03:25:00,03:25:00,2,504921
12908,Maharashtra Sampark Kranti Express,BSR,VASAI ROAD,16:38:00,16:38:00,2,349755
12432,DELHI H NIZAMUDDIN - TRIVANDRUM Rajdhani Exp,VR,VIRAR,03:32:00,03:32:00,2,504922
12908,Maharashtra Sampark Kranti Express,BYR,BHAYANDAR,16:45:00,16:45:00,2,349757
12908,Maharashtra Sampark Kranti Express,MIRA,MIRA ROAD,16:48:00,16:48:00,2,349758
12908,Maharashtra Sampark Kranti Express,DIC,DAHISAR,16:48:00,16:48:00,2,349759
12630,Karnataka Sampark Kranti Express,BAP,BELAPUR,07:16:00,07:16:00,2,350818
12526,Indrayani SF Express,KYN,KALYAN JN,20:50:00,20:52:00,1,67226
12908,Maharashtra Sampark Kranti Express,BVI,BORIVALI,16:48:00,16:50:00,2,349760
59023,Mumbai Valsad Passenger,VR,VIRAR,19:22:00,19:23:00,1,344715
51029,Bijapur Fast Passenger,KYN,KALYAN JN,23:50:00,23:55:00,1,13368
12525,Indrayani SF Express,KYN,KALYAN JN,06:35:00,06:37:00,1,203106
19143,Lokshakti Express,VR,VIRAR,20:56:00,20:58:00,1,310275
12128,Pune-MumbaiCST Intercity Express,DR,MUMBAI DADAR CENTRAL,20:37:00,20:39:00,1,348449
51027,MumbaiCST-Pandharpur Fast Passenger,KYN,KALYAN JN,23:50:00,23:55:00,1,13204
19311,Pune Indore Express,KYN,KALYAN JN,17:40:00,17:45:00,1,333393
11096,Ahimsa Express,KYN,KALYAN JN,22:20:00,22:25:00,1,44810
09002,Ahmedabad Mumbai Central Superfast Special,BVI,BORIVALI,04:30:00,04:50:00,2,366251
51098,Panvel Diva Passenger,TPND,TALOJA PANCHAND,05:03:00,05:04:00,1,13720
51153,Mumbai Bhusaval Passenger,KYN,KALYAN JN,06:20:00,06:25:00,1,13958
12850,Pune Bilaspur Superfast Express,BAP,BELAPUR,22:03:00,22:05:00,1,308393
17057,Mumbai-Secunderabad Devagiri Expres,KYN,KALYAN JN,22:05:00,22:10:00,1,250079
11033,PUNE - DARBHANGA Gyan Ganga Exp,BAP,BELAPUR,20:08:00,20:10:00,1,540760
12809,MUMBAI CST - HOWRAH SF Mail (via NAGPUR),KYN,KALYAN JN,21:35:00,21:40:00,1,494699
10103,MUMBAI CST - MADGAON Mandovi Exp,PNVL,PANVEL,08:25:00,08:30:00,1,490026
11092,PUNE - BHUJ Ahimsa Exp,KYN,KALYAN JN,22:20:00,22:25:00,1,485059
16331,MUMBAI CST - TRIVANDRUM Exp,KYN,KALYAN JN,13:05:00,13:10:00,1,551029
16351,MUMBAI CST - NAGERCOIL Balaji Exp,KYN,KALYAN JN,13:05:00,13:10:00,1,531027
12935,Bandra Surat InterCity Express,VR,VIRAR,07:58:00,08:00:00,1,394766
12149,PUNE - PATLIPUTRA SF Exp,BAP,BELAPUR,00:43:00,00:45:00,2,525611
19215,Saurashtra Express,BSR,VASAI ROAD,09:24:00,09:26:00,1,150527
59441-Slip,Ahmedabad Passenger Slip,BYR,BHAYANDAR,23:44:00,23:46:00,1,196862
22131,PUNE - MANDUADIH Gyan Ganga Exp,BAP,BELAPUR,20:08:00,20:10:00,1,515074
12928,Vadodara - Mumbai Central Express,BVI,BORIVALI,03:51:00,03:53:00,2,283724
11090,PUNE - BHAGAT KI KOTHI Exp,KYN,KALYAN JN,22:20:00,22:25:00,1,473456
59461,Borivali Dahanu Shuttle,VTN,VAITARNA,16:44:00,16:45:00,1,168696
17057-Slip,Mumbai -Daund Devagiri Express Slip,KYN,KALYAN JN,22:05:00,22:10:00,1,179686
12139-Slip,Sewagram Express Slip,KYN,KALYAN JN,15:55:00,16:00:00,1,357465
11007,Deccan Express,KYN,KALYAN JN,08:08:00,08:10:00,1,267316
59039,Virar Valsad Shuttle,KLV,KELVA ROAD,11:56:00,11:57:00,1,294706
10111,MUMBAI CST - MADGAON Konkan Knaya Exp,PNVL,PANVEL,00:25:00,00:30:00,2,489876
12139,Sevagram Express,KYN,KALYAN JN,15:55:00,16:00:00,1,51430
59439,Ahmadabad Passenger,BVI,BORIVALI,13:18:00,13:20:00,1,294621
12129,PUNE - HOWRAH Azad Hind SF Exp,BAP,BELAPUR,22:23:00,22:25:00,1,498845
12126,Pragati Superfast Express,CSTM,MUMBAI CST,11:10:00,None,1,58350
11011,Mahalaxmi Express,KYN,KALYAN JN,21:23:00,21:25:00,1,343647
11009,Sinhagad Express,KYN,KALYAN JN,15:28:00,15:30:00,1,269972
11088,Pune Veraval Express,KYN,KALYAN JN,22:20:00,22:25:00,1,199926
11401,Nandigram Express,KYN,KALYAN JN,17:30:00,17:35:00,1,141435
12135,Pune -Nagpur SuperFast Express,BAP,BELAPUR,22:03:00,22:05:00,1,300871
12071,Mumbai Aurangabad Jan Shatabdi,KYN,KALYAN JN,14:44:00,14:47:00,1,236182
12072,Aurangabad Mumbai Jan Shatabdi,KYN,KALYAN JN,11:25:00,11:30:00,1,242796
59037,Virar Surat Passenger,KLV,KELVA ROAD,17:38:00,17:39:00,1,47131
12115,Siddheshwar Express,KYN,KALYAN JN,23:38:00,23:40:00,1,112603
11029,Koyna Express,KYN,KALYAN JN,09:33:00,09:35:00,1,22387
11041,Mumbai - Chennai Express,KYN,KALYAN JN,15:00:00,15:05:00,1,54127
51097,Diva Panvel Passenger,KLMG,KALAMBOLI GOODS,00:53:00,00:54:00,1,13715
59043,Virar Dahanu Shuttle,KLV,KELVA ROAD,23:16:00,23:17:00,1,125327
59441,Mumbai Central-Ahmedabad Passenger,BYR,BHAYANDAR,23:44:00,23:46:00,1,125629
12124,Deccan Queen SF Express,CSTM,MUMBAI CST,10:25:00,None,1,95557
59047,Virar Surat Passenger,KLV,KELVA ROAD,08:06:00,08:07:00,1,73317
12729,Pune-Nanded Express,BAP,BELAPUR,01:38:00,01:40:00,2,107704
17617,Tapovan Express,KYN,KALYAN JN,07:05:00,07:10:00,1,84119
59009,Virar Bharuch Shuttle,KLV,KELVA ROAD,04:27:00,04:28:00,1,209392
12432,DELHI H NIZAMUDDIN - TRIVANDRUM Rajdhani Exp,BSR,VASAI ROAD,03:35:00,03:40:00,2,504924
11093,MUMBAI CST - VARANASI Mahanagari Exp,KYN,KALYAN JN,01:10:00,01:15:00,1,534052
16339,MUMBAI CST - NAGERCOIL Exp,KYN,KALYAN JN,13:05:00,13:10:00,1,547049
51033,Mumbai Sainagar Shirdi Fast Pass(Via Daund),KYN,KALYAN JN,23:50:00,23:55:00,1,13570
59045,Vapi Passenger,BYR,BHAYANDAR,10:13:00,10:15:00,1,115074
19037,Awadh Express,VGN,VANGAON,00:30:00,00:30:00,2,299520
12128,Pune-MumbaiCST Intercity Express,PR,MUMBAI PAREL,20:41:00,20:41:00,1,348450
19143,Lokshakti Express,VTN,VAITARNA,21:05:00,21:05:00,1,310276
19039,Awadh Express,VGN,VANGAON,00:31:00,00:31:00,2,285220
59439,Ahmadabad Passenger,DIC,DAHISAR,13:24:00,13:24:00,1,294622
19011,Gujarat Express,VGN,VANGAON,07:35:00,07:35:00,1,351955
09002,Ahmedabad Mumbai Central Superfast Special,KILE,KANDIVLI,04:55:00,04:55:00,2,366252
12908,Maharashtra Sampark Kranti Express,KILE,KANDIVLI,16:59:00,16:59:00,2,349761
12935,Bandra Surat InterCity Express,VTN,VAITARNA,08:07:00,08:07:00,1,394767
12928,Vadodara - Mumbai Central Express,KILE,KANDIVLI,03:57:00,03:57:00,2,283725
12128,Pune-MumbaiCST Intercity Express,CRD,MUMBAI CURREY ROAD,20:46:00,20:46:00,1,348451
51098,Panvel Diva Passenger,DTVL,DATIVLI,05:26:00,05:26:00,1,13722
12935,Bandra Surat InterCity Express,SAH,SAPHALE,08:13:00,08:13:00,1,394768
09002,Ahmedabad Mumbai Central Superfast Special,MDD,MALAD,04:59:00,04:59:00,2,366253
12928,Vadodara - Mumbai Central Express,MDD,MALAD,04:00:00,04:00:00,2,283726
59439,Ahmadabad Passenger,MIRA,MIRA ROAD,13:30:00,13:30:00,1,294623
12908,Maharashtra Sampark Kranti Express,MDD,MALAD,17:05:00,17:05:00,2,349762
19005,Saurashtra Mail,VGN,VANGAON,22:23:00,22:23:00,1,239133
09002,Ahmedabad Mumbai Central Superfast Special,GMN,GOREGAON,05:04:00,05:04:00,2,366254
12908,Maharashtra Sampark Kranti Express,GMN,GOREGAON,17:13:00,17:13:00,2,349763
12928,Vadodara - Mumbai Central Express,GMN,GOREGAON,04:03:00,04:03:00,2,283727
12935,Bandra Surat InterCity Express,KLV,KELVA ROAD,08:18:00,08:18:00,1,394769
12901,Gujarat Mail,VGN,VANGAON,23:59:00,23:59:00,1,91062
19019,Bandra T - Dehradun Express,VGN,VANGAON,01:53:00,01:53:00,2,62829
19005-Slip,Saurashtra Mail,VGN,VANGAON,22:23:00,22:23:00,1,33790
12128,Pune-MumbaiCST Intercity Express,CHG,MUMBAI CHINCHPOKLI,20:47:00,20:47:00,1,348452
12921,Flying Rani Express,VGN,VANGAON,19:47:00,19:47:00,1,47987
12979,Mumbai Bandra (T.) - Jaipur (Tri-weekly) SF Exp,VGN,VANGAON,17:37:00,17:37:00,1,205064
59439,Ahmadabad Passenger,BYR,BHAYANDAR,13:35:00,13:35:00,1,294624
09002,Ahmedabad Mumbai Central Superfast Special,JOS,JOGESHWARI,05:10:00,05:10:00,2,366255
12908,Maharashtra Sampark Kranti Express,JOS,JOGESHWARI,17:23:00,17:23:00,2,349764
12928,Vadodara - Mumbai Central Express,JOS,JOGESHWARI,04:07:00,04:07:00,2,283728
12128,Pune-MumbaiCST Intercity Express,BY,BYCULLA,20:50:00,20:50:00,1,348453
09002,Ahmedabad Mumbai Central Superfast Special,ADH,ANDHERI,05:14:00,05:14:00,2,366256
12908,Maharashtra Sampark Kranti Express,ADH,ANDHERI,17:30:00,17:30:00,2,349765
12128,Pune-MumbaiCST Intercity Express,SNRD,MUMBAI SANDHURST ROAD,20:55:00,20:55:00,1,348454
12928,Vadodara - Mumbai Central Express,ADH,ANDHERI,04:10:00,04:10:00,2,283729
12128,Pune-MumbaiCST Intercity Express,MSD,BOMBAY MASJID,20:57:00,20:57:00,1,348455
12928,Vadodara - Mumbai Central Express,VLP,VILE PARLE,04:13:00,04:13:00,2,283730
09002,Ahmedabad Mumbai Central Superfast Special,VLP,VILE PARLE,05:18:00,05:18:00,2,366257
12908,Maharashtra Sampark Kranti Express,VLP,VILE PARLE,17:36:00,17:36:00,2,349766
12908,Maharashtra Sampark Kranti Express,STC,SANTA CRUZ,17:43:00,17:43:00,2,349767
09002,Ahmedabad Mumbai Central Superfast Special,STC,SANTA CRUZ,05:22:00,05:22:00,2,366258
12928,Vadodara - Mumbai Central Express,STC,SANTA CRUZ,04:16:00,04:16:00,2,283731
12928,Vadodara - Mumbai Central Express,KHAR,KHAR,04:18:00,04:18:00,2,283732
12908,Maharashtra Sampark Kranti Express,KHAR,KHAR,17:47:00,17:47:00,2,349768
12432,DELHI H NIZAMUDDIN - TRIVANDRUM Rajdhani Exp,DTVL,DATIVLI,04:33:00,04:33:00,2,504932
09002,Ahmedabad Mumbai Central Superfast Special,KHAR,KHAR,05:24:00,05:24:00,2,366259
12936,Surat Bandra InterCity Express,VGN,VANGAON,18:16:00,18:16:00,1,73656
12928,Vadodara - Mumbai Central Express,BDTS,MUMBAI BANDRA TERMINUS,04:19:00,04:19:00,2,283733
09002,Ahmedabad Mumbai Central Superfast Special,BDTS,MUMBAI BANDRA TERMINUS,05:26:00,05:26:00,2,366260
09002,Ahmedabad Mumbai Central Superfast Special,BA,BANDRA,05:27:00,05:27:00,2,366261
12432,DELHI H NIZAMUDDIN - TRIVANDRUM Rajdhani Exp,TPND,TALOJA PANCHAND,04:49:00,04:49:00,2,504934
12928,Vadodara - Mumbai Central Express,BA,BANDRA,04:20:00,04:20:00,2,283734
09002,Ahmedabad Mumbai Central Superfast Special,MM,MUMBAI MAHIM JN,05:31:00,05:31:00,2,366262
12928,Vadodara - Mumbai Central Express,MM,MUMBAI MAHIM JN,04:23:00,04:23:00,2,283735
09002,Ahmedabad Mumbai Central Superfast Special,MRU,MUMBAI MATUNGA ROAD,05:33:00,05:33:00,2,366263
12432,DELHI H NIZAMUDDIN - TRIVANDRUM Rajdhani Exp,KLMC,KALAMBOLI,04:57:00,04:57:00,2,504936
12928,Vadodara - Mumbai Central Express,MRU,MUMBAI MATUNGA ROAD,04:24:00,04:24:00,2,283736
09002,Ahmedabad Mumbai Central Superfast Special,DDR,MUMBAI DADAR WEST,05:35:00,05:35:00,2,366264
09002,Ahmedabad Mumbai Central Superfast Special,EPR,Mumbai Elphinstone Road,05:38:00,05:38:00,2,366265
09002,Ahmedabad Mumbai Central Superfast Special,PL,Mumbai Lower Parel,05:41:00,05:41:00,2,366266
09002,Ahmedabad Mumbai Central Superfast Special,MX,Mumbai Mahalakshmi,05:44:00,05:44:00,2,366267
12284,DELHI H NIZAMUDDIN - ERNAKULAM Duronto Exp,VGN,VANGAON,15:39:00,15:39:00,2,460026
12284,DELHI H NIZAMUDDIN - ERNAKULAM Duronto Exp,KLV,KELVA ROAD,16:04:00,16:04:00,2,460030
12284,DELHI H NIZAMUDDIN - ERNAKULAM Duronto Exp,SAH,SAPHALE,16:10:00,16:10:00,2,460031
12284,DELHI H NIZAMUDDIN - ERNAKULAM Duronto Exp,VTN,VAITARNA,16:16:00,16:16:00,2,460032
12284,DELHI H NIZAMUDDIN - ERNAKULAM Duronto Exp,VR,VIRAR,16:24:00,16:24:00,2,460033
12284,DELHI H NIZAMUDDIN - ERNAKULAM Duronto Exp,BSR,VASAI ROAD,16:31:00,16:31:00,2,460035
12284,DELHI H NIZAMUDDIN - ERNAKULAM Duronto Exp,DTVL,DATIVLI,None,None,,460044
12284,DELHI H NIZAMUDDIN - ERNAKULAM Duronto Exp,TPND,TALOJA PANCHAND,None,None,,460046
12284,DELHI H NIZAMUDDIN - ERNAKULAM Duronto Exp,KLMC,KALAMBOLI,None,None,,460048
19215,Saurashtra Express,VR,VIRAR,09:38:00,09:40:00,1,150529
59461,Borivali Dahanu Shuttle,SAH,SAPHALE,16:53:00,16:54:00,1,168697
59439,Ahmadabad Passenger,BSR,VASAI ROAD,13:50:00,13:52:00,1,294626
59044,Dahanu Virar Shuttle,KLV,KELVA ROAD,05:38:00,05:39:00,1,392961
50103,Dadar Ratnagiri Passenger,TPND,TALOJA PANCHAND,16:39:00,16:40:00,1,12988
12928,Vadodara - Mumbai Central Express,DDR,MUMBAI DADAR WEST,04:26:00,04:28:00,2,283737
12284,DELHI H NIZAMUDDIN - ERNAKULAM Duronto Exp,PNVL,PANVEL,17:49:00,17:49:00,2,460049
12908,Maharashtra Sampark Kranti Express,BDTS,MUMBAI BANDRA TERMINUS,17:50:00,None,2,349769
12128,Pune-MumbaiCST Intercity Express,CSTM,MUMBAI CST,21:00:00,None,1,348456
12526,Indrayani SF Express,TNA,THANE,21:08:00,21:10:00,1,67233
59045,Vapi Passenger,BSR,VASAI ROAD,10:26:00,10:28:00,1,115076
11077,Jhelum Express,BAP,BELAPUR,21:23:00,21:25:00,1,279158
11026,Pune Manmad Express,PNVL,PANVEL,15:40:00,15:45:00,1,42781
12072,Aurangabad Mumbai Jan Shatabdi,TNA,THANE,11:49:00,11:50:00,1,242803
59441,Mumbai Central-Ahmedabad Passenger,BSR,VASAI ROAD,00:01:00,00:13:00,2,125631
50105,Diva Sawantwadi Passenger,KLMC,KALAMBOLI,06:53:00,06:54:00,1,13073
11025,Manmad Pune Express(Via Nasik),KYN,KALYAN JN,08:00:00,08:05:00,1,127002
51097,Diva Panvel Passenger,PNVL,PANVEL,01:10:00,None,1,13716
59441-Slip,Ahmedabad Passenger Slip,BSR,VASAI ROAD,00:01:00,00:13:00,2,196864
19143,Lokshakti Express,SAH,SAPHALE,21:12:00,21:14:00,1,310277
59023,Mumbai Valsad Passenger,VTN,VAITARNA,19:33:00,19:34:00,1,344716
09002,Ahmedabad Mumbai Central Superfast Special,BCT,Mumbai Central,05:45:00,None,2,366268
12432,DELHI H NIZAMUDDIN - TRIVANDRUM Rajdhani Exp,PNVL,PANVEL,05:05:00,05:10:00,2,504937
11026,Pune Manmad Express,KLMC,KALAMBOLI,15:54:00,15:54:00,1,42782
12935,Bandra Surat InterCity Express,VGN,VANGAON,08:43:00,08:43:00,1,394773
12928,Vadodara - Mumbai Central Express,EPR,Mumbai Elphinstone Road,04:35:00,04:35:00,2,283738
19143,Lokshakti Express,KLV,KELVA ROAD,21:20:00,21:20:00,1,310278
19215,Saurashtra Express,VTN,VAITARNA,09:48:00,09:48:00,1,150530
12928,Vadodara - Mumbai Central Express,PL,Mumbai Lower Parel,04:42:00,04:42:00,2,283739
11026,Pune Manmad Express,TPND,TALOJA PANCHAND,16:03:00,16:03:00,1,42784
12928,Vadodara - Mumbai Central Express,MX,Mumbai Mahalakshmi,04:49:00,04:49:00,2,283740
12936,Surat Bandra InterCity Express,KLV,KELVA ROAD,18:45:00,18:45:00,1,73660
12936,Surat Bandra InterCity Express,SAH,SAPHALE,18:51:00,18:51:00,1,73661
11025,Manmad Pune Express(Via Nasik),DTVL,DATIVLI,08:24:00,08:24:00,1,127007
12936,Surat Bandra InterCity Express,VTN,VAITARNA,18:59:00,18:59:00,1,73662
11026,Pune Manmad Express,DTVL,DATIVLI,16:25:00,16:25:00,1,42786
11025,Manmad Pune Express(Via Nasik),TPND,TALOJA PANCHAND,08:43:00,08:43:00,1,127009
12526,Indrayani SF Express,LTT,LOKMANYA TILAK TERM,21:26:00,21:26:00,1,67241
06502,Ahmedabad -Yesvantpur Garib Rath Special,VGN,VANGAON,03:08:00,03:08:00,2,396885
12072,Aurangabad Mumbai Jan Shatabdi,LTT,LOKMANYA TILAK TERM,12:10:00,12:10:00,1,242811
11025,Manmad Pune Express(Via Nasik),KLMC,KALAMBOLI,08:52:00,08:52:00,1,127011
12072,Aurangabad Mumbai Jan Shatabdi,SIN,MUMBAI SION,12:15:00,12:15:00,1,242813
12526,Indrayani SF Express,SIN,MUMBAI SION,21:29:00,21:29:00,1,67243
12526,Indrayani SF Express,MTN,MUMBAI MATUNGA,21:32:00,21:32:00,1,67244
12072,Aurangabad Mumbai Jan Shatabdi,MTN,MUMBAI MATUNGA,12:18:00,12:18:00,1,242814
06502,Ahmedabad -Yesvantpur Garib Rath Special,KLV,KELVA ROAD,03:31:00,03:31:00,2,396889
06502,Ahmedabad -Yesvantpur Garib Rath Special,SAH,SAPHALE,03:36:00,03:36:00,2,396890
06502,Ahmedabad -Yesvantpur Garib Rath Special,VTN,VAITARNA,03:42:00,03:42:00,2,396891
06502,Ahmedabad -Yesvantpur Garib Rath Special,VR,VIRAR,03:49:00,03:49:00,2,396892
09405,Ahmedabad Yesvantpur (Weekly) Special,VGN,VANGAON,02:52:00,02:52:00,2,6480
12952,Mumbai Rajdhani Express,VGN,VANGAON,07:14:00,07:14:00,2,85138
12952,Mumbai Rajdhani Express,KLV,KELVA ROAD,07:36:00,07:36:00,2,85142
09405,Ahmedabad Yesvantpur (Weekly) Special,KLV,KELVA ROAD,03:22:00,03:22:00,2,6484
12952,Mumbai Rajdhani Express,SAH,SAPHALE,07:41:00,07:41:00,2,85143
12224,ERNAKULAM - MUM LTT AC Duronto,PNVL,PANVEL,13:51:00,13:51:00,2,458531
09405,Ahmedabad Yesvantpur (Weekly) Special,SAH,SAPHALE,03:29:00,03:29:00,2,6485
12224,ERNAKULAM - MUM LTT AC Duronto,KLMC,KALAMBOLI,13:55:00,13:55:00,2,458532
09405,Ahmedabad Yesvantpur (Weekly) Special,VTN,VAITARNA,03:37:00,03:37:00,2,6486
12952,Mumbai Rajdhani Express,VTN,VAITARNA,07:47:00,07:47:00,2,85144
09405,Ahmedabad Yesvantpur (Weekly) Special,VR,VIRAR,03:46:00,03:46:00,2,6487
12952,Mumbai Rajdhani Express,VR,VIRAR,07:53:00,07:53:00,2,85145
12224,ERNAKULAM - MUM LTT AC Duronto,TPND,TALOJA PANCHAND,14:00:00,14:00:00,2,458534
12952,Mumbai Rajdhani Express,BSR,VASAI ROAD,08:00:00,08:00:00,2,85147
12224,ERNAKULAM - MUM LTT AC Duronto,DTVL,DATIVLI,14:10:00,14:10:00,2,458536
12952,Mumbai Rajdhani Express,BYR,BHAYANDAR,08:06:00,08:06:00,2,85149
12952,Mumbai Rajdhani Express,MIRA,MIRA ROAD,08:09:00,08:09:00,2,85150
12952,Mumbai Rajdhani Express,DIC,DAHISAR,08:11:00,08:11:00,2,85151
12224,ERNAKULAM - MUM LTT AC Duronto,TNA,THANE,14:17:00,14:17:00,2,458540
12952,Mumbai Rajdhani Express,BVI,BORIVALI,08:13:00,08:13:00,2,85152
12952,Mumbai Rajdhani Express,KILE,KANDIVLI,08:15:00,08:15:00,2,85153
12952,Mumbai Rajdhani Express,MDD,MALAD,08:17:00,08:17:00,2,85154
12952,Mumbai Rajdhani Express,GMN,GOREGAON,08:19:00,08:19:00,2,85155
12952,Mumbai Rajdhani Express,JOS,JOGESHWARI,08:21:00,08:21:00,2,85156
12952,Mumbai Rajdhani Express,ADH,ANDHERI,08:23:00,08:23:00,2,85157
12952,Mumbai Rajdhani Express,VLP,VILE PARLE,08:24:00,08:24:00,2,85158
12952,Mumbai Rajdhani Express,STC,SANTA CRUZ,08:26:00,08:26:00,2,85159
12952,Mumbai Rajdhani Express,KHAR,KHAR,08:27:00,08:27:00,2,85160
12952,Mumbai Rajdhani Express,BDTS,MUMBAI BANDRA TERMINUS,08:27:00,08:27:00,2,85161
12952,Mumbai Rajdhani Express,BA,BANDRA,08:28:00,08:28:00,2,85162
12952,Mumbai Rajdhani Express,MM,MUMBAI MAHIM JN,08:29:00,08:29:00,2,85163
12952,Mumbai Rajdhani Express,MRU,MUMBAI MATUNGA ROAD,08:30:00,08:30:00,2,85164
12952,Mumbai Rajdhani Express,DDR,MUMBAI DADAR WEST,08:31:00,08:31:00,2,85165
12952,Mumbai Rajdhani Express,EPR,Mumbai Elphinstone Road,08:32:00,08:32:00,2,85166
12952,Mumbai Rajdhani Express,PL,Mumbai Lower Parel,08:34:00,08:34:00,2,85167
12952,Mumbai Rajdhani Express,MX,Mumbai Mahalakshmi,08:35:00,08:35:00,2,85168
11092,PUNE - BHUJ Ahimsa Exp,BSR,VASAI ROAD,23:45:00,23:50:00,1,485068
12928,Vadodara - Mumbai Central Express,BCT,Mumbai Central,04:55:00,None,2,283741
09405,Ahmedabad Yesvantpur (Weekly) Special,BSR,VASAI ROAD,03:55:00,04:00:00,2,6489
11088,Pune Veraval Express,BSR,VASAI ROAD,23:45:00,23:50:00,1,199934
59023,Mumbai Valsad Passenger,SAH,SAPHALE,19:42:00,19:43:00,1,344717
19311,Pune Indore Express,BSR,VASAI ROAD,19:50:00,19:55:00,1,333401
11025,Manmad Pune Express(Via Nasik),PNVL,PANVEL,09:00:00,09:05:00,1,127012
59462,Dahanu Mumbai Passenger,KLV,KELVA ROAD,19:39:00,19:41:00,1,364899
06502,Ahmedabad -Yesvantpur Garib Rath Special,BSR,VASAI ROAD,03:55:00,04:00:00,2,396894
12283,ERNAKULAM - DELHI H NIZAMUDDIN Duronto Exp,PNVL,PANVEL,18:19:00,18:19:00,2,460364
12132,Sainagar Shirdi-Mumbai Dadar Express,KYN,KALYAN JN,14:45:00,14:50:00,1,217771
12072,Aurangabad Mumbai Jan Shatabdi,DR,MUMBAI DADAR CENTRAL,12:19:00,12:20:00,1,242815
50105,Diva Sawantwadi Passenger,PNVL,PANVEL,07:00:00,07:05:00,1,13074
12224,ERNAKULAM - MUM LTT AC Duronto,LTT,LOKMANYA TILAK TERM,18:15:00,None,2,458548
12936,Surat Bandra InterCity Express,VR,VIRAR,19:08:00,19:10:00,1,73663
19215,Saurashtra Express,SAH,SAPHALE,09:55:00,09:57:00,1,150531
11090,PUNE - BHAGAT KI KOTHI Exp,BSR,VASAI ROAD,23:45:00,23:50:00,1,473465
59044,Dahanu Virar Shuttle,SAH,SAPHALE,05:45:00,05:46:00,1,392962
59439,Ahmadabad Passenger,VR,VIRAR,14:03:00,14:05:00,1,294628
59441-Slip,Ahmedabad Passenger Slip,VR,VIRAR,00:26:00,00:28:00,2,196866
11026,Pune Manmad Express,KYN,KALYAN JN,16:45:00,16:50:00,1,42791
11096,Ahimsa Express,BSR,VASAI ROAD,23:45:00,23:50:00,1,44818
59461,Borivali Dahanu Shuttle,KLV,KELVA ROAD,16:59:00,17:01:00,1,168698
59441,Mumbai Central-Ahmedabad Passenger,VR,VIRAR,00:26:00,00:28:00,2,125633
59045,Vapi Passenger,VR,VIRAR,10:38:00,10:40:00,1,115078
12526,Indrayani SF Express,DR,MUMBAI DADAR CENTRAL,21:33:00,21:35:00,1,67245
12449,MADGAON - CHANDIGARH Goa Sampark Kranti Exp,PNVL,PANVEL,19:50:00,19:55:00,1,503783
12952,Mumbai Rajdhani Express,BCT,Mumbai Central,08:35:00,None,2,85169
19023,Mumbai Firozpur Janata Express,VGN,VANGAON,09:50:00,09:52:00,1,235181
12283,ERNAKULAM - DELHI H NIZAMUDDIN Duronto Exp,KLMC,KALAMBOLI,18:24:00,18:24:00,2,460365
59441-Slip,Ahmedabad Passenger Slip,VTN,VAITARNA,00:37:00,00:37:00,2,196867
12072,Aurangabad Mumbai Jan Shatabdi,PR,MUMBAI PAREL,12:23:00,12:23:00,1,242816
12449,MADGAON - CHANDIGARH Goa Sampark Kranti Exp,KLMC,KALAMBOLI,20:00:00,20:00:00,1,503784
12526,Indrayani SF Express,PR,MUMBAI PAREL,21:37:00,21:37:00,1,67246
19215,Saurashtra Express,KLV,KELVA ROAD,10:03:00,10:03:00,1,150532
59441,Mumbai Central-Ahmedabad Passenger,VTN,VAITARNA,00:37:00,00:37:00,2,125634
11096,Ahimsa Express,VR,VIRAR,23:59:00,23:59:00,1,44820
11090,PUNE - BHAGAT KI KOTHI Exp,VR,VIRAR,23:59:00,23:59:00,1,473467
11092,PUNE - BHUJ Ahimsa Exp,VR,VIRAR,23:58:00,23:58:00,1,485070
11088,Pune Veraval Express,VR,VIRAR,23:59:00,23:59:00,1,199936
12072,Aurangabad Mumbai Jan Shatabdi,CRD,MUMBAI CURREY ROAD,12:28:00,12:28:00,1,242817
12936,Surat Bandra InterCity Express,BSR,VASAI ROAD,19:18:00,19:18:00,1,73665
12449,MADGAON - CHANDIGARH Goa Sampark Kranti Exp,KLMG,KALAMBOLI GOODS,None,None,,503785
19311,Pune Indore Express,VR,VIRAR,20:03:00,20:03:00,1,333403
12526,Indrayani SF Express,CRD,MUMBAI CURREY ROAD,21:41:00,21:41:00,1,67247
12072,Aurangabad Mumbai Jan Shatabdi,CHG,MUMBAI CHINCHPOKLI,12:30:00,12:30:00,1,242818
11088,Pune Veraval Express,VTN,VAITARNA,00:09:00,00:09:00,2,199937
12283,ERNAKULAM - DELHI H NIZAMUDDIN Duronto Exp,TPND,TALOJA PANCHAND,18:29:00,18:29:00,2,460367
11090,PUNE - BHAGAT KI KOTHI Exp,VTN,VAITARNA,00:07:00,00:07:00,2,473468
11096,Ahimsa Express,VTN,VAITARNA,00:08:00,00:08:00,2,44821
12526,Indrayani SF Express,CHG,MUMBAI CHINCHPOKLI,21:43:00,21:43:00,1,67248
11092,PUNE - BHUJ Ahimsa Exp,VTN,VAITARNA,00:06:00,00:06:00,2,485071
19311,Pune Indore Express,VTN,VAITARNA,20:11:00,20:11:00,1,333404
19311,Pune Indore Express,SAH,SAPHALE,20:19:00,20:19:00,1,333405
12936,Surat Bandra InterCity Express,BYR,BHAYANDAR,19:26:00,19:26:00,1,73667
11092,PUNE - BHUJ Ahimsa Exp,SAH,SAPHALE,00:13:00,00:13:00,2,485072
11088,Pune Veraval Express,SAH,SAPHALE,00:17:00,00:17:00,2,199938
12072,Aurangabad Mumbai Jan Shatabdi,BY,BYCULLA,12:33:00,12:33:00,1,242819
11090,PUNE - BHAGAT KI KOTHI Exp,SAH,SAPHALE,00:15:00,00:15:00,2,473469
11096,Ahimsa Express,SAH,SAPHALE,00:17:00,00:17:00,2,44822
12526,Indrayani SF Express,BY,BYCULLA,21:46:00,21:46:00,1,67249
12449,MADGAON - CHANDIGARH Goa Sampark Kranti Exp,TPND,TALOJA PANCHAND,20:07:00,20:07:00,1,503787
11096,Ahimsa Express,KLV,KELVA ROAD,00:24:00,00:24:00,2,44823
11092,PUNE - BHUJ Ahimsa Exp,KLV,KELVA ROAD,00:19:00,00:19:00,2,485073
19311,Pune Indore Express,KLV,KELVA ROAD,20:25:00,20:25:00,1,333406
12936,Surat Bandra InterCity Express,MIRA,MIRA ROAD,19:29:00,19:29:00,1,73668
12072,Aurangabad Mumbai Jan Shatabdi,SNRD,MUMBAI SANDHURST ROAD,12:39:00,12:39:00,1,242820
12526,Indrayani SF Express,SNRD,MUMBAI SANDHURST ROAD,21:50:00,21:50:00,1,67250
12283,ERNAKULAM - DELHI H NIZAMUDDIN Duronto Exp,DTVL,DATIVLI,18:41:00,18:41:00,2,460369
11088,Pune Veraval Express,KLV,KELVA ROAD,00:24:00,00:24:00,2,199939
11090,PUNE - BHAGAT KI KOTHI Exp,KLV,KELVA ROAD,00:22:00,00:22:00,2,473470
12526,Indrayani SF Express,MSD,BOMBAY MASJID,21:52:00,21:52:00,1,67251
12936,Surat Bandra InterCity Express,DIC,DAHISAR,19:33:00,19:33:00,1,73669
12449,MADGAON - CHANDIGARH Goa Sampark Kranti Exp,DTVL,DATIVLI,20:20:00,20:20:00,1,503789
12072,Aurangabad Mumbai Jan Shatabdi,MSD,BOMBAY MASJID,12:42:00,12:42:00,1,242821
12114,Nagpur-Pune Garib Rath,BAP,BELAPUR,05:11:00,05:11:00,2,309878
11045,KOLHAPUR CSMT - DHANBAD Deekshabhoomi Exp,BAP,BELAPUR,13:37:00,13:37:00,2,546405
11092,PUNE - BHUJ Ahimsa Exp,VGN,VANGAON,00:46:00,00:46:00,2,485077
12222,HOWRAH - PUNE AC Duronto Exp,BAP,BELAPUR,08:47:00,08:47:00,2,461727
19311,Pune Indore Express,VGN,VANGAON,20:53:00,20:53:00,1,333410
11090,PUNE - BHAGAT KI KOTHI Exp,VGN,VANGAON,00:52:00,00:52:00,2,473474
11088,Pune Veraval Express,VGN,VANGAON,00:56:00,00:56:00,2,199943
11096,Ahimsa Express,VGN,VANGAON,00:55:00,00:55:00,2,44827
12283,ERNAKULAM - DELHI H NIZAMUDDIN Duronto Exp,BSR,VASAI ROAD,19:45:00,19:45:00,2,460378
12262,HOWRAH - MUMBAI CST AC Duronto Exp,KYN,KALYAN JN,10:01:00,10:01:00,2,462981
12283,ERNAKULAM - DELHI H NIZAMUDDIN Duronto Exp,VR,VIRAR,19:53:00,19:53:00,2,460380
12283,ERNAKULAM - DELHI H NIZAMUDDIN Duronto Exp,VTN,VAITARNA,20:00:00,20:00:00,2,460381
12283,ERNAKULAM - DELHI H NIZAMUDDIN Duronto Exp,SAH,SAPHALE,20:07:00,20:07:00,2,460382
12283,ERNAKULAM - DELHI H NIZAMUDDIN Duronto Exp,KLV,KELVA ROAD,20:13:00,20:13:00,2,460383
12262,HOWRAH - MUMBAI CST AC Duronto Exp,TNA,THANE,10:17:00,10:17:00,2,462989
12283,ERNAKULAM - DELHI H NIZAMUDDIN Duronto Exp,VGN,VANGAON,20:40:00,20:40:00,2,460387
12262,HOWRAH - MUMBAI CST AC Duronto Exp,SIN,MUMBAI SION,10:30:00,10:30:00,2,462998
12262,HOWRAH - MUMBAI CST AC Duronto Exp,MTN,MUMBAI MATUNGA,10:30:00,10:30:00,2,462999
12262,HOWRAH - MUMBAI CST AC Duronto Exp,DR,MUMBAI DADAR CENTRAL,10:30:00,10:30:00,2,463000
12262,HOWRAH - MUMBAI CST AC Duronto Exp,PR,MUMBAI PAREL,10:30:00,10:30:00,2,463001
12262,HOWRAH - MUMBAI CST AC Duronto Exp,CRD,MUMBAI CURREY ROAD,10:30:00,10:30:00,2,463002
12262,HOWRAH - MUMBAI CST AC Duronto Exp,CHG,MUMBAI CHINCHPOKLI,10:30:00,10:30:00,2,463003
12262,HOWRAH - MUMBAI CST AC Duronto Exp,BY,BYCULLA,10:30:00,10:30:00,2,463004
12262,HOWRAH - MUMBAI CST AC Duronto Exp,SNRD,MUMBAI SANDHURST ROAD,10:30:00,10:30:00,2,463005
12262,HOWRAH - MUMBAI CST AC Duronto Exp,MSD,BOMBAY MASJID,10:30:00,10:30:00,2,463006
12218,CHANDIGARH - KOCHUVELI Kerala Sampark Kranti Exp,VGN,VANGAON,10:00:00,10:00:00,2,519311
12218,CHANDIGARH - KOCHUVELI Kerala Sampark Kranti Exp,KLV,KELVA ROAD,10:35:00,10:35:00,2,519315
12218,CHANDIGARH - KOCHUVELI Kerala Sampark Kranti Exp,SAH,SAPHALE,10:43:00,10:43:00,2,519316
12218,CHANDIGARH - KOCHUVELI Kerala Sampark Kranti Exp,VTN,VAITARNA,10:52:00,10:52:00,2,519317
12218,CHANDIGARH - KOCHUVELI Kerala Sampark Kranti Exp,VR,VIRAR,11:02:00,11:02:00,2,519318
12052,MADGAON - DADAR Jan Shatabdi Exp,PNVL,PANVEL,21:48:00,21:50:00,1,490266
12218,CHANDIGARH - KOCHUVELI Kerala Sampark Kranti Exp,BSR,VASAI ROAD,11:12:00,11:12:00,2,519320
12449,MADGAON - CHANDIGARH Goa Sampark Kranti Exp,BSR,VASAI ROAD,21:05:00,21:10:00,1,503797
59441,Mumbai Central-Ahmedabad Passenger,SAH,SAPHALE,00:45:00,00:47:00,2,125635
12072,Aurangabad Mumbai Jan Shatabdi,CSTM,MUMBAI CST,12:45:00,None,1,242822
12132,Sainagar Shirdi-Mumbai Dadar Express,TNA,THANE,15:13:00,15:15:00,1,217778
12262,HOWRAH - MUMBAI CST AC Duronto Exp,CSTM,MUMBAI CST,10:30:00,None,2,463007
59023,Mumbai Valsad Passenger,KLV,KELVA ROAD,19:49:00,19:50:00,1,344718
59043,Virar Dahanu Shuttle,VGN,VANGAON,23:49:00,23:50:00,1,125331
59044,Dahanu Virar Shuttle,VTN,VAITARNA,05:55:00,05:56:00,1,392963
06502,Ahmedabad -Yesvantpur Garib Rath Special,KYN,KALYAN JN,04:45:00,04:50:00,2,396902
59009,Virar Bharuch Shuttle,VGN,VANGAON,05:06:00,05:07:00,1,209396
59462,Dahanu Mumbai Passenger,SAH,SAPHALE,19:46:00,19:48:00,1,364900
12741,VASCO DA GAMA - PATNA SF Exp,PNVL,PANVEL,06:20:00,06:25:00,2,509324
12936,Surat Bandra InterCity Express,BVI,BORIVALI,19:35:00,19:37:00,1,73670
59039,Virar Valsad Shuttle,VGN,VANGAON,12:27:00,12:28:00,1,294710
09716,Solapur - Jaipur Special,BAP,BELAPUR,11:50:00,11:52:00,1,2881
59439,Ahmadabad Passenger,VTN,VAITARNA,14:16:00,14:18:00,1,294629
59045,Vapi Passenger,VTN,VAITARNA,10:49:00,10:51:00,1,115079
59037,Virar Surat Passenger,VGN,VANGAON,18:23:00,18:24:00,1,47135
59441-Slip,Ahmedabad Passenger Slip,SAH,SAPHALE,00:45:00,00:47:00,2,196868
50103,Dadar Ratnagiri Passenger,KLMC,KALAMBOLI,16:50:00,16:51:00,1,12990
12526,Indrayani SF Express,CSTM,MUMBAI CST,21:55:00,None,1,67252
59047,Virar Surat Passenger,VGN,VANGAON,08:39:00,08:40:00,1,73321
12052,MADGAON - DADAR Jan Shatabdi Exp,KLMC,KALAMBOLI,21:56:00,21:56:00,1,490267
12741,VASCO DA GAMA - PATNA SF Exp,KLMC,KALAMBOLI,06:35:00,06:35:00,2,509325
12936,Surat Bandra InterCity Express,KILE,KANDIVLI,19:41:00,19:41:00,1,73671
19143,Lokshakti Express,VGN,VANGAON,21:50:00,21:50:00,1,310282
12052,MADGAON - DADAR Jan Shatabdi Exp,KLMG,KALAMBOLI GOODS,None,None,,490268
12449,MADGAON - CHANDIGARH Goa Sampark Kranti Exp,VR,VIRAR,21:17:00,21:17:00,1,503799
12936,Surat Bandra InterCity Express,MDD,MALAD,19:45:00,19:45:00,1,73672
12741,VASCO DA GAMA - PATNA SF Exp,TPND,TALOJA PANCHAND,06:46:00,06:46:00,2,509327
12449,MADGAON - CHANDIGARH Goa Sampark Kranti Exp,VTN,VAITARNA,21:25:00,21:25:00,1,503800
12936,Surat Bandra InterCity Express,GMN,GOREGAON,19:48:00,19:48:00,1,73673
12449,MADGAON - CHANDIGARH Goa Sampark Kranti Exp,SAH,SAPHALE,21:32:00,21:32:00,1,503801
12052,MADGAON - DADAR Jan Shatabdi Exp,TPND,TALOJA PANCHAND,22:04:00,22:04:00,1,490270
12936,Surat Bandra InterCity Express,JOS,JOGESHWARI,19:53:00,19:53:00,1,73674
12741,VASCO DA GAMA - PATNA SF Exp,DTVL,DATIVLI,07:11:00,07:11:00,2,509329
12449,MADGAON - CHANDIGARH Goa Sampark Kranti Exp,KLV,KELVA ROAD,21:37:00,21:37:00,1,503802
12052,MADGAON - DADAR Jan Shatabdi Exp,DTVL,DATIVLI,22:19:00,22:19:00,1,490272
17305,Hubli-H.Nizamuddin Goa Express,BAP,BELAPUR,08:33:00,08:33:00,2,376285
12132,Sainagar Shirdi-Mumbai Dadar Express,LTT,LOKMANYA TILAK TERM,15:50:00,15:50:00,1,217786
12010,Ahmedabad-Mumbai Central Shatabdi,VGN,VANGAON,19:50:00,19:50:00,1,249044
12449,MADGAON - CHANDIGARH Goa Sampark Kranti Exp,VGN,VANGAON,22:03:00,22:03:00,1,503806
12218,CHANDIGARH - KOCHUVELI Kerala Sampark Kranti Exp,DTVL,DATIVLI,12:01:00,12:01:00,2,519329
12132,Sainagar Shirdi-Mumbai Dadar Express,SIN,MUMBAI SION,15:57:00,15:57:00,1,217788
12132,Sainagar Shirdi-Mumbai Dadar Express,MTN,MUMBAI MATUNGA,16:03:00,16:03:00,1,217789
12218,CHANDIGARH - KOCHUVELI Kerala Sampark Kranti Exp,TPND,TALOJA PANCHAND,12:16:00,12:16:00,2,519331
12010,Ahmedabad-Mumbai Central Shatabdi,KLV,KELVA ROAD,20:13:00,20:13:00,1,249048
12218,CHANDIGARH - KOCHUVELI Kerala Sampark Kranti Exp,KLMC,KALAMBOLI,12:23:00,12:23:00,2,519333
12010,Ahmedabad-Mumbai Central Shatabdi,SAH,SAPHALE,20:18:00,20:18:00,1,249049
12010,Ahmedabad-Mumbai Central Shatabdi,VTN,VAITARNA,20:25:00,20:25:00,1,249050
12010,Ahmedabad-Mumbai Central Shatabdi,VR,VIRAR,20:31:00,20:31:00,1,249051
12010,Ahmedabad-Mumbai Central Shatabdi,BSR,VASAI ROAD,20:38:00,20:38:00,1,249053
12010,Ahmedabad-Mumbai Central Shatabdi,BYR,BHAYANDAR,20:45:00,20:45:00,1,249055
12010,Ahmedabad-Mumbai Central Shatabdi,MIRA,MIRA ROAD,20:47:00,20:47:00,1,249056
12010,Ahmedabad-Mumbai Central Shatabdi,DIC,DAHISAR,20:50:00,20:50:00,1,249057
12940,Jaipur-Pune SF Express,VGN,VANGAON,03:12:00,03:12:00,2,142194
12910,H.Nizamuddin-Bandra Terminus Garib Rath Express,VGN,VANGAON,06:30:00,06:30:00,2,244991
12910,H.Nizamuddin-Bandra Terminus Garib Rath Express,KLV,KELVA ROAD,06:50:00,06:50:00,2,244995
12940,Jaipur-Pune SF Express,KLV,KELVA ROAD,03:45:00,03:45:00,2,142198
12940,Jaipur-Pune SF Express,SAH,SAPHALE,03:52:00,03:52:00,2,142199
12910,H.Nizamuddin-Bandra Terminus Garib Rath Express,SAH,SAPHALE,06:54:00,06:54:00,2,244996
12910,H.Nizamuddin-Bandra Terminus Garib Rath Express,VTN,VAITARNA,06:59:00,06:59:00,2,244997
12940,Jaipur-Pune SF Express,VTN,VAITARNA,04:01:00,04:01:00,2,142200
12910,H.Nizamuddin-Bandra Terminus Garib Rath Express,VR,VIRAR,07:05:00,07:05:00,2,244998
12940,Jaipur-Pune SF Express,VR,VIRAR,04:10:00,04:10:00,2,142201
12940,Jaipur-Pune SF Express,BSR,VASAI ROAD,04:20:00,04:20:00,2,142203
12910,H.Nizamuddin-Bandra Terminus Garib Rath Express,BSR,VASAI ROAD,07:11:00,07:11:00,2,245000
12910,H.Nizamuddin-Bandra Terminus Garib Rath Express,BYR,BHAYANDAR,07:16:00,07:16:00,2,245002
12910,H.Nizamuddin-Bandra Terminus Garib Rath Express,MIRA,MIRA ROAD,07:19:00,07:19:00,2,245003
12910,H.Nizamuddin-Bandra Terminus Garib Rath Express,DIC,DAHISAR,07:20:00,07:20:00,2,245004
12450,CHANDIGARH - MADGAON Goa Sampark Kranti Exp,VGN,VANGAON,02:43:00,02:43:00,2,503663
12450,CHANDIGARH - MADGAON Goa Sampark Kranti Exp,KLV,KELVA ROAD,03:10:00,03:10:00,2,503667
12450,CHANDIGARH - MADGAON Goa Sampark Kranti Exp,SAH,SAPHALE,03:17:00,03:17:00,2,503668
12450,CHANDIGARH - MADGAON Goa Sampark Kranti Exp,VTN,VAITARNA,03:24:00,03:24:00,2,503669
12450,CHANDIGARH - MADGAON Goa Sampark Kranti Exp,VR,VIRAR,03:32:00,03:32:00,2,503670
12741,VASCO DA GAMA - PATNA SF Exp,KYN,KALYAN JN,07:35:00,07:40:00,2,509334
12154,Habibganj LTT Superfast Express,KYN,KALYAN JN,06:25:00,06:30:00,2,161182
12108,Lucknow Mumbai LTT Superfast Express,KYN,KALYAN JN,21:45:00,21:50:00,2,358171
59040,Vapi Virar Shuttle,VGN,VANGAON,15:07:00,15:08:00,1,360320
59462,Dahanu Mumbai Passenger,VTN,VAITARNA,19:56:00,19:57:00,1,364901
12910,H.Nizamuddin-Bandra Terminus Garib Rath Express,BVI,BORIVALI,07:20:00,07:22:00,2,245005
59044,Dahanu Virar Shuttle,VR,VIRAR,06:15:00,None,1,392964
11008,Deccan Express,KYN,KALYAN JN,18:20:00,18:25:00,1,46444
59045,Vapi Passenger,SAH,SAPHALE,10:58:00,11:00:00,1,115080
59439,Ahmadabad Passenger,SAH,SAPHALE,14:25:00,14:27:00,1,294630
12450,CHANDIGARH - MADGAON Goa Sampark Kranti Exp,BSR,VASAI ROAD,03:35:00,03:40:00,2,503672
12218,CHANDIGARH - KOCHUVELI Kerala Sampark Kranti Exp,PNVL,PANVEL,12:25:00,12:30:00,2,519334
12052,MADGAON - DADAR Jan Shatabdi Exp,TNA,THANE,22:33:00,22:35:00,1,490274
12118,Manmad-Mumbai LTT Express,KYN,KALYAN JN,12:00:00,12:03:00,1,51375
12940,Jaipur-Pune SF Express,KYN,KALYAN JN,05:15:00,05:20:00,2,142211
50103,Dadar Ratnagiri Passenger,PNVL,PANVEL,16:58:00,17:01:00,1,12991
12936,Surat Bandra InterCity Express,ADH,ANDHERI,19:56:00,19:58:00,1,73675
12010,Ahmedabad-Mumbai Central Shatabdi,BVI,BORIVALI,20:52:00,20:54:00,1,249058
59441-Slip,Ahmedabad Passenger Slip,KLV,KELVA ROAD,00:53:00,00:55:00,2,196869
11050,Kolhapur-Ahmedabad Express,KYN,KALYAN JN,22:20:00,22:25:00,1,29240
12110,Panchavati Express,KYN,KALYAN JN,09:38:00,09:40:00,1,126003
59441,Mumbai Central-Ahmedabad Passenger,KLV,KELVA ROAD,00:53:00,00:55:00,2,125636
09405,Ahmedabad Yesvantpur (Weekly) Special,KYN,KALYAN JN,04:45:00,04:50:00,2,6497
12132,Sainagar Shirdi-Mumbai Dadar Express,DR,MUMBAI DADAR CENTRAL,16:05:00,None,1,217790
19215,Saurashtra Express,VGN,VANGAON,10:32:00,10:32:00,1,150536
12910,H.Nizamuddin-Bandra Terminus Garib Rath Express,KILE,KANDIVLI,07:29:00,07:29:00,2,245006
12010,Ahmedabad-Mumbai Central Shatabdi,KILE,KANDIVLI,20:58:00,20:58:00,1,249059
12936,Surat Bandra InterCity Express,VLP,VILE PARLE,20:07:00,20:07:00,1,73676
12910,H.Nizamuddin-Bandra Terminus Garib Rath Express,MDD,MALAD,07:34:00,07:34:00,2,245007
12010,Ahmedabad-Mumbai Central Shatabdi,MDD,MALAD,21:01:00,21:01:00,1,249060
12936,Surat Bandra InterCity Express,STC,SANTA CRUZ,20:16:00,20:16:00,1,73677
12910,H.Nizamuddin-Bandra Terminus Garib Rath Express,GMN,GOREGAON,07:40:00,07:40:00,2,245008
12010,Ahmedabad-Mumbai Central Shatabdi,GMN,GOREGAON,21:04:00,21:04:00,1,249061
12936,Surat Bandra InterCity Express,KHAR,KHAR,20:22:00,20:22:00,1,73678
12910,H.Nizamuddin-Bandra Terminus Garib Rath Express,JOS,JOGESHWARI,07:49:00,07:49:00,2,245009
12010,Ahmedabad-Mumbai Central Shatabdi,JOS,JOGESHWARI,21:09:00,21:09:00,1,249062
12910,H.Nizamuddin-Bandra Terminus Garib Rath Express,ADH,ANDHERI,07:54:00,07:54:00,2,245010
12010,Ahmedabad-Mumbai Central Shatabdi,ADH,ANDHERI,21:12:00,21:12:00,1,249063
12010,Ahmedabad-Mumbai Central Shatabdi,VLP,VILE PARLE,21:15:00,21:15:00,1,249064
12910,H.Nizamuddin-Bandra Terminus Garib Rath Express,VLP,VILE PARLE,07:59:00,07:59:00,2,245011
12110,Panchavati Express,TNA,THANE,10:00:00,10:00:00,1,126010
12910,H.Nizamuddin-Bandra Terminus Garib Rath Express,STC,SANTA CRUZ,08:04:00,08:04:00,2,245012
12010,Ahmedabad-Mumbai Central Shatabdi,STC,SANTA CRUZ,21:18:00,21:18:00,1,249065
12934,Karnavati Express,VGN,VANGAON,10:44:00,10:44:00,1,234357
12450,CHANDIGARH - MADGAON Goa Sampark Kranti Exp,DTVL,DATIVLI,04:33:00,04:33:00,2,503680
12010,Ahmedabad-Mumbai Central Shatabdi,KHAR,KHAR,21:20:00,21:20:00,1,249066
12998,Hapa-Tirunelveli Express,VGN,VANGAON,09:52:00,09:52:00,2,327371
12910,H.Nizamuddin-Bandra Terminus Garib Rath Express,KHAR,KHAR,08:08:00,08:08:00,2,245013
11049,Ahmedabad-Kolhapur Express,VGN,VANGAON,03:06:00,03:06:00,2,103520
12052,MADGAON - DADAR Jan Shatabdi Exp,SIN,MUMBAI SION,22:55:00,22:55:00,1,490283
12010,Ahmedabad-Mumbai Central Shatabdi,BDTS,MUMBAI BANDRA TERMINUS,21:21:00,21:21:00,1,249067
12450,CHANDIGARH - MADGAON Goa Sampark Kranti Exp,TPND,TALOJA PANCHAND,04:49:00,04:49:00,2,503682
12052,MADGAON - DADAR Jan Shatabdi Exp,MTN,MUMBAI MATUNGA,22:57:00,22:57:00,1,490284
12010,Ahmedabad-Mumbai Central Shatabdi,BA,BANDRA,21:22:00,21:22:00,1,249068
12010,Ahmedabad-Mumbai Central Shatabdi,MM,MUMBAI MAHIM JN,21:24:00,21:24:00,1,249069
12934,Karnavati Express,KLV,KELVA ROAD,11:09:00,11:09:00,1,234361
12010,Ahmedabad-Mumbai Central Shatabdi,MRU,MUMBAI MATUNGA ROAD,21:26:00,21:26:00,1,249070
11049,Ahmedabad-Kolhapur Express,KLV,KELVA ROAD,03:37:00,03:37:00,2,103524
17203,Bhavnagar(T)-Kakinada Town Express,VGN,VANGAON,17:10:00,17:10:00,1,114702
12450,CHANDIGARH - MADGAON Goa Sampark Kranti Exp,KLMG,KALAMBOLI GOODS,None,None,,503684
12998,Hapa-Tirunelveli Express,KLV,KELVA ROAD,10:20:00,10:20:00,2,327375
12934,Karnavati Express,SAH,SAPHALE,11:14:00,11:14:00,1,234362
11049,Ahmedabad-Kolhapur Express,SAH,SAPHALE,03:44:00,03:44:00,2,103525
19066,BHAGAT KI KOTHI - MUMBAI BANDRA Exp,VGN,VANGAON,11:13:00,11:13:00,2,451639
12010,Ahmedabad-Mumbai Central Shatabdi,DDR,MUMBAI DADAR WEST,21:28:00,21:28:00,1,249071
12450,CHANDIGARH - MADGAON Goa Sampark Kranti Exp,KLMC,KALAMBOLI,04:57:00,04:57:00,2,503685
12998,Hapa-Tirunelveli Express,SAH,SAPHALE,10:26:00,10:26:00,2,327376
12010,Ahmedabad-Mumbai Central Shatabdi,EPR,Mumbai Elphinstone Road,21:30:00,21:30:00,1,249072
12998,Hapa-Tirunelveli Express,VTN,VAITARNA,10:34:00,10:34:00,2,327377
11049,Ahmedabad-Kolhapur Express,VTN,VAITARNA,03:52:00,03:52:00,2,103526
12934,Karnavati Express,VTN,VAITARNA,11:21:00,11:21:00,1,234363
11049,Ahmedabad-Kolhapur Express,VR,VIRAR,04:01:00,04:01:00,2,103527
12010,Ahmedabad-Mumbai Central Shatabdi,PL,Mumbai Lower Parel,21:32:00,21:32:00,1,249073
12110,Panchavati Express,LTT,LOKMANYA TILAK TERM,10:15:00,10:15:00,1,126018
12934,Karnavati Express,VR,VIRAR,11:28:00,11:28:00,1,234364
12998,Hapa-Tirunelveli Express,VR,VIRAR,10:42:00,10:42:00,2,327378
12010,Ahmedabad-Mumbai Central Shatabdi,MX,Mumbai Mahalakshmi,21:34:00,21:34:00,1,249074
17203,Bhavnagar(T)-Kakinada Town Express,KLV,KELVA ROAD,17:46:00,17:46:00,1,114706
17203,Bhavnagar(T)-Kakinada Town Express,SAH,SAPHALE,17:53:00,17:53:00,1,114707
12934,Karnavati Express,BSR,VASAI ROAD,11:35:00,11:35:00,1,234366
12110,Panchavati Express,SIN,MUMBAI SION,10:19:00,10:19:00,1,126020
19066,BHAGAT KI KOTHI - MUMBAI BANDRA Exp,KLV,KELVA ROAD,11:35:00,11:35:00,2,451643
19066,BHAGAT KI KOTHI - MUMBAI BANDRA Exp,SAH,SAPHALE,11:40:00,11:40:00,2,451644
12110,Panchavati Express,MTN,MUMBAI MATUNGA,10:22:00,10:22:00,1,126021
17203,Bhavnagar(T)-Kakinada Town Express,VTN,VAITARNA,18:03:00,18:03:00,1,114708
19066,BHAGAT KI KOTHI - MUMBAI BANDRA Exp,VTN,VAITARNA,11:46:00,11:46:00,2,451645
12934,Karnavati Express,BYR,BHAYANDAR,11:42:00,11:42:00,1,234368
17203,Bhavnagar(T)-Kakinada Town Express,VR,VIRAR,18:13:00,18:13:00,1,114709
19066,BHAGAT KI KOTHI - MUMBAI BANDRA Exp,VR,VIRAR,11:53:00,11:53:00,2,451646
12934,Karnavati Express,MIRA,MIRA ROAD,11:45:00,11:45:00,1,234369
12934,Karnavati Express,DIC,DAHISAR,11:48:00,11:48:00,1,234370
19066,BHAGAT KI KOTHI - MUMBAI BANDRA Exp,BSR,VASAI ROAD,11:59:00,11:59:00,2,451648
19066,BHAGAT KI KOTHI - MUMBAI BANDRA Exp,BYR,BHAYANDAR,12:06:00,12:06:00,2,451650
19066,BHAGAT KI KOTHI - MUMBAI BANDRA Exp,MIRA,MIRA ROAD,12:08:00,12:08:00,2,451651
12629,Karnataka Sampark Kranti Express,BAP,BELAPUR,11:48:00,11:48:00,2,157032
19066,BHAGAT KI KOTHI - MUMBAI BANDRA Exp,DIC,DAHISAR,12:11:00,12:11:00,2,451652
12118,Manmad-Mumbai LTT Express,TNA,THANE,12:18:00,12:20:00,1,51382
12998,Hapa-Tirunelveli Express,BSR,VASAI ROAD,10:50:00,10:55:00,2,327380
12934,Karnavati Express,BVI,BORIVALI,11:50:00,11:52:00,1,234371
11008,Deccan Express,TNA,THANE,18:43:00,18:45:00,1,46451
11010,Sinhagad Express,KYN,KALYAN JN,08:42:00,08:47:00,1,316765
12110,Panchavati Express,DR,MUMBAI DADAR CENTRAL,10:23:00,10:25:00,1,126022
12052,MADGAON - DADAR Jan Shatabdi Exp,DR,MUMBAI DADAR CENTRAL,22:58:00,23:00:00,1,490285
12936,Surat Bandra InterCity Express,BDTS,MUMBAI BANDRA TERMINUS,20:30:00,None,1,73679
59045,Vapi Passenger,KLV,KELVA ROAD,11:07:00,11:09:00,1,115081
59439,Ahmadabad Passenger,KLV,KELVA ROAD,14:32:00,14:34:00,1,294631
12154,Habibganj LTT Superfast Express,TNA,THANE,06:43:00,06:45:00,2,161189
12450,CHANDIGARH - MADGAON Goa Sampark Kranti Exp,PNVL,PANVEL,05:05:00,05:10:00,2,503686
51402,Manmad-Pune Passenger(Via Daund),BAP,BELAPUR,00:13:00,00:15:00,2,15139
11049,Ahmedabad-Kolhapur Express,BSR,VASAI ROAD,04:10:00,04:15:00,2,103529
12108,Lucknow Mumbai LTT Superfast Express,TNA,THANE,22:08:00,22:10:00,2,358178
12528,Latur-Mumbai CST Superfast Express,KYN,KALYAN JN,06:43:00,06:45:00,2,352092
12010,Ahmedabad-Mumbai Central Shatabdi,BCT,Mumbai Central,21:35:00,None,1,249075
17203,Bhavnagar(T)-Kakinada Town Express,BSR,VASAI ROAD,18:20:00,18:25:00,1,114711
12147,Kolhapur-Nizamuddin Express,BAP,BELAPUR,20:08:00,20:10:00,1,207213
59462,Dahanu Mumbai Passenger,VR,VIRAR,20:17:00,20:18:00,1,364902
19066,BHAGAT KI KOTHI - MUMBAI BANDRA Exp,BVI,BORIVALI,12:11:00,12:13:00,2,451653
12910,H.Nizamuddin-Bandra Terminus Garib Rath Express,BDTS,MUMBAI BANDRA TERMINUS,08:10:00,None,2,245014
12110,Panchavati Express,PR,MUMBAI PAREL,10:27:00,10:27:00,1,126023
12934,Karnavati Express,KILE,KANDIVLI,11:56:00,11:56:00,1,234372
19066,BHAGAT KI KOTHI - MUMBAI BANDRA Exp,KILE,KANDIVLI,12:21:00,12:21:00,2,451654
12934,Karnavati Express,MDD,MALAD,11:59:00,11:59:00,1,234373
19066,BHAGAT KI KOTHI - MUMBAI BANDRA Exp,MDD,MALAD,12:26:00,12:26:00,2,451655
12110,Panchavati Express,CRD,MUMBAI CURREY ROAD,10:31:00,10:31:00,1,126024
59462,Dahanu Mumbai Passenger,BSR,VASAI ROAD,20:36:00,20:36:00,1,364904
12934,Karnavati Express,GMN,GOREGAON,12:03:00,12:03:00,1,234374
19066,BHAGAT KI KOTHI - MUMBAI BANDRA Exp,GMN,GOREGAON,12:33:00,12:33:00,2,451656
12110,Panchavati Express,CHG,MUMBAI CHINCHPOKLI,10:33:00,10:33:00,1,126025
12110,Panchavati Express,BY,BYCULLA,10:36:00,10:36:00,1,126026
12934,Karnavati Express,JOS,JOGESHWARI,12:08:00,12:08:00,1,234375
59462,Dahanu Mumbai Passenger,BYR,BHAYANDAR,20:54:00,20:54:00,1,364906
12110,Panchavati Express,SNRD,MUMBAI SANDHURST ROAD,10:40:00,10:40:00,1,126027
19066,BHAGAT KI KOTHI - MUMBAI BANDRA Exp,JOS,JOGESHWARI,12:42:00,12:42:00,2,451658
12934,Karnavati Express,ADH,ANDHERI,12:11:00,12:11:00,1,234376
59462,Dahanu Mumbai Passenger,MIRA,MIRA ROAD,21:01:00,21:01:00,1,364907
59462,Dahanu Mumbai Passenger,DIC,DAHISAR,21:09:00,21:09:00,1,364908
12934,Karnavati Express,VLP,VILE PARLE,12:14:00,12:14:00,1,234377
12998,Hapa-Tirunelveli Express,DTVL,DATIVLI,11:51:00,11:51:00,2,327386
12110,Panchavati Express,MSD,BOMBAY MASJID,10:42:00,10:42:00,1,126028
19066,BHAGAT KI KOTHI - MUMBAI BANDRA Exp,ADH,ANDHERI,12:48:00,12:48:00,2,451659
12528,Latur-Mumbai CST Superfast Express,TNA,THANE,07:07:00,07:07:00,2,352099
11010,Sinhagad Express,TNA,THANE,09:08:00,09:08:00,1,316772
12934,Karnavati Express,STC,SANTA CRUZ,12:17:00,12:17:00,1,234378
19066,BHAGAT KI KOTHI - MUMBAI BANDRA Exp,VLP,VILE PARLE,12:53:00,12:53:00,2,451660
11008,Deccan Express,LTT,LOKMANYA TILAK TERM,19:04:00,19:04:00,1,46459
12934,Karnavati Express,KHAR,KHAR,12:19:00,12:19:00,1,234379
19066,BHAGAT KI KOTHI - MUMBAI BANDRA Exp,STC,SANTA CRUZ,12:59:00,12:59:00,2,451661
12998,Hapa-Tirunelveli Express,TPND,TALOJA PANCHAND,12:08:00,12:08:00,2,327388
19066,BHAGAT KI KOTHI - MUMBAI BANDRA Exp,KHAR,KHAR,13:02:00,13:02:00,2,451662
12934,Karnavati Express,BDTS,MUMBAI BANDRA TERMINUS,12:20:00,12:20:00,1,234380
12998,Hapa-Tirunelveli Express,KLMC,KALAMBOLI,12:16:00,12:16:00,2,327390
12934,Karnavati Express,BA,BANDRA,12:21:00,12:21:00,1,234381
11008,Deccan Express,SIN,MUMBAI SION,19:09:00,19:09:00,1,46461
11008,Deccan Express,MTN,MUMBAI MATUNGA,19:12:00,19:12:00,1,46462
12934,Karnavati Express,MM,MUMBAI MAHIM JN,12:24:00,12:24:00,1,234382
12934,Karnavati Express,MRU,MUMBAI MATUNGA ROAD,12:26:00,12:26:00,1,234383
16533,BHAGAT KI KOTHI - BANGALORE CITY Exp,VGN,VANGAON,22:19:00,22:19:00,1,450601
12934,Karnavati Express,DDR,MUMBAI DADAR WEST,12:28:00,12:28:00,1,234384
12934,Karnavati Express,EPR,Mumbai Elphinstone Road,12:30:00,12:30:00,1,234385
12528,Latur-Mumbai CST Superfast Express,LTT,LOKMANYA TILAK TERM,07:25:00,07:25:00,2,352107
12934,Karnavati Express,PL,Mumbai Lower Parel,12:32:00,12:32:00,1,234386
11010,Sinhagad Express,LTT,LOKMANYA TILAK TERM,09:26:00,09:26:00,1,316780
12934,Karnavati Express,MX,Mumbai Mahalakshmi,12:34:00,12:34:00,1,234387
11010,Sinhagad Express,SIN,MUMBAI SION,09:30:00,09:30:00,1,316782
16533,BHAGAT KI KOTHI - BANGALORE CITY Exp,KLV,KELVA ROAD,22:58:00,22:58:00,1,450605
12528,Latur-Mumbai CST Superfast Express,SIN,MUMBAI SION,07:30:00,07:30:00,2,352109
11010,Sinhagad Express,MTN,MUMBAI MATUNGA,09:32:00,09:32:00,1,316783
12528,Latur-Mumbai CST Superfast Express,MTN,MUMBAI MATUNGA,07:32:00,07:32:00,2,352110
16533,BHAGAT KI KOTHI - BANGALORE CITY Exp,SAH,SAPHALE,23:06:00,23:06:00,1,450606
16533,BHAGAT KI KOTHI - BANGALORE CITY Exp,VTN,VAITARNA,23:16:00,23:16:00,1,450607
16533,BHAGAT KI KOTHI - BANGALORE CITY Exp,VR,VIRAR,23:28:00,23:28:00,1,450608
19312,Indore Pune Express,VGN,VANGAON,03:08:00,03:08:00,2,134617
16505,GANDHIDHAM - BANGALORE Exp,VGN,VANGAON,22:25:00,22:25:00,1,449142
19312,Indore Pune Express,KLV,KELVA ROAD,03:40:00,03:40:00,2,134621
19312,Indore Pune Express,SAH,SAPHALE,03:47:00,03:47:00,2,134622
19312,Indore Pune Express,VTN,VAITARNA,03:55:00,03:55:00,2,134623
19312,Indore Pune Express,VR,VIRAR,04:04:00,04:04:00,2,134624
16505,GANDHIDHAM - BANGALORE Exp,KLV,KELVA ROAD,23:01:00,23:01:00,1,449146
16505,GANDHIDHAM - BANGALORE Exp,SAH,SAPHALE,23:09:00,23:09:00,1,449147
16505,GANDHIDHAM - BANGALORE Exp,VTN,VAITARNA,23:18:00,23:18:00,1,449148
16505,GANDHIDHAM - BANGALORE Exp,VR,VIRAR,23:29:00,23:29:00,1,449149
11050,Kolhapur-Ahmedabad Express,BSR,VASAI ROAD,23:45:00,23:50:00,1,29248
11008,Deccan Express,DR,MUMBAI DADAR CENTRAL,19:13:00,19:15:00,1,46463
12730,Nanded-Pune SuperFast Express,BAP,BELAPUR,04:54:00,04:55:00,2,187937
16533,BHAGAT KI KOTHI - BANGALORE CITY Exp,BSR,VASAI ROAD,23:35:00,23:45:00,1,450610
09222,Secunderabad-Porbandar Weekly Special,KYN,KALYAN JN,04:45:00,04:50:00,2,7612
12108,Lucknow Mumbai LTT Superfast Express,LTT,LOKMANYA TILAK TERM,22:45:00,None,2,358186
59462,Dahanu Mumbai Passenger,BVI,BORIVALI,21:14:00,21:15:00,1,364909
12528,Latur-Mumbai CST Superfast Express,DR,MUMBAI DADAR CENTRAL,07:33:00,07:35:00,2,352111
17203,Bhavnagar(T)-Kakinada Town Express,KYN,KALYAN JN,19:40:00,19:45:00,1,114719
12172,Haridwar-Mumbai LTT AC Express,KYN,KALYAN JN,22:58:00,23:00:00,2,254588
12110,Panchavati Express,CSTM,MUMBAI CST,10:45:00,None,1,126029
12934,Karnavati Express,BCT,Mumbai Central,12:35:00,None,1,234388
19066,BHAGAT KI KOTHI - MUMBAI BANDRA Exp,BDTS,MUMBAI BANDRA TERMINUS,13:05:00,None,2,451663
16505,GANDHIDHAM - BANGALORE Exp,BSR,VASAI ROAD,23:35:00,23:40:00,1,449151
21028,Solapur-Gondia Slip Exp.,BAP,BELAPUR,03:48:00,03:50:00,2,300753
11010,Sinhagad Express,DR,MUMBAI DADAR CENTRAL,09:33:00,09:35:00,1,316784
12154,Habibganj LTT Superfast Express,LTT,LOKMANYA TILAK TERM,07:30:00,None,2,161197
12998,Hapa-Tirunelveli Express,PNVL,PANVEL,12:25:00,12:30:00,2,327391
59023,Mumbai Valsad Passenger,VGN,VANGAON,20:20:00,20:21:00,1,344722
59461,Borivali Dahanu Shuttle,VGN,VANGAON,17:35:00,17:37:00,1,168702
12118,Manmad-Mumbai LTT Express,LTT,LOKMANYA TILAK TERM,13:00:00,None,1,51390
19312,Indore Pune Express,BSR,VASAI ROAD,04:10:00,04:15:00,2,134626
11095,Ahimsa Express,VGN,VANGAON,22:43:00,22:43:00,1,187461
12528,Latur-Mumbai CST Superfast Express,PR,MUMBAI PAREL,07:38:00,07:38:00,2,352112
12902,Gujarat Mail,VGN,VANGAON,04:06:00,04:06:00,2,401956
11008,Deccan Express,PR,MUMBAI PAREL,19:18:00,19:18:00,1,46464
59462,Dahanu Mumbai Passenger,KILE,KANDIVLI,21:19:00,21:19:00,1,364910
11010,Sinhagad Express,PR,MUMBAI PAREL,09:37:00,09:37:00,1,316785
12922,Flying Rani Express,VGN,VANGAON,07:56:00,07:56:00,1,206641
12528,Latur-Mumbai CST Superfast Express,CRD,MUMBAI CURREY ROAD,07:43:00,07:43:00,2,352113
59462,Dahanu Mumbai Passenger,MDD,MALAD,21:22:00,21:22:00,1,364911
11010,Sinhagad Express,CRD,MUMBAI CURREY ROAD,09:41:00,09:41:00,1,316786
11008,Deccan Express,CRD,MUMBAI CURREY ROAD,19:23:00,19:23:00,1,46465
11050,Kolhapur-Ahmedabad Express,VR,VIRAR,23:58:00,23:58:00,1,29250
59462,Dahanu Mumbai Passenger,GMN,GOREGAON,21:26:00,21:26:00,1,364912
12528,Latur-Mumbai CST Superfast Express,CHG,MUMBAI CHINCHPOKLI,07:45:00,07:45:00,2,352114
11010,Sinhagad Express,CHG,MUMBAI CHINCHPOKLI,09:43:00,09:43:00,1,316787
11008,Deccan Express,CHG,MUMBAI CHINCHPOKLI,19:25:00,19:25:00,1,46466
11050,Kolhapur-Ahmedabad Express,VTN,VAITARNA,00:06:00,00:06:00,2,29251
11008,Deccan Express,BY,BYCULLA,19:28:00,19:28:00,1,46467
12528,Latur-Mumbai CST Superfast Express,BY,BYCULLA,07:48:00,07:48:00,2,352115
59462,Dahanu Mumbai Passenger,JOS,JOGESHWARI,21:30:00,21:30:00,1,364913
11050,Kolhapur-Ahmedabad Express,SAH,SAPHALE,00:13:00,00:13:00,2,29252
11010,Sinhagad Express,BY,BYCULLA,09:46:00,09:46:00,1,316788
11010,Sinhagad Express,SNRD,MUMBAI SANDHURST ROAD,09:50:00,09:50:00,1,316789
11008,Deccan Express,SNRD,MUMBAI SANDHURST ROAD,19:33:00,19:33:00,1,46468
12902,Gujarat Mail,KLV,KELVA ROAD,04:32:00,04:32:00,2,401960
11050,Kolhapur-Ahmedabad Express,KLV,KELVA ROAD,00:19:00,00:19:00,2,29253
11095,Ahimsa Express,KLV,KELVA ROAD,23:26:00,23:26:00,1,187465
12528,Latur-Mumbai CST Superfast Express,SNRD,MUMBAI SANDHURST ROAD,07:54:00,07:54:00,2,352116
12528,Latur-Mumbai CST Superfast Express,MSD,BOMBAY MASJID,07:57:00,07:57:00,2,352117
12902,Gujarat Mail,SAH,SAPHALE,04:37:00,04:37:00,2,401961
11008,Deccan Express,MSD,BOMBAY MASJID,19:37:00,19:37:00,1,46469
11010,Sinhagad Express,MSD,BOMBAY MASJID,09:52:00,09:52:00,1,316790
11095,Ahimsa Express,SAH,SAPHALE,23:35:00,23:35:00,1,187466
12172,Haridwar-Mumbai LTT AC Express,TNA,THANE,23:24:00,23:24:00,2,254595
12902,Gujarat Mail,VTN,VAITARNA,04:44:00,04:44:00,2,401962
11095,Ahimsa Express,VTN,VAITARNA,23:47:00,23:47:00,1,187467
12902,Gujarat Mail,VR,VIRAR,04:52:00,04:52:00,2,401963
11095,Ahimsa Express,VR,VIRAR,23:59:00,23:59:00,1,187468
11050,Kolhapur-Ahmedabad Express,VGN,VANGAON,00:46:00,00:46:00,2,29257
12902,Gujarat Mail,BSR,VASAI ROAD,04:59:00,04:59:00,2,401965
12902,Gujarat Mail,BYR,BHAYANDAR,05:07:00,05:07:00,2,401967
16613,RAJKOT - COIMBATORE Exp,VGN,VANGAON,17:10:00,17:10:00,1,504498
12902,Gujarat Mail,MIRA,MIRA ROAD,05:10:00,05:10:00,2,401968
12902,Gujarat Mail,DIC,DAHISAR,05:13:00,05:13:00,2,401969
16613,RAJKOT - COIMBATORE Exp,KLV,KELVA ROAD,17:45:00,17:45:00,1,504502
16613,RAJKOT - COIMBATORE Exp,SAH,SAPHALE,17:52:00,17:52:00,1,504503
16613,RAJKOT - COIMBATORE Exp,VTN,VAITARNA,18:02:00,18:02:00,1,504504
16613,RAJKOT - COIMBATORE Exp,VR,VIRAR,18:12:00,18:12:00,1,504505
12484,AMRITSAR - KOCHUVELI SF Exp,VGN,VANGAON,09:45:00,09:45:00,2,539003
12484,AMRITSAR - KOCHUVELI SF Exp,KLV,KELVA ROAD,10:22:00,10:22:00,2,539007
12484,AMRITSAR - KOCHUVELI SF Exp,SAH,SAPHALE,10:30:00,10:30:00,2,539008
12484,AMRITSAR - KOCHUVELI SF Exp,VTN,VAITARNA,10:40:00,10:40:00,2,539009
12484,AMRITSAR - KOCHUVELI SF Exp,VR,VIRAR,10:50:00,10:50:00,2,539010
59441-Slip,Ahmedabad Passenger Slip,VGN,VANGAON,01:49:00,01:51:00,2,196873
12172,Haridwar-Mumbai LTT AC Express,LTT,LOKMANYA TILAK TERM,23:45:00,None,2,254603
59462,Dahanu Mumbai Passenger,ADH,ANDHERI,21:34:00,21:35:00,1,364914
12174,Udyog Nagri Express,KYN,KALYAN JN,05:05:00,05:10:00,2,145161
12528,Latur-Mumbai CST Superfast Express,CSTM,MUMBAI CST,08:00:00,None,2,352118
17018,Secunderabad - Rajkot Express,KYN,KALYAN JN,04:48:00,04:50:00,2,357890
59040,Vapi Virar Shuttle,KLV,KELVA ROAD,15:39:00,15:40:00,1,360324
16533,BHAGAT KI KOTHI - BANGALORE CITY Exp,KYN,KALYAN JN,01:05:00,01:10:00,2,450619
16613,RAJKOT - COIMBATORE Exp,BSR,VASAI ROAD,18:20:00,18:25:00,1,504507
59441,Mumbai Central-Ahmedabad Passenger,VGN,VANGAON,01:49:00,01:51:00,2,125640
11095,Ahimsa Express,BSR,VASAI ROAD,00:10:00,00:15:00,2,187470
12484,AMRITSAR - KOCHUVELI SF Exp,BSR,VASAI ROAD,11:01:00,11:01:00,2,539012
11010,Sinhagad Express,CSTM,MUMBAI CST,09:55:00,None,1,316791
11049,Ahmedabad-Kolhapur Express,KYN,KALYAN JN,05:15:00,05:20:00,2,103537
11008,Deccan Express,CSTM,MUMBAI CST,19:40:00,None,1,46470
16501,Ahmedabad Bangalore Express,BAP,BELAPUR,09:18:00,09:20:00,2,291889
12902,Gujarat Mail,BVI,BORIVALI,05:14:00,05:16:00,2,401970
09222,Secunderabad-Porbandar Weekly Special,BSR,VASAI ROAD,06:10:00,06:20:00,2,7620
12922,Flying Rani Express,KLV,KELVA ROAD,08:22:00,08:22:00,1,206645
12902,Gujarat Mail,KILE,KANDIVLI,05:20:00,05:20:00,2,401971
59462,Dahanu Mumbai Passenger,VLP,VILE PARLE,21:38:00,21:38:00,1,364915
12902,Gujarat Mail,MDD,MALAD,05:22:00,05:22:00,2,401972
09222,Secunderabad-Porbandar Weekly Special,VR,VIRAR,06:28:00,06:28:00,2,7622
12922,Flying Rani Express,SAH,SAPHALE,08:29:00,08:29:00,1,206646
59462,Dahanu Mumbai Passenger,STC,SANTA CRUZ,21:42:00,21:42:00,1,364916
59462,Dahanu Mumbai Passenger,KHAR,KHAR,21:44:00,21:44:00,1,364917
09222,Secunderabad-Porbandar Weekly Special,VTN,VAITARNA,06:35:00,06:35:00,2,7623
12902,Gujarat Mail,GMN,GOREGAON,05:26:00,05:26:00,2,401973
12922,Flying Rani Express,VTN,VAITARNA,08:37:00,08:37:00,1,206647
09222,Secunderabad-Porbandar Weekly Special,SAH,SAPHALE,06:42:00,06:42:00,2,7624
59462,Dahanu Mumbai Passenger,BDTS,MUMBAI BANDRA TERMINUS,21:46:00,21:46:00,1,364918
12902,Gujarat Mail,JOS,JOGESHWARI,05:30:00,05:30:00,2,401974
12922,Flying Rani Express,VR,VIRAR,08:46:00,08:46:00,1,206648
12104,Lucknow Jn - Pune Express,BAP,BELAPUR,03:20:00,03:20:00,2,323943
59462,Dahanu Mumbai Passenger,BA,BANDRA,21:47:00,21:47:00,1,364919
12902,Gujarat Mail,ADH,ANDHERI,05:33:00,05:33:00,2,401975
09222,Secunderabad-Porbandar Weekly Special,KLV,KELVA ROAD,06:48:00,06:48:00,2,7625
12484,AMRITSAR - KOCHUVELI SF Exp,DTVL,DATIVLI,11:53:00,11:53:00,2,539018
12922,Flying Rani Express,BSR,VASAI ROAD,08:55:00,08:55:00,1,206650
59462,Dahanu Mumbai Passenger,MM,MUMBAI MAHIM JN,21:50:00,21:50:00,1,364920
12902,Gujarat Mail,VLP,VILE PARLE,05:36:00,05:36:00,2,401976
12902,Gujarat Mail,STC,SANTA CRUZ,05:38:00,05:38:00,2,401977
59462,Dahanu Mumbai Passenger,MRU,MUMBAI MATUNGA ROAD,21:52:00,21:52:00,1,364921
12978,AJMER - ERNAKULAM Marusagar Exp,VGN,VANGAON,02:27:00,02:27:00,2,542432
17017,Rajkot Secunderabad Express,VGN,VANGAON,17:06:00,17:06:00,1,337490
12922,Flying Rani Express,BYR,BHAYANDAR,09:04:00,09:04:00,1,206652
12902,Gujarat Mail,KHAR,KHAR,05:40:00,05:40:00,2,401978
19050,PATNA - MUMBAI BANDRA T Exp,VGN,VANGAON,07:02:00,07:02:00,3,500390
12954,August Kranti Rajdhani Express,VGN,VANGAON,08:30:00,08:30:00,2,160002
59462,Dahanu Mumbai Passenger,DDR,MUMBAI DADAR WEST,21:55:00,21:55:00,1,364922
12484,AMRITSAR - KOCHUVELI SF Exp,TPND,TALOJA PANCHAND,12:09:00,12:09:00,2,539020
12922,Flying Rani Express,MIRA,MIRA ROAD,09:07:00,09:07:00,1,206653
09222,Secunderabad-Porbandar Weekly Special,VGN,VANGAON,07:14:00,07:14:00,2,7629
12902,Gujarat Mail,BDTS,MUMBAI BANDRA TERMINUS,05:41:00,05:41:00,2,401979
59462,Dahanu Mumbai Passenger,EPR,Mumbai Elphinstone Road,21:57:00,21:57:00,1,364923
59462,Dahanu Mumbai Passenger,PL,Mumbai Lower Parel,22:00:00,22:00:00,1,364924
12902,Gujarat Mail,BA,BANDRA,05:42:00,05:42:00,2,401980
12484,AMRITSAR - KOCHUVELI SF Exp,KLMG,KALAMBOLI GOODS,None,None,,539022
12922,Flying Rani Express,DIC,DAHISAR,09:11:00,09:11:00,1,206654
59462,Dahanu Mumbai Passenger,MX,Mumbai Mahalakshmi,22:03:00,22:03:00,1,364925
12902,Gujarat Mail,MM,MUMBAI MAHIM JN,05:45:00,05:45:00,2,401981
12484,AMRITSAR - KOCHUVELI SF Exp,KLMC,KALAMBOLI,12:16:00,12:16:00,2,539023
12902,Gujarat Mail,MRU,MUMBAI MATUNGA ROAD,05:46:00,05:46:00,2,401982
17017,Rajkot Secunderabad Express,KLV,KELVA ROAD,17:42:00,17:42:00,1,337494
19050,PATNA - MUMBAI BANDRA T Exp,KLV,KELVA ROAD,07:35:00,07:35:00,3,500394
12978,AJMER - ERNAKULAM Marusagar Exp,KLV,KELVA ROAD,03:00:00,03:00:00,2,542436
12954,August Kranti Rajdhani Express,KLV,KELVA ROAD,08:59:00,08:59:00,2,160006
19050,PATNA - MUMBAI BANDRA T Exp,SAH,SAPHALE,07:42:00,07:42:00,3,500395
17017,Rajkot Secunderabad Express,SAH,SAPHALE,17:50:00,17:50:00,1,337495
12954,August Kranti Rajdhani Express,SAH,SAPHALE,09:06:00,09:06:00,2,160007
12978,AJMER - ERNAKULAM Marusagar Exp,SAH,SAPHALE,03:07:00,03:07:00,2,542437
19050,PATNA - MUMBAI BANDRA T Exp,VTN,VAITARNA,07:51:00,07:51:00,3,500396
17017,Rajkot Secunderabad Express,VTN,VAITARNA,17:59:00,17:59:00,1,337496
12954,August Kranti Rajdhani Express,VTN,VAITARNA,09:14:00,09:14:00,2,160008
12978,AJMER - ERNAKULAM Marusagar Exp,VTN,VAITARNA,03:16:00,03:16:00,2,542438
12954,August Kranti Rajdhani Express,VR,VIRAR,09:22:00,09:22:00,2,160009
17017,Rajkot Secunderabad Express,VR,VIRAR,18:10:00,18:10:00,1,337497
12978,AJMER - ERNAKULAM Marusagar Exp,VR,VIRAR,03:26:00,03:26:00,2,542439
19050,PATNA - MUMBAI BANDRA T Exp,VR,VIRAR,08:00:00,08:00:00,3,500397
12954,August Kranti Rajdhani Express,BSR,VASAI ROAD,09:30:00,09:30:00,2,160011
19050,PATNA - MUMBAI BANDRA T Exp,BSR,VASAI ROAD,08:09:00,08:09:00,3,500399
19050,PATNA - MUMBAI BANDRA T Exp,BYR,BHAYANDAR,08:19:00,08:19:00,3,500401
12954,August Kranti Rajdhani Express,BYR,BHAYANDAR,09:39:00,09:39:00,2,160013
12954,August Kranti Rajdhani Express,MIRA,MIRA ROAD,09:42:00,09:42:00,2,160014
19050,PATNA - MUMBAI BANDRA T Exp,MIRA,MIRA ROAD,08:22:00,08:22:00,3,500402
19050,PATNA - MUMBAI BANDRA T Exp,DIC,DAHISAR,08:26:00,08:26:00,3,500403
12954,August Kranti Rajdhani Express,DIC,DAHISAR,09:45:00,09:45:00,2,160015
12288,DEHRADUN - KOCHUVELI SF Express,VGN,VANGAON,09:48:00,09:48:00,2,543211
19260,BHAVNAGAR - KOCHUVELI Exp,VGN,VANGAON,19:10:00,19:10:00,1,543943
12288,DEHRADUN - KOCHUVELI SF Express,KLV,KELVA ROAD,10:25:00,10:25:00,2,543215
19260,BHAVNAGAR - KOCHUVELI Exp,KLV,KELVA ROAD,19:48:00,19:48:00,1,543947
12288,DEHRADUN - KOCHUVELI SF Express,SAH,SAPHALE,10:33:00,10:33:00,2,543216
19260,BHAVNAGAR - KOCHUVELI Exp,SAH,SAPHALE,19:57:00,19:57:00,1,543948
19260,BHAVNAGAR - KOCHUVELI Exp,VTN,VAITARNA,20:07:00,20:07:00,1,543949
12288,DEHRADUN - KOCHUVELI SF Express,VTN,VAITARNA,10:43:00,10:43:00,2,543217
12288,DEHRADUN - KOCHUVELI SF Express,VR,VIRAR,10:54:00,10:54:00,2,543218
19260,BHAVNAGAR - KOCHUVELI Exp,VR,VIRAR,20:18:00,20:18:00,1,543950
12174,Udyog Nagri Express,TNA,THANE,05:23:00,05:25:00,2,145168
12902,Gujarat Mail,DDR,MUMBAI DADAR WEST,05:48:00,05:50:00,2,401983
12134,MANGALORE - MUMBAI CST Exp,PNVL,PANVEL,02:38:00,02:40:00,2,480680
16505,GANDHIDHAM - BANGALORE Exp,KYN,KALYAN JN,01:08:00,01:10:00,2,449160
59045,Vapi Passenger,VGN,VANGAON,11:42:00,11:44:00,1,115085
19260,BHAVNAGAR - KOCHUVELI Exp,BSR,VASAI ROAD,20:25:00,20:30:00,1,543952
12142,PATLIPUTRA - MUMBAI LTT SF Exp,KYN,KALYAN JN,14:15:00,14:20:00,2,515932
19050,PATNA - MUMBAI BANDRA T Exp,BVI,BORIVALI,08:30:00,08:31:00,3,500404
12116,Siddheshwar Express,KYN,KALYAN JN,05:43:00,05:45:00,2,50239
12484,AMRITSAR - KOCHUVELI SF Exp,PNVL,PANVEL,12:25:00,12:30:00,2,539024
12288,DEHRADUN - KOCHUVELI SF Express,BSR,VASAI ROAD,11:05:00,11:05:00,2,543220
12112,Amaravati-Mumbai CST Express,KYN,KALYAN JN,05:25:00,05:30:00,2,76089
59462,Dahanu Mumbai Passenger,BCT,Mumbai Central,22:05:00,None,1,364926
12978,AJMER - ERNAKULAM Marusagar Exp,BSR,VASAI ROAD,03:35:00,03:40:00,2,542441
59040,Vapi Virar Shuttle,SAH,SAPHALE,15:46:00,15:47:00,1,360325
12922,Flying Rani Express,BVI,BORIVALI,09:13:00,09:15:00,1,206655
12954,August Kranti Rajdhani Express,BVI,BORIVALI,09:48:00,09:50:00,2,160016
17017,Rajkot Secunderabad Express,BSR,VASAI ROAD,18:20:00,18:25:00,1,337499
12168,VARANASI - MUMBAI LTT SF Exp,KYN,KALYAN JN,11:30:00,11:35:00,2,508262
59439,Ahmadabad Passenger,VGN,VANGAON,15:28:00,15:30:00,1,294635
12187,Jabalpur-CST Garib Rath Express,KYN,KALYAN JN,10:55:00,11:00:00,2,196011
19312,Indore Pune Express,KYN,KALYAN JN,05:15:00,05:20:00,2,134634
59024,Valsad Mumbai Passenger,VGN,VANGAON,06:34:00,06:35:00,1,134379
12902,Gujarat Mail,EPR,Mumbai Elphinstone Road,06:07:00,06:07:00,2,401984
19050,PATNA - MUMBAI BANDRA T Exp,KILE,KANDIVLI,08:39:00,08:39:00,3,500405
12134,MANGALORE - MUMBAI CST Exp,KLMC,KALAMBOLI,02:48:00,02:48:00,2,480681
12922,Flying Rani Express,KILE,KANDIVLI,09:18:00,09:18:00,1,206656
12954,August Kranti Rajdhani Express,KILE,KANDIVLI,09:54:00,09:54:00,2,160017
12954,August Kranti Rajdhani Express,MDD,MALAD,09:57:00,09:57:00,2,160018
12922,Flying Rani Express,MDD,MALAD,09:21:00,09:21:00,1,206657
12134,MANGALORE - MUMBAI CST Exp,KLMG,KALAMBOLI GOODS,None,None,,480682
19050,PATNA - MUMBAI BANDRA T Exp,MDD,MALAD,08:44:00,08:44:00,3,500406
12902,Gujarat Mail,PL,Mumbai Lower Parel,06:24:00,06:24:00,2,401985
12902,Gujarat Mail,MX,Mumbai Mahalakshmi,06:41:00,06:41:00,2,401986
12954,August Kranti Rajdhani Express,GMN,GOREGAON,10:01:00,10:01:00,2,160019
12922,Flying Rani Express,GMN,GOREGAON,09:24:00,09:24:00,1,206658
19050,PATNA - MUMBAI BANDRA T Exp,GMN,GOREGAON,08:51:00,08:51:00,3,500407
12922,Flying Rani Express,JOS,JOGESHWARI,09:28:00,09:28:00,1,206659
12134,MANGALORE - MUMBAI CST Exp,TPND,TALOJA PANCHAND,02:56:00,02:56:00,2,480684
12954,August Kranti Rajdhani Express,JOS,JOGESHWARI,10:06:00,10:06:00,2,160020
12954,August Kranti Rajdhani Express,ADH,ANDHERI,10:09:00,10:09:00,2,160021
19050,PATNA - MUMBAI BANDRA T Exp,JOS,JOGESHWARI,09:00:00,09:00:00,3,500409
12168,VARANASI - MUMBAI LTT SF Exp,TNA,THANE,12:00:00,12:00:00,2,508267
12288,DEHRADUN - KOCHUVELI SF Express,DTVL,DATIVLI,11:58:00,11:58:00,2,543226
19050,PATNA - MUMBAI BANDRA T Exp,ADH,ANDHERI,09:06:00,09:06:00,3,500410
12954,August Kranti Rajdhani Express,VLP,VILE PARLE,10:12:00,10:12:00,2,160022
12134,MANGALORE - MUMBAI CST Exp,DTVL,DATIVLI,03:15:00,03:15:00,2,480686
12954,August Kranti Rajdhani Express,STC,SANTA CRUZ,10:15:00,10:15:00,2,160023
19260,BHAVNAGAR - KOCHUVELI Exp,DTVL,DATIVLI,21:25:00,21:25:00,1,543959
12112,Amaravati-Mumbai CST Express,TNA,THANE,05:45:00,05:45:00,2,76096
12187,Jabalpur-CST Garib Rath Express,TNA,THANE,11:25:00,11:25:00,2,196018
19050,PATNA - MUMBAI BANDRA T Exp,VLP,VILE PARLE,09:11:00,09:11:00,3,500411
19144,Lokshakti Express,VGN,VANGAON,03:51:00,03:51:00,2,61015
12142,PATLIPUTRA - MUMBAI LTT SF Exp,TNA,THANE,14:44:00,14:44:00,2,515940
12288,DEHRADUN - KOCHUVELI SF Express,TPND,TALOJA PANCHAND,12:14:00,12:14:00,2,543228
19050,PATNA - MUMBAI BANDRA T Exp,STC,SANTA CRUZ,09:16:00,09:16:00,3,500412
12996,Udaipur Bandra SF Express Slip,VGN,VANGAON,12:29:00,12:29:00,2,81867
22996,Ajmer Bandra SF Express,VGN,VANGAON,12:30:00,12:30:00,2,141130
12954,August Kranti Rajdhani Express,KHAR,KHAR,10:17:00,10:17:00,2,160024
12978,AJMER - ERNAKULAM Marusagar Exp,DTVL,DATIVLI,04:33:00,04:33:00,2,542450
12954,August Kranti Rajdhani Express,BDTS,MUMBAI BANDRA TERMINUS,10:18:00,10:18:00,2,160025
19050,PATNA - MUMBAI BANDRA T Exp,KHAR,KHAR,09:20:00,09:20:00,3,500413
19260,BHAVNAGAR - KOCHUVELI Exp,TPND,TALOJA PANCHAND,21:42:00,21:42:00,1,543961
12954,August Kranti Rajdhani Express,BA,BANDRA,10:20:00,10:20:00,2,160026
12288,DEHRADUN - KOCHUVELI SF Express,KLMG,KALAMBOLI GOODS,None,None,,543230
12541,Gorakhpur-Mumbai LTT SF Express,KYN,KALYAN JN,03:05:00,03:05:00,3,94174
12954,August Kranti Rajdhani Express,MM,MUMBAI MAHIM JN,10:22:00,10:22:00,2,160027
12978,AJMER - ERNAKULAM Marusagar Exp,TPND,TALOJA PANCHAND,04:49:00,04:49:00,2,542452
12288,DEHRADUN - KOCHUVELI SF Express,KLMC,KALAMBOLI,12:22:00,12:22:00,2,543231
19260,BHAVNAGAR - KOCHUVELI Exp,KLMG,KALAMBOLI GOODS,None,None,,543963
22996,Ajmer Bandra SF Express,KLV,KELVA ROAD,12:55:00,12:55:00,2,141134
12954,August Kranti Rajdhani Express,MRU,MUMBAI MATUNGA ROAD,10:24:00,10:24:00,2,160028
19260,BHAVNAGAR - KOCHUVELI Exp,KLMC,KALAMBOLI,21:50:00,21:50:00,1,543964
12996,Udaipur Bandra SF Express Slip,KLV,KELVA ROAD,12:54:00,12:54:00,2,81871
12996,Udaipur Bandra SF Express Slip,SAH,SAPHALE,13:00:00,13:00:00,2,81872
12978,AJMER - ERNAKULAM Marusagar Exp,KLMC,KALAMBOLI,04:57:00,04:57:00,2,542454
12954,August Kranti Rajdhani Express,DDR,MUMBAI DADAR WEST,10:26:00,10:26:00,2,160029
22996,Ajmer Bandra SF Express,SAH,SAPHALE,13:01:00,13:01:00,2,141135
12996,Udaipur Bandra SF Express Slip,VTN,VAITARNA,13:06:00,13:06:00,2,81873
22996,Ajmer Bandra SF Express,VTN,VAITARNA,13:08:00,13:08:00,2,141136
12954,August Kranti Rajdhani Express,EPR,Mumbai Elphinstone Road,10:28:00,10:28:00,2,160030
12954,August Kranti Rajdhani Express,PL,Mumbai Lower Parel,10:31:00,10:31:00,2,160031
12144,Sultanpur-LTT Weekly SF Express,KYN,KALYAN JN,03:16:00,03:16:00,3,42211
12187,Jabalpur-CST Garib Rath Express,LTT,LOKMANYA TILAK TERM,11:45:00,11:45:00,2,196026
22996,Ajmer Bandra SF Express,VR,VIRAR,13:15:00,13:15:00,2,141137
12996,Udaipur Bandra SF Express Slip,VR,VIRAR,13:14:00,13:14:00,2,81874
12112,Amaravati-Mumbai CST Express,LTT,LOKMANYA TILAK TERM,05:58:00,05:58:00,2,76104
12954,August Kranti Rajdhani Express,MX,Mumbai Mahalakshmi,10:33:00,10:33:00,2,160032
12996,Udaipur Bandra SF Express Slip,BSR,VASAI ROAD,13:21:00,13:21:00,2,81876
12187,Jabalpur-CST Garib Rath Express,SIN,MUMBAI SION,11:49:00,11:49:00,2,196028
12112,Amaravati-Mumbai CST Express,SIN,MUMBAI SION,06:00:00,06:00:00,2,76106
22996,Ajmer Bandra SF Express,BSR,VASAI ROAD,13:23:00,13:23:00,2,141139
12541,Gorakhpur-Mumbai LTT SF Express,TNA,THANE,03:35:00,03:35:00,3,94181
12112,Amaravati-Mumbai CST Express,MTN,MUMBAI MATUNGA,06:02:00,06:02:00,2,76107
12187,Jabalpur-CST Garib Rath Express,MTN,MUMBAI MATUNGA,11:52:00,11:52:00,2,196029
12996,Udaipur Bandra SF Express Slip,BYR,BHAYANDAR,13:28:00,13:28:00,2,81878
22996,Ajmer Bandra SF Express,BYR,BHAYANDAR,13:30:00,13:30:00,2,141141
12996,Udaipur Bandra SF Express Slip,MIRA,MIRA ROAD,13:31:00,13:31:00,2,81879
22996,Ajmer Bandra SF Express,MIRA,MIRA ROAD,13:33:00,13:33:00,2,141142
12996,Udaipur Bandra SF Express Slip,DIC,DAHISAR,13:34:00,13:34:00,2,81880
22996,Ajmer Bandra SF Express,DIC,DAHISAR,13:36:00,13:36:00,2,141143
12144,Sultanpur-LTT Weekly SF Express,TNA,THANE,03:44:00,03:44:00,3,42218
12489,Bikaner-Dadar Express,VGN,VANGAON,10:33:00,10:33:00,2,316950
09562,Okha - Bandra Terminus Weekly Special,VGN,VANGAON,03:48:00,03:48:00,2,9855
09562,Okha - Bandra Terminus Weekly Special,KLV,KELVA ROAD,04:15:00,04:15:00,2,9859
12489,Bikaner-Dadar Express,KLV,KELVA ROAD,10:55:00,10:55:00,2,316954
09562,Okha - Bandra Terminus Weekly Special,SAH,SAPHALE,04:21:00,04:21:00,2,9860
12489,Bikaner-Dadar Express,SAH,SAPHALE,11:00:00,11:00:00,2,316955
09562,Okha - Bandra Terminus Weekly Special,VTN,VAITARNA,04:28:00,04:28:00,2,9861
12489,Bikaner-Dadar Express,VTN,VAITARNA,11:06:00,11:06:00,2,316956
12489,Bikaner-Dadar Express,VR,VIRAR,11:12:00,11:12:00,2,316957
09562,Okha - Bandra Terminus Weekly Special,VR,VIRAR,04:36:00,04:36:00,2,9862
12489,Bikaner-Dadar Express,BSR,VASAI ROAD,11:19:00,11:19:00,2,316959
09562,Okha - Bandra Terminus Weekly Special,BSR,VASAI ROAD,04:44:00,04:44:00,2,9864
09562,Okha - Bandra Terminus Weekly Special,BYR,BHAYANDAR,04:52:00,04:52:00,2,9866
12489,Bikaner-Dadar Express,BYR,BHAYANDAR,11:25:00,11:25:00,2,316961
09562,Okha - Bandra Terminus Weekly Special,MIRA,MIRA ROAD,04:55:00,04:55:00,2,9867
12489,Bikaner-Dadar Express,MIRA,MIRA ROAD,11:28:00,11:28:00,2,316962
09562,Okha - Bandra Terminus Weekly Special,DIC,DAHISAR,04:58:00,04:58:00,2,9868
12489,Bikaner-Dadar Express,DIC,DAHISAR,11:30:00,11:30:00,2,316963
12996,Udaipur Bandra SF Express Slip,BVI,BORIVALI,13:38:00,13:40:00,2,81881
16613,RAJKOT - COIMBATORE Exp,KYN,KALYAN JN,19:40:00,19:45:00,1,504516
19050,PATNA - MUMBAI BANDRA T Exp,BDTS,MUMBAI BANDRA TERMINUS,09:20:00,None,3,500414
12780-Slip,H.Nizamuddin Hubli Goa Express Slip,BAP,BELAPUR,11:38:00,11:40:00,2,279854
12166,VARANASI - MUMBAI LTT Ratnagiri SF Exp,KYN,KALYAN JN,20:30:00,20:35:00,2,500874
12142,PATLIPUTRA - MUMBAI LTT SF Exp,LTT,LOKMANYA TILAK TERM,15:04:00,15:04:00,2,515948
12187,Jabalpur-CST Garib Rath Express,DR,MUMBAI DADAR CENTRAL,11:53:00,11:55:00,2,196030
12902,Gujarat Mail,BCT,Mumbai Central,06:45:00,None,2,401987
12287,Kochuveli-Dehradun Weekly Express,PNVL,PANVEL,10:55:00,11:00:00,2,355642
59040,Vapi Virar Shuttle,VTN,VAITARNA,15:55:00,15:56:00,1,360326
12134,MANGALORE - MUMBAI CST Exp,TNA,THANE,03:29:00,03:30:00,2,480688
19260,BHAVNAGAR - KOCHUVELI Exp,PNVL,PANVEL,22:00:00,22:05:00,1,543965
59046,Valsad-Bandra Passenger,VGN,VANGAON,18:34:00,18:35:00,1,84447
12780,DELHI H NIZAMUDDIN - VASCO DA GAMA Goa Exp,BAP,BELAPUR,11:38:00,11:40:00,2,471032
17018,Secunderabad - Rajkot Express,BSR,VASAI ROAD,06:10:00,06:20:00,2,357898
12168,VARANASI - MUMBAI LTT SF Exp,LTT,LOKMANYA TILAK TERM,12:20:00,12:20:00,2,508275
12978,AJMER - ERNAKULAM Marusagar Exp,PNVL,PANVEL,05:05:00,05:10:00,2,542455
12112,Amaravati-Mumbai CST Express,DR,MUMBAI DADAR CENTRAL,06:03:00,06:05:00,2,76108
12116,Siddheshwar Express,TNA,THANE,06:03:00,06:05:00,2,50246
12489,Bikaner-Dadar Express,BVI,BORIVALI,11:30:00,11:32:00,2,316964
22996,Ajmer Bandra SF Express,BVI,BORIVALI,13:38:00,13:40:00,2,141144
12541,Gorakhpur-Mumbai LTT SF Express,LTT,LOKMANYA TILAK TERM,04:00:00,None,3,94189
09562,Okha - Bandra Terminus Weekly Special,BVI,BORIVALI,05:00:00,05:02:00,2,9869
12954,August Kranti Rajdhani Express,BCT,Mumbai Central,10:35:00,None,2,160033
11095,Ahimsa Express,KYN,KALYAN JN,01:45:00,01:50:00,2,187478
12922,Flying Rani Express,ADH,ANDHERI,09:30:00,09:32:00,1,206660
12144,Sultanpur-LTT Weekly SF Express,LTT,LOKMANYA TILAK TERM,04:10:00,None,3,42226
12288,DEHRADUN - KOCHUVELI SF Express,PNVL,PANVEL,12:25:00,12:30:00,2,543232
12174,Udyog Nagri Express,LTT,LOKMANYA TILAK TERM,06:15:00,None,2,145176
12112,Amaravati-Mumbai CST Express,PR,MUMBAI PAREL,06:08:00,06:08:00,2,76109
12996,Udaipur Bandra SF Express Slip,KILE,KANDIVLI,13:48:00,13:48:00,2,81882
12922,Flying Rani Express,VLP,VILE PARLE,09:36:00,09:36:00,1,206661
12187,Jabalpur-CST Garib Rath Express,PR,MUMBAI PAREL,11:57:00,11:57:00,2,196031
09562,Okha - Bandra Terminus Weekly Special,KILE,KANDIVLI,05:07:00,05:07:00,2,9870
12287,Kochuveli-Dehradun Weekly Express,KLMC,KALAMBOLI,11:06:00,11:06:00,2,355643
19144,Lokshakti Express,KLV,KELVA ROAD,04:17:00,04:17:00,2,61019
12489,Bikaner-Dadar Express,KILE,KANDIVLI,11:37:00,11:37:00,2,316965
22996,Ajmer Bandra SF Express,KILE,KANDIVLI,13:47:00,13:47:00,2,141145
12996,Udaipur Bandra SF Express Slip,MDD,MALAD,13:53:00,13:53:00,2,81883
12489,Bikaner-Dadar Express,MDD,MALAD,11:41:00,11:41:00,2,316966
12922,Flying Rani Express,STC,SANTA CRUZ,09:40:00,09:40:00,1,206662
12112,Amaravati-Mumbai CST Express,CRD,MUMBAI CURREY ROAD,06:14:00,06:14:00,2,76110
12187,Jabalpur-CST Garib Rath Express,CRD,MUMBAI CURREY ROAD,12:01:00,12:01:00,2,196032
09562,Okha - Bandra Terminus Weekly Special,MDD,MALAD,05:10:00,05:10:00,2,9871
17018,Secunderabad - Rajkot Express,VR,VIRAR,06:28:00,06:28:00,2,357900
22996,Ajmer Bandra SF Express,MDD,MALAD,13:53:00,13:53:00,2,141146
12996,Udaipur Bandra SF Express Slip,GMN,GOREGAON,14:00:00,14:00:00,2,81884
12287,Kochuveli-Dehradun Weekly Express,TPND,TALOJA PANCHAND,11:13:00,11:13:00,2,355645
12187,Jabalpur-CST Garib Rath Express,CHG,MUMBAI CHINCHPOKLI,12:03:00,12:03:00,2,196033
12489,Bikaner-Dadar Express,GMN,GOREGAON,11:45:00,11:45:00,2,316967
12922,Flying Rani Express,KHAR,KHAR,09:43:00,09:43:00,1,206663
09562,Okha - Bandra Terminus Weekly Special,GMN,GOREGAON,05:15:00,05:15:00,2,9872
12112,Amaravati-Mumbai CST Express,CHG,MUMBAI CHINCHPOKLI,06:17:00,06:17:00,2,76111
17018,Secunderabad - Rajkot Express,VTN,VAITARNA,06:35:00,06:35:00,2,357901
22996,Ajmer Bandra SF Express,GMN,GOREGAON,13:59:00,13:59:00,2,141147
12489,Bikaner-Dadar Express,JOS,JOGESHWARI,11:51:00,11:51:00,2,316968
22996,Ajmer Bandra SF Express,JOS,JOGESHWARI,14:08:00,14:08:00,2,141148
12922,Flying Rani Express,BDTS,MUMBAI BANDRA TERMINUS,09:45:00,09:45:00,1,206664
12996,Udaipur Bandra SF Express Slip,JOS,JOGESHWARI,14:09:00,14:09:00,2,81885
12187,Jabalpur-CST Garib Rath Express,BY,BYCULLA,12:06:00,12:06:00,2,196034
17018,Secunderabad - Rajkot Express,SAH,SAPHALE,06:42:00,06:42:00,2,357902
12112,Amaravati-Mumbai CST Express,BY,BYCULLA,06:21:00,06:21:00,2,76112
09562,Okha - Bandra Terminus Weekly Special,JOS,JOGESHWARI,05:20:00,05:20:00,2,9873
12287,Kochuveli-Dehradun Weekly Express,DTVL,DATIVLI,11:29:00,11:29:00,2,355647
12996,Udaipur Bandra SF Express Slip,ADH,ANDHERI,14:15:00,14:15:00,2,81886
12489,Bikaner-Dadar Express,ADH,ANDHERI,11:55:00,11:55:00,2,316969
12922,Flying Rani Express,BA,BANDRA,09:47:00,09:47:00,1,206665
22996,Ajmer Bandra SF Express,ADH,ANDHERI,14:13:00,14:13:00,2,141149
12187,Jabalpur-CST Garib Rath Express,SNRD,MUMBAI SANDHURST ROAD,12:10:00,12:10:00,2,196035
09562,Okha - Bandra Terminus Weekly Special,ADH,ANDHERI,05:24:00,05:24:00,2,9874
17018,Secunderabad - Rajkot Express,KLV,KELVA ROAD,06:48:00,06:48:00,2,357903
12112,Amaravati-Mumbai CST Express,SNRD,MUMBAI SANDHURST ROAD,06:27:00,06:27:00,2,76113
09562,Okha - Bandra Terminus Weekly Special,VLP,VILE PARLE,05:27:00,05:27:00,2,9875
12112,Amaravati-Mumbai CST Express,MSD,BOMBAY MASJID,06:31:00,06:31:00,2,76114
22996,Ajmer Bandra SF Express,VLP,VILE PARLE,14:19:00,14:19:00,2,141150
12996,Udaipur Bandra SF Express Slip,VLP,VILE PARLE,14:20:00,14:20:00,2,81887
12489,Bikaner-Dadar Express,VLP,VILE PARLE,11:58:00,11:58:00,2,316970
12922,Flying Rani Express,MM,MUMBAI MAHIM JN,09:51:00,09:51:00,1,206666
12187,Jabalpur-CST Garib Rath Express,MSD,BOMBAY MASJID,12:12:00,12:12:00,2,196036
09562,Okha - Bandra Terminus Weekly Special,STC,SANTA CRUZ,05:31:00,05:31:00,2,9876
12996,Udaipur Bandra SF Express Slip,STC,SANTA CRUZ,14:26:00,14:26:00,2,81888
22996,Ajmer Bandra SF Express,STC,SANTA CRUZ,14:24:00,14:24:00,2,141151
12489,Bikaner-Dadar Express,STC,SANTA CRUZ,12:02:00,12:02:00,2,316971
12922,Flying Rani Express,MRU,MUMBAI MATUNGA ROAD,09:53:00,09:53:00,1,206667
12922,Flying Rani Express,DDR,MUMBAI DADAR WEST,09:56:00,09:56:00,1,206668
12996,Udaipur Bandra SF Express Slip,KHAR,KHAR,14:30:00,14:30:00,2,81889
12489,Bikaner-Dadar Express,KHAR,KHAR,12:04:00,12:04:00,2,316972
12116,Siddheshwar Express,LTT,LOKMANYA TILAK TERM,06:20:00,06:20:00,2,50254
12980,Jaipur - Mumbai Bandra (T.) (Triweekly) SF Express,VGN,VANGAON,12:21:00,12:21:00,2,191876
22996,Ajmer Bandra SF Express,KHAR,KHAR,14:28:00,14:28:00,2,141152
09562,Okha - Bandra Terminus Weekly Special,KHAR,KHAR,05:33:00,05:33:00,2,9877
12134,MANGALORE - MUMBAI CST Exp,SIN,MUMBAI SION,04:04:00,04:04:00,2,480697
12489,Bikaner-Dadar Express,BDTS,MUMBAI BANDRA TERMINUS,12:06:00,12:06:00,2,316973
12922,Flying Rani Express,EPR,Mumbai Elphinstone Road,09:59:00,09:59:00,1,206669
17018,Secunderabad - Rajkot Express,VGN,VANGAON,07:14:00,07:14:00,2,357907
12489,Bikaner-Dadar Express,BA,BANDRA,12:07:00,12:07:00,2,316974
12116,Siddheshwar Express,SIN,MUMBAI SION,06:24:00,06:24:00,2,50256
12922,Flying Rani Express,PL,Mumbai Lower Parel,10:02:00,10:02:00,1,206670
12134,MANGALORE - MUMBAI CST Exp,MTN,MUMBAI MATUNGA,04:08:00,04:08:00,2,480698
12287,Kochuveli-Dehradun Weekly Express,BSR,VASAI ROAD,12:19:00,12:19:00,2,355653
12489,Bikaner-Dadar Express,MM,MUMBAI MAHIM JN,12:10:00,12:10:00,2,316975
12116,Siddheshwar Express,MTN,MUMBAI MATUNGA,06:26:00,06:26:00,2,50257
12922,Flying Rani Express,MX,Mumbai Mahalakshmi,10:06:00,10:06:00,1,206671
12134,MANGALORE - MUMBAI CST Exp,DR,MUMBAI DADAR CENTRAL,04:11:00,04:11:00,2,480699
12489,Bikaner-Dadar Express,MRU,MUMBAI MATUNGA ROAD,12:13:00,12:13:00,2,316976
12134,MANGALORE - MUMBAI CST Exp,PR,MUMBAI PAREL,04:13:00,04:13:00,2,480700
12134,MANGALORE - MUMBAI CST Exp,CRD,MUMBAI CURREY ROAD,04:16:00,04:16:00,2,480701
12287,Kochuveli-Dehradun Weekly Express,VR,VIRAR,12:29:00,12:29:00,2,355655
12287,Kochuveli-Dehradun Weekly Express,VTN,VAITARNA,12:40:00,12:40:00,2,355656
12134,MANGALORE - MUMBAI CST Exp,CHG,MUMBAI CHINCHPOKLI,04:17:00,04:17:00,2,480702
12134,MANGALORE - MUMBAI CST Exp,BY,BYCULLA,04:19:00,04:19:00,2,480703
12287,Kochuveli-Dehradun Weekly Express,SAH,SAPHALE,12:49:00,12:49:00,2,355657
12134,MANGALORE - MUMBAI CST Exp,SNRD,MUMBAI SANDHURST ROAD,04:22:00,04:22:00,2,480704
12287,Kochuveli-Dehradun Weekly Express,KLV,KELVA ROAD,12:57:00,12:57:00,2,355658
12134,MANGALORE - MUMBAI CST Exp,MSD,BOMBAY MASJID,04:24:00,04:24:00,2,480705
12287,Kochuveli-Dehradun Weekly Express,VGN,VANGAON,13:32:00,13:32:00,2,355662
12922,Flying Rani Express,BCT,Mumbai Central,10:10:00,None,1,206672
12742,PATNA - VASCO DA GAMA SF Exp,KYN,KALYAN JN,20:55:00,21:00:00,2,509796
12166,VARANASI - MUMBAI LTT Ratnagiri SF Exp,TNA,THANE,20:58:00,21:00:00,2,500879
12134,MANGALORE - MUMBAI CST Exp,CSTM,MUMBAI CST,04:25:00,None,2,480706
12217,KOCHUVELI - CHANDIGARH Kerala Sampark Kranti Exp,PNVL,PANVEL,10:55:00,11:00:00,2,519731
12187,Jabalpur-CST Garib Rath Express,CSTM,MUMBAI CST,12:15:00,None,2,196037
12112,Amaravati-Mumbai CST Express,CSTM,MUMBAI CST,06:35:00,None,2,76115
17017,Rajkot Secunderabad Express,KYN,KALYAN JN,19:40:00,19:45:00,1,337507
12116,Siddheshwar Express,DR,MUMBAI DADAR CENTRAL,06:28:00,06:30:00,2,50258
12533,Pushpak Express,KYN,KALYAN JN,18:40:00,18:45:00,2,289469
12489,Bikaner-Dadar Express,DDR,MUMBAI DADAR WEST,12:15:00,None,2,316977
19144,Lokshakti Express,SAH,SAPHALE,04:22:00,04:24:00,2,61020
12564,Faizabad-Mumbai LTT SF Express,KYN,KALYAN JN,04:05:00,04:10:00,3,115934
22996,Ajmer Bandra SF Express,BDTS,MUMBAI BANDRA TERMINUS,14:30:00,None,2,141153
09562,Okha - Bandra Terminus Weekly Special,BDTS,MUMBAI BANDRA TERMINUS,05:35:00,None,2,9878
59040,Vapi Virar Shuttle,VR,VIRAR,16:15:00,None,1,360327
51116,Dhule Dadar Passenger Composite,KYN,KALYAN JN,02:50:00,02:55:00,2,13809
12996,Udaipur Bandra SF Express Slip,BDTS,MUMBAI BANDRA TERMINUS,14:30:00,None,2,81890
12782,Nizamuddin-Mysore Swarna Jayanti Express,BAP,BELAPUR,04:53:00,04:55:00,2,347857
12148,Nizamuddin-Kolhapur Express,BAP,BELAPUR,04:53:00,04:55:00,2,303523
12980,Jaipur - Mumbai Bandra (T.) (Triweekly) SF Express,KLV,KELVA ROAD,12:48:00,12:48:00,2,191880
12217,KOCHUVELI - CHANDIGARH Kerala Sampark Kranti Exp,KLMC,KALAMBOLI,11:07:00,11:07:00,2,519732
12116,Siddheshwar Express,PR,MUMBAI PAREL,06:34:00,06:34:00,2,50259
19144,Lokshakti Express,VTN,VAITARNA,04:32:00,04:32:00,2,61021
12980,Jaipur - Mumbai Bandra (T.) (Triweekly) SF Express,SAH,SAPHALE,12:55:00,12:55:00,2,191881
12116,Siddheshwar Express,CRD,MUMBAI CURREY ROAD,06:41:00,06:41:00,2,50260
19144,Lokshakti Express,VR,VIRAR,04:41:00,04:41:00,2,61022
12217,KOCHUVELI - CHANDIGARH Kerala Sampark Kranti Exp,TPND,TALOJA PANCHAND,11:14:00,11:14:00,2,519734
12742,PATNA - VASCO DA GAMA SF Exp,DTVL,DATIVLI,21:18:00,21:18:00,2,509799
12980,Jaipur - Mumbai Bandra (T.) (Triweekly) SF Express,VTN,VAITARNA,13:03:00,13:03:00,2,191882
12116,Siddheshwar Express,CHG,MUMBAI CHINCHPOKLI,06:43:00,06:43:00,2,50261
12116,Siddheshwar Express,BY,BYCULLA,06:48:00,06:48:00,2,50262
19144,Lokshakti Express,BSR,VASAI ROAD,04:49:00,04:49:00,2,61024
12980,Jaipur - Mumbai Bandra (T.) (Triweekly) SF Express,VR,VIRAR,13:12:00,13:12:00,2,191883
12217,KOCHUVELI - CHANDIGARH Kerala Sampark Kranti Exp,DTVL,DATIVLI,11:30:00,11:30:00,2,519736
12742,PATNA - VASCO DA GAMA SF Exp,TPND,TALOJA PANCHAND,21:36:00,21:36:00,2,509801
12116,Siddheshwar Express,SNRD,MUMBAI SANDHURST ROAD,06:55:00,06:55:00,2,50263
12980,Jaipur - Mumbai Bandra (T.) (Triweekly) SF Express,BSR,VASAI ROAD,13:20:00,13:20:00,2,191885
19144,Lokshakti Express,BYR,BHAYANDAR,04:58:00,04:58:00,2,61026
12116,Siddheshwar Express,MSD,BOMBAY MASJID,06:59:00,06:59:00,2,50264
12533,Pushpak Express,TNA,THANE,19:09:00,19:09:00,2,289476
12564,Faizabad-Mumbai LTT SF Express,TNA,THANE,04:38:00,04:38:00,3,115941
19144,Lokshakti Express,MIRA,MIRA ROAD,05:01:00,05:01:00,2,61027
12742,PATNA - VASCO DA GAMA SF Exp,KLMG,KALAMBOLI GOODS,None,None,,509803
19144,Lokshakti Express,DIC,DAHISAR,05:05:00,05:05:00,2,61028
12742,PATNA - VASCO DA GAMA SF Exp,KLMC,KALAMBOLI,21:44:00,21:44:00,2,509804
19568,OKHA - TUTICORIN Exp,VGN,VANGAON,17:06:00,17:06:00,1,509016
16335,GANDHIDHAM - NAGERCOIL Weekly Exp,VGN,VANGAON,18:59:00,18:59:00,1,465914
12980,Jaipur - Mumbai Bandra (T.) (Triweekly) SF Express,BYR,BHAYANDAR,13:29:00,13:29:00,2,191887
16531,Garib Nawaz Express,VGN,VANGAON,22:12:00,22:12:00,1,20559
12980,Jaipur - Mumbai Bandra (T.) (Triweekly) SF Express,MIRA,MIRA ROAD,13:33:00,13:33:00,2,191888
12980,Jaipur - Mumbai Bandra (T.) (Triweekly) SF Express,DIC,DAHISAR,13:36:00,13:36:00,2,191889
19568,OKHA - TUTICORIN Exp,KLV,KELVA ROAD,17:42:00,17:42:00,1,509020
16531,Garib Nawaz Express,KLV,KELVA ROAD,22:51:00,22:51:00,1,20563
16531,Garib Nawaz Express,SAH,SAPHALE,22:59:00,22:59:00,1,20564
19568,OKHA - TUTICORIN Exp,SAH,SAPHALE,17:50:00,17:50:00,1,509021
19568,OKHA - TUTICORIN Exp,VTN,VAITARNA,17:59:00,17:59:00,1,509022
16531,Garib Nawaz Express,VTN,VAITARNA,23:10:00,23:10:00,1,20565
16531,Garib Nawaz Express,VR,VIRAR,23:21:00,23:21:00,1,20566
19568,OKHA - TUTICORIN Exp,VR,VIRAR,18:10:00,18:10:00,1,509023
12533,Pushpak Express,LTT,LOKMANYA TILAK TERM,19:29:00,19:29:00,2,289484
12533,Pushpak Express,SIN,MUMBAI SION,19:33:00,19:33:00,2,289486
12533,Pushpak Express,MTN,MUMBAI MATUNGA,19:36:00,19:36:00,2,289487
12742,PATNA - VASCO DA GAMA SF Exp,PNVL,PANVEL,21:50:00,21:55:00,2,509805
12431,TRIVANDRUM - DELHI H NIZAMUDDIN Rajdhani Exp,PNVL,PANVEL,18:05:00,18:10:00,2,505338
12217,KOCHUVELI - CHANDIGARH Kerala Sampark Kranti Exp,BSR,VASAI ROAD,12:22:00,12:22:00,2,519745
12102,HOWRAH - MUMBAI LTT Janeswari Super Deluxe Exp,KYN,KALYAN JN,04:45:00,04:50:00,3,496639
12166,VARANASI - MUMBAI LTT Ratnagiri SF Exp,LTT,LOKMANYA TILAK TERM,21:40:00,None,2,500887
12116,Siddheshwar Express,CSTM,MUMBAI CST,07:00:00,None,2,50265
57515,Daund Nanded Passenger,BAP,BELAPUR,16:28:00,16:30:00,1,194435
12702,Hussain Sagar Express,KYN,KALYAN JN,03:53:00,03:55:00,2,327235
12533,Pushpak Express,DR,MUMBAI DADAR CENTRAL,19:38:00,19:40:00,2,289488
19568,OKHA - TUTICORIN Exp,BSR,VASAI ROAD,18:20:00,18:25:00,1,509025
59024,Valsad Mumbai Passenger,KLV,KELVA ROAD,07:20:00,07:21:00,1,134383
12980,Jaipur - Mumbai Bandra (T.) (Triweekly) SF Express,BVI,BORIVALI,13:38:00,13:40:00,2,191890
12136,Nagpur Pune Express,BAP,BELAPUR,05:08:00,05:10:00,2,129177
12150,PATLIPUTRA - PUNE SF Exp,BAP,BELAPUR,00:44:00,00:45:00,3,525546
16531,Garib Nawaz Express,BSR,VASAI ROAD,23:35:00,23:40:00,1,20568
12849,Bilaspur Pune SF Express,BAP,BELAPUR,05:09:00,05:10:00,2,187756
19144,Lokshakti Express,BVI,BORIVALI,05:08:00,05:10:00,2,61029
12564,Faizabad-Mumbai LTT SF Express,LTT,LOKMANYA TILAK TERM,05:00:00,None,3,115949
51116,Dhule Dadar Passenger Composite,TNA,THANE,03:13:00,03:15:00,2,13816
12628,Karnataka Express,BAP,BELAPUR,17:23:00,17:25:00,2,321424
12483,KOCHUVELI - AMRITSAR SF Exp,PNVL,PANVEL,10:55:00,11:00:00,2,539419
01102,Gwalior Mumbai LTT (Weekly) Special,KYN,KALYAN JN,10:55:00,11:00:00,2,35630
16502,Bangalore - Ahmedabad (Weekly) Express,BAP,BELAPUR,10:04:00,10:05:00,2,317351
12431,TRIVANDRUM - DELHI H NIZAMUDDIN Rajdhani Exp,KLMC,KALAMBOLI,18:16:00,18:16:00,2,505339
12980,Jaipur - Mumbai Bandra (T.) (Triweekly) SF Express,KILE,KANDIVLI,13:45:00,13:45:00,2,191891
19144,Lokshakti Express,KILE,KANDIVLI,05:16:00,05:16:00,2,61030
12533,Pushpak Express,PR,MUMBAI PAREL,19:43:00,19:43:00,2,289489
12483,KOCHUVELI - AMRITSAR SF Exp,KLMC,KALAMBOLI,11:06:00,11:06:00,2,539420
12483,KOCHUVELI - AMRITSAR SF Exp,KLMG,KALAMBOLI GOODS,None,None,,539421
12980,Jaipur - Mumbai Bandra (T.) (Triweekly) SF Express,MDD,MALAD,13:48:00,13:48:00,2,191892
12217,KOCHUVELI - CHANDIGARH Kerala Sampark Kranti Exp,VR,VIRAR,12:33:00,12:33:00,2,519747
12533,Pushpak Express,CRD,MUMBAI CURREY ROAD,19:48:00,19:48:00,2,289490
19144,Lokshakti Express,MDD,MALAD,05:20:00,05:20:00,2,61031
19144,Lokshakti Express,GMN,GOREGAON,05:24:00,05:24:00,2,61032
12217,KOCHUVELI - CHANDIGARH Kerala Sampark Kranti Exp,VTN,VAITARNA,12:43:00,12:43:00,2,519748
12431,TRIVANDRUM - DELHI H NIZAMUDDIN Rajdhani Exp,TPND,TALOJA PANCHAND,18:23:00,18:23:00,2,505341
16335,GANDHIDHAM - NAGERCOIL Weekly Exp,KLV,KELVA ROAD,19:42:00,19:42:00,1,465918
12533,Pushpak Express,CHG,MUMBAI CHINCHPOKLI,19:50:00,19:50:00,2,289491
12980,Jaipur - Mumbai Bandra (T.) (Triweekly) SF Express,GMN,GOREGAON,13:52:00,13:52:00,2,191893
16335,GANDHIDHAM - NAGERCOIL Weekly Exp,SAH,SAPHALE,19:51:00,19:51:00,1,465919
12980,Jaipur - Mumbai Bandra (T.) (Triweekly) SF Express,JOS,JOGESHWARI,13:57:00,13:57:00,2,191894
12217,KOCHUVELI - CHANDIGARH Kerala Sampark Kranti Exp,SAH,SAPHALE,12:53:00,12:53:00,2,519749
19144,Lokshakti Express,JOS,JOGESHWARI,05:31:00,05:31:00,2,61033
12483,KOCHUVELI - AMRITSAR SF Exp,TPND,TALOJA PANCHAND,11:13:00,11:13:00,2,539423
12533,Pushpak Express,BY,BYCULLA,19:53:00,19:53:00,2,289492
12431,TRIVANDRUM - DELHI H NIZAMUDDIN Rajdhani Exp,DTVL,DATIVLI,18:39:00,18:39:00,2,505343
12217,KOCHUVELI - CHANDIGARH Kerala Sampark Kranti Exp,KLV,KELVA ROAD,13:01:00,13:01:00,2,519750
11038,GORAKHPUR - PUNE Exp,BAP,BELAPUR,22:41:00,22:41:00,2,522336
22846,HATIA - PUNE SF Exp,BAP,BELAPUR,21:39:00,21:39:00,2,417125
16335,GANDHIDHAM - NAGERCOIL Weekly Exp,VTN,VAITARNA,20:03:00,20:03:00,1,465920
12533,Pushpak Express,SNRD,MUMBAI SANDHURST ROAD,19:59:00,19:59:00,2,289493
16335,GANDHIDHAM - NAGERCOIL Weekly Exp,VR,VIRAR,20:15:00,20:15:00,1,465921
12483,KOCHUVELI - AMRITSAR SF Exp,DTVL,DATIVLI,11:29:00,11:29:00,2,539425
12533,Pushpak Express,MSD,BOMBAY MASJID,20:02:00,20:02:00,2,289494
01102,Gwalior Mumbai LTT (Weekly) Special,TNA,THANE,11:35:00,11:35:00,2,35637
12702,Hussain Sagar Express,TNA,THANE,04:13:00,04:13:00,2,327242
12102,HOWRAH - MUMBAI LTT Janeswari Super Deluxe Exp,TNA,THANE,05:20:00,05:20:00,3,496647
51116,Dhule Dadar Passenger Composite,LTT,LOKMANYA TILAK TERM,03:46:00,03:46:00,2,13824
12217,KOCHUVELI - CHANDIGARH Kerala Sampark Kranti Exp,VGN,VANGAON,13:38:00,13:38:00,2,519754
51116,Dhule Dadar Passenger Composite,SIN,MUMBAI SION,03:53:00,03:53:00,2,13826
51116,Dhule Dadar Passenger Composite,MTN,MUMBAI MATUNGA,03:58:00,03:58:00,2,13827
16337,OKHA - ERNAKULAM Exp,VGN,VANGAON,18:59:00,18:59:00,1,551457
12702,Hussain Sagar Express,LTT,LOKMANYA TILAK TERM,04:27:00,04:27:00,2,327250
12702,Hussain Sagar Express,SIN,MUMBAI SION,04:30:00,04:30:00,2,327252
12702,Hussain Sagar Express,MTN,MUMBAI MATUNGA,04:33:00,04:33:00,2,327253
12215,Delhi Sarai Rohilla-Mumbai BandraT Garib Rath,VGN,VANGAON,06:30:00,06:30:00,2,246966
12479,JODHPUR - MUMBAI BANDRA Suryanagari SF Exp,VGN,VANGAON,09:52:00,09:52:00,2,473767
12215,Delhi Sarai Rohilla-Mumbai BandraT Garib Rath,KLV,KELVA ROAD,06:49:00,06:49:00,2,246970
12215,Delhi Sarai Rohilla-Mumbai BandraT Garib Rath,SAH,SAPHALE,06:54:00,06:54:00,2,246971
12215,Delhi Sarai Rohilla-Mumbai BandraT Garib Rath,VTN,VAITARNA,06:59:00,06:59:00,2,246972
12479,JODHPUR - MUMBAI BANDRA Suryanagari SF Exp,KLV,KELVA ROAD,10:18:00,10:18:00,2,473771
12215,Delhi Sarai Rohilla-Mumbai BandraT Garib Rath,VR,VIRAR,07:05:00,07:05:00,2,246973
12479,JODHPUR - MUMBAI BANDRA Suryanagari SF Exp,SAH,SAPHALE,10:24:00,10:24:00,2,473772
12215,Delhi Sarai Rohilla-Mumbai BandraT Garib Rath,BSR,VASAI ROAD,07:10:00,07:10:00,2,246975
12479,JODHPUR - MUMBAI BANDRA Suryanagari SF Exp,VTN,VAITARNA,10:31:00,10:31:00,2,473773
12479,JODHPUR - MUMBAI BANDRA Suryanagari SF Exp,VR,VIRAR,10:38:00,10:38:00,2,473774
12215,Delhi Sarai Rohilla-Mumbai BandraT Garib Rath,BYR,BHAYANDAR,07:16:00,07:16:00,2,246977
12479,JODHPUR - MUMBAI BANDRA Suryanagari SF Exp,BSR,VASAI ROAD,10:46:00,10:46:00,2,473776
12215,Delhi Sarai Rohilla-Mumbai BandraT Garib Rath,MIRA,MIRA ROAD,07:18:00,07:18:00,2,246978
12215,Delhi Sarai Rohilla-Mumbai BandraT Garib Rath,DIC,DAHISAR,07:20:00,07:20:00,2,246979
12479,JODHPUR - MUMBAI BANDRA Suryanagari SF Exp,BYR,BHAYANDAR,10:53:00,10:53:00,2,473778
12479,JODHPUR - MUMBAI BANDRA Suryanagari SF Exp,MIRA,MIRA ROAD,10:56:00,10:56:00,2,473779
12479,JODHPUR - MUMBAI BANDRA Suryanagari SF Exp,DIC,DAHISAR,10:59:00,10:59:00,2,473780
12479,JODHPUR - MUMBAI BANDRA Suryanagari SF Exp,BVI,BORIVALI,10:59:00,11:01:00,2,473781
11012,Mahalaxmi Express,KYN,KALYAN JN,06:18:00,06:20:00,2,97562
59046,Valsad-Bandra Passenger,KLV,KELVA ROAD,19:05:00,19:06:00,1,84451
12980,Jaipur - Mumbai Bandra (T.) (Triweekly) SF Express,ADH,ANDHERI,14:00:00,14:02:00,2,191895
12702,Hussain Sagar Express,DR,MUMBAI DADAR CENTRAL,04:33:00,04:35:00,2,327254
12102,HOWRAH - MUMBAI LTT Janeswari Super Deluxe Exp,LTT,LOKMANYA TILAK TERM,05:45:00,None,3,496655
59024,Valsad Mumbai Passenger,SAH,SAPHALE,07:27:00,07:28:00,1,134384
12812,HATIA - MUMBAI LTT SF Exp,KYN,KALYAN JN,12:30:00,12:35:00,2,414837
16335,GANDHIDHAM - NAGERCOIL Weekly Exp,BSR,VASAI ROAD,20:25:00,20:30:00,1,465923
51116,Dhule Dadar Passenger Composite,DR,MUMBAI DADAR CENTRAL,04:00:00,None,2,13828
12215,Delhi Sarai Rohilla-Mumbai BandraT Garib Rath,BVI,BORIVALI,07:20:00,07:22:00,2,246980
19568,OKHA - TUTICORIN Exp,KYN,KALYAN JN,19:40:00,19:45:00,1,509034
22132,MANDUADIH - PUNE Gyan Ganga Exp,BAP,BELAPUR,03:08:00,03:10:00,2,515006
19144,Lokshakti Express,ADH,ANDHERI,05:34:00,05:36:00,2,61034
12533,Pushpak Express,CSTM,MUMBAI CST,20:05:00,None,2,289495
12483,KOCHUVELI - AMRITSAR SF Exp,BSR,VASAI ROAD,12:19:00,12:19:00,2,539431
12431,TRIVANDRUM - DELHI H NIZAMUDDIN Rajdhani Exp,BSR,VASAI ROAD,19:30:00,19:35:00,2,505351
01102,Gwalior Mumbai LTT (Weekly) Special,LTT,LOKMANYA TILAK TERM,12:05:00,None,2,35645
12980,Jaipur - Mumbai Bandra (T.) (Triweekly) SF Express,VLP,VILE PARLE,14:10:00,14:10:00,2,191896
12479,JODHPUR - MUMBAI BANDRA Suryanagari SF Exp,KILE,KANDIVLI,11:07:00,11:07:00,2,473782
12702,Hussain Sagar Express,PR,MUMBAI PAREL,04:38:00,04:38:00,2,327255
12215,Delhi Sarai Rohilla-Mumbai BandraT Garib Rath,KILE,KANDIVLI,07:29:00,07:29:00,2,246981
19144,Lokshakti Express,VLP,VILE PARLE,05:44:00,05:44:00,2,61035
12431,TRIVANDRUM - DELHI H NIZAMUDDIN Rajdhani Exp,VR,VIRAR,19:42:00,19:42:00,2,505353
19144,Lokshakti Express,STC,SANTA CRUZ,05:52:00,05:52:00,2,61036
12980,Jaipur - Mumbai Bandra (T.) (Triweekly) SF Express,STC,SANTA CRUZ,14:18:00,14:18:00,2,191897
12702,Hussain Sagar Express,CRD,MUMBAI CURREY ROAD,04:45:00,04:45:00,2,327256
12479,JODHPUR - MUMBAI BANDRA Suryanagari SF Exp,MDD,MALAD,11:12:00,11:12:00,2,473783
12215,Delhi Sarai Rohilla-Mumbai BandraT Garib Rath,MDD,MALAD,07:35:00,07:35:00,2,246982
12483,KOCHUVELI - AMRITSAR SF Exp,VR,VIRAR,12:29:00,12:29:00,2,539433
12215,Delhi Sarai Rohilla-Mumbai BandraT Garib Rath,GMN,GOREGAON,07:42:00,07:42:00,2,246983
12431,TRIVANDRUM - DELHI H NIZAMUDDIN Rajdhani Exp,VTN,VAITARNA,19:49:00,19:49:00,2,505354
12702,Hussain Sagar Express,CHG,MUMBAI CHINCHPOKLI,04:47:00,04:47:00,2,327257
12980,Jaipur - Mumbai Bandra (T.) (Triweekly) SF Express,KHAR,KHAR,14:24:00,14:24:00,2,191898
19144,Lokshakti Express,KHAR,KHAR,05:58:00,05:58:00,2,61037
12483,KOCHUVELI - AMRITSAR SF Exp,VTN,VAITARNA,12:40:00,12:40:00,2,539434
16337,OKHA - ERNAKULAM Exp,KLV,KELVA ROAD,19:43:00,19:43:00,1,551461
12479,JODHPUR - MUMBAI BANDRA Suryanagari SF Exp,GMN,GOREGAON,11:18:00,11:18:00,2,473784
16337,OKHA - ERNAKULAM Exp,SAH,SAPHALE,19:52:00,19:52:00,1,551462
12431,TRIVANDRUM - DELHI H NIZAMUDDIN Rajdhani Exp,SAH,SAPHALE,19:55:00,19:55:00,2,505355
12702,Hussain Sagar Express,BY,BYCULLA,04:51:00,04:51:00,2,327258
12483,KOCHUVELI - AMRITSAR SF Exp,SAH,SAPHALE,12:49:00,12:49:00,2,539435
12215,Delhi Sarai Rohilla-Mumbai BandraT Garib Rath,JOS,JOGESHWARI,07:50:00,07:50:00,2,246984
12431,TRIVANDRUM - DELHI H NIZAMUDDIN Rajdhani Exp,KLV,KELVA ROAD,20:00:00,20:00:00,2,505356
16337,OKHA - ERNAKULAM Exp,VTN,VAITARNA,20:04:00,20:04:00,1,551463
12483,KOCHUVELI - AMRITSAR SF Exp,KLV,KELVA ROAD,12:57:00,12:57:00,2,539436
12479,JODHPUR - MUMBAI BANDRA Suryanagari SF Exp,JOS,JOGESHWARI,11:25:00,11:25:00,2,473786
12812,HATIA - MUMBAI LTT SF Exp,TNA,THANE,13:08:00,13:08:00,2,414842
12702,Hussain Sagar Express,SNRD,MUMBAI SANDHURST ROAD,04:57:00,04:57:00,2,327259
12215,Delhi Sarai Rohilla-Mumbai BandraT Garib Rath,ADH,ANDHERI,07:56:00,07:56:00,2,246985
16337,OKHA - ERNAKULAM Exp,VR,VIRAR,20:17:00,20:17:00,1,551464
12479,JODHPUR - MUMBAI BANDRA Suryanagari SF Exp,ADH,ANDHERI,11:30:00,11:30:00,2,473787
12215,Delhi Sarai Rohilla-Mumbai BandraT Garib Rath,VLP,VILE PARLE,08:01:00,08:01:00,2,246986
12702,Hussain Sagar Express,MSD,BOMBAY MASJID,05:01:00,05:01:00,2,327260
12479,JODHPUR - MUMBAI BANDRA Suryanagari SF Exp,VLP,VILE PARLE,11:35:00,11:35:00,2,473788
12215,Delhi Sarai Rohilla-Mumbai BandraT Garib Rath,STC,SANTA CRUZ,08:06:00,08:06:00,2,246987
12215,Delhi Sarai Rohilla-Mumbai BandraT Garib Rath,KHAR,KHAR,08:10:00,08:10:00,2,246988
16311,BIKANER - KOCHUVELI Express,VGN,VANGAON,18:52:00,18:52:00,2,512310
12972,Bhavnagar Bandra Express,VGN,VANGAON,08:36:00,08:36:00,2,56536
12479,JODHPUR - MUMBAI BANDRA Suryanagari SF Exp,STC,SANTA CRUZ,11:40:00,11:40:00,2,473789
09022,JAMMU TAWI - BANDRA TERMINUS AC Suvidha Special (Starts 5 April),VGN,VANGAON,15:39:00,15:39:00,2,430676
12431,TRIVANDRUM - DELHI H NIZAMUDDIN Rajdhani Exp,VGN,VANGAON,20:24:00,20:24:00,2,505360
12483,KOCHUVELI - AMRITSAR SF Exp,VGN,VANGAON,13:32:00,13:32:00,2,539440
09022,JAMMU TAWI - BANDRA TERMINUS AC Suvidha Special (Starts 5 April),KLV,KELVA ROAD,16:05:00,16:05:00,2,430680
12972,Bhavnagar Bandra Express,KLV,KELVA ROAD,09:02:00,09:02:00,2,56540
09022,JAMMU TAWI - BANDRA TERMINUS AC Suvidha Special (Starts 5 April),SAH,SAPHALE,16:11:00,16:11:00,2,430681
12972,Bhavnagar Bandra Express,SAH,SAPHALE,09:08:00,09:08:00,2,56541
12972,Bhavnagar Bandra Express,VTN,VAITARNA,09:15:00,09:15:00,2,56542
09022,JAMMU TAWI - BANDRA TERMINUS AC Suvidha Special (Starts 5 April),VTN,VAITARNA,16:18:00,16:18:00,2,430682
15101,Chhapra-Mumbai Jansadharan Express,KYN,KALYAN JN,05:19:00,05:19:00,3,236020
09022,JAMMU TAWI - BANDRA TERMINUS AC Suvidha Special (Starts 5 April),VR,VIRAR,16:25:00,16:25:00,2,430683
12972,Bhavnagar Bandra Express,VR,VIRAR,09:23:00,09:23:00,2,56543
12972,Bhavnagar Bandra Express,BSR,VASAI ROAD,09:31:00,09:31:00,2,56545
09022,JAMMU TAWI - BANDRA TERMINUS AC Suvidha Special (Starts 5 April),BSR,VASAI ROAD,16:33:00,16:33:00,2,430685
09022,JAMMU TAWI - BANDRA TERMINUS AC Suvidha Special (Starts 5 April),BYR,BHAYANDAR,16:40:00,16:40:00,2,430687
12972,Bhavnagar Bandra Express,BYR,BHAYANDAR,09:38:00,09:38:00,2,56547
09022,JAMMU TAWI - BANDRA TERMINUS AC Suvidha Special (Starts 5 April),MIRA,MIRA ROAD,16:43:00,16:43:00,2,430688
12972,Bhavnagar Bandra Express,MIRA,MIRA ROAD,09:41:00,09:41:00,2,56548
12972,Bhavnagar Bandra Express,DIC,DAHISAR,09:44:00,09:44:00,2,56549
09022,JAMMU TAWI - BANDRA TERMINUS AC Suvidha Special (Starts 5 April),DIC,DAHISAR,16:46:00,16:46:00,2,430689
15101,Chhapra-Mumbai Jansadharan Express,TNA,THANE,05:46:00,05:46:00,3,236027
12960,BHUJ - MUMBAI DADAR SF Exp,VGN,VANGAON,10:32:00,10:32:00,2,471623
15101,Chhapra-Mumbai Jansadharan Express,LTT,LOKMANYA TILAK TERM,06:09:00,06:09:00,3,236035
12960,BHUJ - MUMBAI DADAR SF Exp,KLV,KELVA ROAD,10:54:00,10:54:00,2,471627
12960,BHUJ - MUMBAI DADAR SF Exp,SAH,SAPHALE,10:59:00,10:59:00,2,471628
15101,Chhapra-Mumbai Jansadharan Express,SIN,MUMBAI SION,06:14:00,06:14:00,3,236037
12960,BHUJ - MUMBAI DADAR SF Exp,VTN,VAITARNA,11:05:00,11:05:00,2,471629
15101,Chhapra-Mumbai Jansadharan Express,MTN,MUMBAI MATUNGA,06:17:00,06:17:00,3,236038
15101,Chhapra-Mumbai Jansadharan Express,DR,MUMBAI DADAR CENTRAL,06:19:00,06:19:00,3,236039
12960,BHUJ - MUMBAI DADAR SF Exp,VR,VIRAR,11:11:00,11:11:00,2,471630
15101,Chhapra-Mumbai Jansadharan Express,PR,MUMBAI PAREL,06:20:00,06:20:00,3,236040
15101,Chhapra-Mumbai Jansadharan Express,CRD,MUMBAI CURREY ROAD,06:23:00,06:23:00,3,236041
15101,Chhapra-Mumbai Jansadharan Express,CHG,MUMBAI CHINCHPOKLI,06:24:00,06:24:00,3,236042
15101,Chhapra-Mumbai Jansadharan Express,BY,BYCULLA,06:25:00,06:25:00,3,236043
15101,Chhapra-Mumbai Jansadharan Express,SNRD,MUMBAI SANDHURST ROAD,06:28:00,06:28:00,3,236044
15101,Chhapra-Mumbai Jansadharan Express,MSD,BOMBAY MASJID,06:29:00,06:29:00,3,236045
12779,VASCO DA GAMA - DELHI H NIZAMUDDIN Goa Exp,BAP,BELAPUR,08:29:00,08:30:00,2,558619
12870,HOWRAH - MUMBAI CST SF Exp,KYN,KALYAN JN,22:10:00,22:15:00,2,494050
06501,Yesvantpur - Ahmedabad Garib Rath Special,KYN,KALYAN JN,07:47:00,07:50:00,2,383631
12702,Hussain Sagar Express,CSTM,MUMBAI CST,05:05:00,None,2,327261
09406,Yeshwantpur-Ahmedabad Special,KYN,KALYAN JN,06:48:00,06:50:00,2,5054
59046,Valsad-Bandra Passenger,SAH,SAPHALE,19:15:00,19:16:00,1,84452
12215,Delhi Sarai Rohilla-Mumbai BandraT Garib Rath,BDTS,MUMBAI BANDRA TERMINUS,08:10:00,None,2,246989
17618,Tapovan Express,KYN,KALYAN JN,20:50:00,20:55:00,1,302894
09022,JAMMU TAWI - BANDRA TERMINUS AC Suvidha Special (Starts 5 April),BVI,BORIVALI,16:50:00,16:53:00,2,430690
16534,BANGALORE CITY - JODHPUR Exp,KYN,KALYAN JN,21:40:00,21:45:00,2,450980
19144,Lokshakti Express,BDTS,MUMBAI BANDRA TERMINUS,06:05:00,None,2,61038
12479,JODHPUR - MUMBAI BANDRA Suryanagari SF Exp,BDTS,MUMBAI BANDRA TERMINUS,11:45:00,None,2,473790
12960,BHUJ - MUMBAI DADAR SF Exp,BSR,VASAI ROAD,11:15:00,11:18:00,2,471632
11012,Mahalaxmi Express,TNA,THANE,06:38:00,06:40:00,2,97569
12972,Bhavnagar Bandra Express,BVI,BORIVALI,09:48:00,09:50:00,2,56550
12361,ASANSOL - MUMBAI CST SF Exp,KYN,KALYAN JN,05:05:00,05:10:00,3,521873
59024,Valsad Mumbai Passenger,VTN,VAITARNA,07:36:00,07:37:00,1,134385
10112,MADGAON - MUMBAI CST Konkan Knaya Exp,PNVL,PANVEL,04:05:00,04:10:00,2,489973
12812,HATIA - MUMBAI LTT SF Exp,LTT,LOKMANYA TILAK TERM,13:35:00,None,2,414850
10104,MADGAON - MUMBAI CST Mandovi Exp,PNVL,PANVEL,19:25:00,19:30:00,1,490123
16531,Garib Nawaz Express,KYN,KALYAN JN,01:05:00,01:10:00,2,20576
12618,NEW DELHI H NIZAMUDDIN - ERNAKULAM Mangala Lakshadweep Exp,KYN,KALYAN JN,08:30:00,08:35:00,2,552155
16337,OKHA - ERNAKULAM Exp,BSR,VASAI ROAD,20:25:00,20:30:00,1,551466
12980,Jaipur - Mumbai Bandra (T.) (Triweekly) SF Express,BDTS,MUMBAI BANDRA TERMINUS,14:30:00,None,2,191899
15101,Chhapra-Mumbai Jansadharan Express,CSTM,MUMBAI CST,06:30:00,None,3,236046
04115,Allahabad - Mumbai LTT (Weekly) Special,KYN,KALYAN JN,13:40:00,13:45:00,2,297661
12972,Bhavnagar Bandra Express,KILE,KANDIVLI,09:55:00,09:55:00,2,56551
10104,MADGAON - MUMBAI CST Mandovi Exp,KLMC,KALAMBOLI,19:39:00,19:39:00,1,490124
10112,MADGAON - MUMBAI CST Konkan Knaya Exp,KLMC,KALAMBOLI,04:16:00,04:16:00,2,489974
09022,JAMMU TAWI - BANDRA TERMINUS AC Suvidha Special (Starts 5 April),KILE,KANDIVLI,17:02:00,17:02:00,2,430691
12960,BHUJ - MUMBAI DADAR SF Exp,BYR,BHAYANDAR,11:30:00,11:30:00,2,471634
10104,MADGAON - MUMBAI CST Mandovi Exp,KLMG,KALAMBOLI GOODS,None,None,,490125
10112,MADGAON - MUMBAI CST Konkan Knaya Exp,KLMG,KALAMBOLI GOODS,None,None,,489975
09022,JAMMU TAWI - BANDRA TERMINUS AC Suvidha Special (Starts 5 April),MDD,MALAD,17:08:00,17:08:00,2,430692
12972,Bhavnagar Bandra Express,MDD,MALAD,09:58:00,09:58:00,2,56552
09022,JAMMU TAWI - BANDRA TERMINUS AC Suvidha Special (Starts 5 April),GMN,GOREGAON,17:16:00,17:16:00,2,430693
12618,NEW DELHI H NIZAMUDDIN - ERNAKULAM Mangala Lakshadweep Exp,DTVL,DATIVLI,08:53:00,08:53:00,2,552158
12960,BHUJ - MUMBAI DADAR SF Exp,MIRA,MIRA ROAD,11:34:00,11:34:00,2,471635
12972,Bhavnagar Bandra Express,GMN,GOREGAON,10:02:00,10:02:00,2,56553
16311,BIKANER - KOCHUVELI Express,KLV,KELVA ROAD,19:37:00,19:37:00,2,512314
10112,MADGAON - MUMBAI CST Konkan Knaya Exp,TPND,TALOJA PANCHAND,04:24:00,04:24:00,2,489977
16311,BIKANER - KOCHUVELI Express,SAH,SAPHALE,19:47:00,19:47:00,2,512315
12960,BHUJ - MUMBAI DADAR SF Exp,DIC,DAHISAR,11:39:00,11:39:00,2,471636
10104,MADGAON - MUMBAI CST Mandovi Exp,TPND,TALOJA PANCHAND,19:48:00,19:48:00,1,490127
12972,Bhavnagar Bandra Express,JOS,JOGESHWARI,10:07:00,10:07:00,2,56554
16311,BIKANER - KOCHUVELI Express,VTN,VAITARNA,19:59:00,19:59:00,2,512316
12618,NEW DELHI H NIZAMUDDIN - ERNAKULAM Mangala Lakshadweep Exp,TPND,TALOJA PANCHAND,09:11:00,09:11:00,2,552160
09022,JAMMU TAWI - BANDRA TERMINUS AC Suvidha Special (Starts 5 April),JOS,JOGESHWARI,17:26:00,17:26:00,2,430695
10104,MADGAON - MUMBAI CST Mandovi Exp,DTVL,DATIVLI,20:10:00,20:10:00,1,490129
10112,MADGAON - MUMBAI CST Konkan Knaya Exp,DTVL,DATIVLI,04:39:00,04:39:00,2,489979
16311,BIKANER - KOCHUVELI Express,VR,VIRAR,20:12:00,20:12:00,2,512317
09022,JAMMU TAWI - BANDRA TERMINUS AC Suvidha Special (Starts 5 April),ADH,ANDHERI,17:33:00,17:33:00,2,430696
12361,ASANSOL - MUMBAI CST SF Exp,TNA,THANE,05:34:00,05:34:00,3,521880
04115,Allahabad - Mumbai LTT (Weekly) Special,TNA,THANE,14:12:00,14:12:00,2,297668
12870,HOWRAH - MUMBAI CST SF Exp,TNA,THANE,22:35:00,22:35:00,2,494057
09022,JAMMU TAWI - BANDRA TERMINUS AC Suvidha Special (Starts 5 April),VLP,VILE PARLE,17:39:00,17:39:00,2,430697
12618,NEW DELHI H NIZAMUDDIN - ERNAKULAM Mangala Lakshadweep Exp,KLMG,KALAMBOLI GOODS,None,None,,552162
11091,BHUJ - PUNE Ahimsa Exp,VGN,VANGAON,22:55:00,22:55:00,1,484972
11012,Mahalaxmi Express,LTT,LOKMANYA TILAK TERM,06:57:00,06:57:00,2,97577
09221,Porbandar Secunderabad Weekly Special,VGN,VANGAON,17:06:00,17:06:00,2,9601
09022,JAMMU TAWI - BANDRA TERMINUS AC Suvidha Special (Starts 5 April),STC,SANTA CRUZ,17:45:00,17:45:00,2,430698
12618,NEW DELHI H NIZAMUDDIN - ERNAKULAM Mangala Lakshadweep Exp,KLMC,KALAMBOLI,09:19:00,09:19:00,2,552163
16209,Ajmer-Mysore Express,VGN,VANGAON,22:13:00,22:13:00,1,301708
11012,Mahalaxmi Express,SIN,MUMBAI SION,07:00:00,07:00:00,2,97579
11012,Mahalaxmi Express,MTN,MUMBAI MATUNGA,07:03:00,07:03:00,2,97580
16209,Ajmer-Mysore Express,KLV,KELVA ROAD,22:52:00,22:52:00,1,301712
09221,Porbandar Secunderabad Weekly Special,KLV,KELVA ROAD,17:41:00,17:41:00,2,9605
12962,Avantika Express,VGN,VANGAON,04:31:00,04:31:00,2,249960
11091,BHUJ - PUNE Ahimsa Exp,KLV,KELVA ROAD,23:31:00,23:31:00,1,484976
16209,Ajmer-Mysore Express,SAH,SAPHALE,23:01:00,23:01:00,1,301713
11091,BHUJ - PUNE Ahimsa Exp,SAH,SAPHALE,23:39:00,23:39:00,1,484977
09221,Porbandar Secunderabad Weekly Special,SAH,SAPHALE,17:49:00,17:49:00,2,9606
09221,Porbandar Secunderabad Weekly Special,VTN,VAITARNA,17:58:00,17:58:00,2,9607
11091,BHUJ - PUNE Ahimsa Exp,VTN,VAITARNA,23:48:00,23:48:00,1,484978
16209,Ajmer-Mysore Express,VTN,VAITARNA,23:11:00,23:11:00,1,301714
09221,Porbandar Secunderabad Weekly Special,VR,VIRAR,18:09:00,18:09:00,2,9608
16209,Ajmer-Mysore Express,VR,VIRAR,23:23:00,23:23:00,1,301715
11091,BHUJ - PUNE Ahimsa Exp,VR,VIRAR,23:59:00,23:59:00,1,484979
12361,ASANSOL - MUMBAI CST SF Exp,SIN,MUMBAI SION,05:59:00,05:59:00,3,521889
12962,Avantika Express,KLV,KELVA ROAD,04:57:00,04:57:00,2,249964
12870,HOWRAH - MUMBAI CST SF Exp,SIN,MUMBAI SION,22:56:00,22:56:00,2,494066
12870,HOWRAH - MUMBAI CST SF Exp,MTN,MUMBAI MATUNGA,22:58:00,22:58:00,2,494067
12962,Avantika Express,SAH,SAPHALE,05:03:00,05:03:00,2,249965
12361,ASANSOL - MUMBAI CST SF Exp,MTN,MUMBAI MATUNGA,06:02:00,06:02:00,3,521890
12962,Avantika Express,VTN,VAITARNA,05:10:00,05:10:00,2,249966
12962,Avantika Express,VR,VIRAR,05:17:00,05:17:00,2,249967
12962,Avantika Express,BSR,VASAI ROAD,05:25:00,05:25:00,2,249969
12962,Avantika Express,BYR,BHAYANDAR,05:32:00,05:32:00,2,249971
12956,Jaipur-Mumbai SF Express,VGN,VANGAON,05:55:00,05:55:00,2,175828
12962,Avantika Express,MIRA,MIRA ROAD,05:35:00,05:35:00,2,249972
12962,Avantika Express,DIC,DAHISAR,05:38:00,05:38:00,2,249973
12956,Jaipur-Mumbai SF Express,KLV,KELVA ROAD,06:19:00,06:19:00,2,175832
12956,Jaipur-Mumbai SF Express,SAH,SAPHALE,06:24:00,06:24:00,2,175833
12956,Jaipur-Mumbai SF Express,VTN,VAITARNA,06:31:00,06:31:00,2,175834
12956,Jaipur-Mumbai SF Express,VR,VIRAR,06:38:00,06:38:00,2,175835
12956,Jaipur-Mumbai SF Express,BSR,VASAI ROAD,06:45:00,06:45:00,2,175837
12956,Jaipur-Mumbai SF Express,BYR,BHAYANDAR,06:52:00,06:52:00,2,175839
12956,Jaipur-Mumbai SF Express,MIRA,MIRA ROAD,06:54:00,06:54:00,2,175840
12956,Jaipur-Mumbai SF Express,DIC,DAHISAR,06:57:00,06:57:00,2,175841
12618,NEW DELHI H NIZAMUDDIN - ERNAKULAM Mangala Lakshadweep Exp,PNVL,PANVEL,09:25:00,09:30:00,2,552164
09022,JAMMU TAWI - BANDRA TERMINUS AC Suvidha Special (Starts 5 April),BDTS,MUMBAI BANDRA TERMINUS,17:50:00,None,2,430699
11012,Mahalaxmi Express,DR,MUMBAI DADAR CENTRAL,07:04:00,07:06:00,2,97581
59024,Valsad Mumbai Passenger,VR,VIRAR,07:54:00,07:55:00,1,134386
09221,Porbandar Secunderabad Weekly Special,BSR,VASAI ROAD,18:20:00,18:30:00,2,9610
12956,Jaipur-Mumbai SF Express,BVI,BORIVALI,06:57:00,06:59:00,2,175842
16335,GANDHIDHAM - NAGERCOIL Weekly Exp,PNVL,PANVEL,22:00:00,22:05:00,1,465928
17057-Slip,Mumbai -Daund Devagiri Express Slip,BAP,BELAPUR,07:08:00,07:10:00,2,179717
08060,Howrah - Mumbai LTT SF Special,KYN,KALYAN JN,22:10:00,22:15:00,2,1409
12870,HOWRAH - MUMBAI CST SF Exp,DR,MUMBAI DADAR CENTRAL,22:59:00,23:00:00,2,494068
10104,MADGAON - MUMBAI CST Mandovi Exp,TNA,THANE,20:28:00,20:30:00,1,490131
04115,Allahabad - Mumbai LTT (Weekly) Special,LTT,LOKMANYA TILAK TERM,14:35:00,None,2,297676
11068,FAIZABAD - MUMBAI LTT Saket Exp,KYN,KALYAN JN,20:30:00,20:35:00,2,520992
12361,ASANSOL - MUMBAI CST SF Exp,DR,MUMBAI DADAR CENTRAL,06:04:00,06:05:00,3,521891
16209,Ajmer-Mysore Express,BSR,VASAI ROAD,23:35:00,23:40:00,1,301717
12960,BHUJ - MUMBAI DADAR SF Exp,BVI,BORIVALI,11:42:00,11:42:00,2,471637
59046,Valsad-Bandra Passenger,VTN,VAITARNA,19:27:00,19:28:00,1,84453
16534,BANGALORE CITY - JODHPUR Exp,BSR,VASAI ROAD,23:05:00,23:10:00,2,450989
16311,BIKANER - KOCHUVELI Express,BSR,VASAI ROAD,20:25:00,20:30:00,2,512319
12880,BHUBANESWAR - MUMBAI LTT SF Exp,KYN,KALYAN JN,12:30:00,12:35:00,2,414360
10112,MADGAON - MUMBAI CST Konkan Knaya Exp,TNA,THANE,04:53:00,04:55:00,2,489981
06501,Yesvantpur - Ahmedabad Garib Rath Special,BSR,VASAI ROAD,09:05:00,09:10:00,2,383639
12962,Avantika Express,BVI,BORIVALI,05:38:00,05:40:00,2,249974
11091,BHUJ - PUNE Ahimsa Exp,BSR,VASAI ROAD,00:10:00,00:30:00,2,484981
17618,Tapovan Express,TNA,THANE,21:13:00,21:15:00,1,302901
12972,Bhavnagar Bandra Express,ADH,ANDHERI,10:10:00,10:12:00,2,56555
11012,Mahalaxmi Express,PR,MUMBAI PAREL,07:08:00,07:08:00,2,97582
12361,ASANSOL - MUMBAI CST SF Exp,PR,MUMBAI PAREL,06:07:00,06:07:00,3,521892
12956,Jaipur-Mumbai SF Express,KILE,KANDIVLI,07:04:00,07:04:00,2,175843
12960,BHUJ - MUMBAI DADAR SF Exp,KILE,KANDIVLI,11:46:00,11:46:00,2,471638
12870,HOWRAH - MUMBAI CST SF Exp,PR,MUMBAI PAREL,23:03:00,23:03:00,2,494069
12972,Bhavnagar Bandra Express,VLP,VILE PARLE,10:18:00,10:18:00,2,56556
12962,Avantika Express,KILE,KANDIVLI,05:45:00,05:45:00,2,249975
12962,Avantika Express,MDD,MALAD,05:49:00,05:49:00,2,249976
11012,Mahalaxmi Express,CRD,MUMBAI CURREY ROAD,07:12:00,07:12:00,2,97583
12361,ASANSOL - MUMBAI CST SF Exp,CRD,MUMBAI CURREY ROAD,06:11:00,06:11:00,3,521893
12960,BHUJ - MUMBAI DADAR SF Exp,MDD,MALAD,11:49:00,11:49:00,2,471639
12870,HOWRAH - MUMBAI CST SF Exp,CRD,MUMBAI CURREY ROAD,23:10:00,23:10:00,2,494070
12956,Jaipur-Mumbai SF Express,MDD,MALAD,07:07:00,07:07:00,2,175844
59024,Valsad Mumbai Passenger,BSR,VASAI ROAD,08:04:00,08:04:00,1,134388
16534,BANGALORE CITY - JODHPUR Exp,VR,VIRAR,23:18:00,23:18:00,2,450991
06501,Yesvantpur - Ahmedabad Garib Rath Special,VR,VIRAR,09:16:00,09:16:00,2,383641
12972,Bhavnagar Bandra Express,STC,SANTA CRUZ,10:25:00,10:25:00,2,56557
12870,HOWRAH - MUMBAI CST SF Exp,CHG,MUMBAI CHINCHPOKLI,23:12:00,23:12:00,2,494071
12972,Bhavnagar Bandra Express,KHAR,KHAR,10:30:00,10:30:00,2,56558
12361,ASANSOL - MUMBAI CST SF Exp,CHG,MUMBAI CHINCHPOKLI,06:13:00,06:13:00,3,521894
12962,Avantika Express,GMN,GOREGAON,05:53:00,05:53:00,2,249977
16534,BANGALORE CITY - JODHPUR Exp,VTN,VAITARNA,23:26:00,23:26:00,2,450992
06501,Yesvantpur - Ahmedabad Garib Rath Special,VTN,VAITARNA,09:23:00,09:23:00,2,383642
12960,BHUJ - MUMBAI DADAR SF Exp,GMN,GOREGAON,11:53:00,11:53:00,2,471640
11012,Mahalaxmi Express,CHG,MUMBAI CHINCHPOKLI,07:14:00,07:14:00,2,97584
12956,Jaipur-Mumbai SF Express,GMN,GOREGAON,07:11:00,07:11:00,2,175845
12870,HOWRAH - MUMBAI CST SF Exp,BY,BYCULLA,23:16:00,23:16:00,2,494072
12956,Jaipur-Mumbai SF Express,JOS,JOGESHWARI,07:17:00,07:17:00,2,175846
59024,Valsad Mumbai Passenger,BYR,BHAYANDAR,08:12:00,08:12:00,1,134390
12962,Avantika Express,JOS,JOGESHWARI,05:59:00,05:59:00,2,249978
12361,ASANSOL - MUMBAI CST SF Exp,BY,BYCULLA,06:16:00,06:16:00,3,521895
06501,Yesvantpur - Ahmedabad Garib Rath Special,SAH,SAPHALE,09:29:00,09:29:00,2,383643
16534,BANGALORE CITY - JODHPUR Exp,SAH,SAPHALE,23:34:00,23:34:00,2,450993
11012,Mahalaxmi Express,BY,BYCULLA,07:16:00,07:16:00,2,97585
12960,BHUJ - MUMBAI DADAR SF Exp,JOS,JOGESHWARI,11:57:00,11:57:00,2,471642
12962,Avantika Express,ADH,ANDHERI,06:03:00,06:03:00,2,249979
12880,BHUBANESWAR - MUMBAI LTT SF Exp,TNA,THANE,13:07:00,13:07:00,2,414365
12870,HOWRAH - MUMBAI CST SF Exp,SNRD,MUMBAI SANDHURST ROAD,23:22:00,23:22:00,2,494073
16337,OKHA - ERNAKULAM Exp,DTVL,DATIVLI,None,None,,551475
11012,Mahalaxmi Express,SNRD,MUMBAI SANDHURST ROAD,07:20:00,07:20:00,2,97586
12956,Jaipur-Mumbai SF Express,ADH,ANDHERI,07:21:00,07:21:00,2,175847
16534,BANGALORE CITY - JODHPUR Exp,KLV,KELVA ROAD,23:40:00,23:40:00,2,450994
12361,ASANSOL - MUMBAI CST SF Exp,SNRD,MUMBAI SANDHURST ROAD,06:20:00,06:20:00,3,521896
59024,Valsad Mumbai Passenger,MIRA,MIRA ROAD,08:16:00,08:16:00,1,134391
06501,Yesvantpur - Ahmedabad Garib Rath Special,KLV,KELVA ROAD,09:34:00,09:34:00,2,383644
12956,Jaipur-Mumbai SF Express,VLP,VILE PARLE,07:24:00,07:24:00,2,175848
12962,Avantika Express,VLP,VILE PARLE,06:07:00,06:07:00,2,249980
59024,Valsad Mumbai Passenger,DIC,DAHISAR,08:19:00,08:19:00,1,134392
12960,BHUJ - MUMBAI DADAR SF Exp,ADH,ANDHERI,12:00:00,12:00:00,2,471643
12870,HOWRAH - MUMBAI CST SF Exp,MSD,BOMBAY MASJID,23:26:00,23:26:00,2,494074
12361,ASANSOL - MUMBAI CST SF Exp,MSD,BOMBAY MASJID,06:22:00,06:22:00,3,521897
11012,Mahalaxmi Express,MSD,BOMBAY MASJID,07:23:00,07:23:00,2,97587
12956,Jaipur-Mumbai SF Express,STC,SANTA CRUZ,07:27:00,07:27:00,2,175849
16337,OKHA - ERNAKULAM Exp,TPND,TALOJA PANCHAND,None,None,,551477
08060,Howrah - Mumbai LTT SF Special,TNA,THANE,22:48:00,22:48:00,2,1416
12962,Avantika Express,STC,SANTA CRUZ,06:10:00,06:10:00,2,249981
12960,BHUJ - MUMBAI DADAR SF Exp,VLP,VILE PARLE,12:03:00,12:03:00,2,471644
16333,VERAVAL - TRIVANDRUM Exp,VGN,VANGAON,18:43:00,18:43:00,1,553190
16311,BIKANER - KOCHUVELI Express,DTVL,DATIVLI,21:26:00,21:26:00,2,512327
12960,BHUJ - MUMBAI DADAR SF Exp,STC,SANTA CRUZ,12:06:00,12:06:00,2,471645
12962,Avantika Express,KHAR,KHAR,06:13:00,06:13:00,2,249982
17618,Tapovan Express,LTT,LOKMANYA TILAK TERM,21:32:00,21:32:00,1,302909
12956,Jaipur-Mumbai SF Express,KHAR,KHAR,07:30:00,07:30:00,2,175850
12960,BHUJ - MUMBAI DADAR SF Exp,KHAR,KHAR,12:08:00,12:08:00,2,471646
10104,MADGAON - MUMBAI CST Mandovi Exp,SIN,MUMBAI SION,20:55:00,20:55:00,1,490140
10112,MADGAON - MUMBAI CST Konkan Knaya Exp,SIN,MUMBAI SION,05:14:00,05:14:00,2,489990
16534,BANGALORE CITY - JODHPUR Exp,VGN,VANGAON,00:08:00,00:08:00,3,450998
06501,Yesvantpur - Ahmedabad Garib Rath Special,VGN,VANGAON,09:56:00,09:56:00,2,383648
12956,Jaipur-Mumbai SF Express,BDTS,MUMBAI BANDRA TERMINUS,07:31:00,07:31:00,2,175851
12962,Avantika Express,BDTS,MUMBAI BANDRA TERMINUS,06:15:00,06:15:00,2,249983
16337,OKHA - ERNAKULAM Exp,KLMG,KALAMBOLI GOODS,None,None,,551479
10104,MADGAON - MUMBAI CST Mandovi Exp,MTN,MUMBAI MATUNGA,20:59:00,20:59:00,1,490141
17618,Tapovan Express,SIN,MUMBAI SION,21:36:00,21:36:00,1,302911
12956,Jaipur-Mumbai SF Express,BA,BANDRA,07:33:00,07:33:00,2,175852
10112,MADGAON - MUMBAI CST Konkan Knaya Exp,MTN,MUMBAI MATUNGA,05:16:00,05:16:00,2,489991
16311,BIKANER - KOCHUVELI Express,TPND,TALOJA PANCHAND,21:43:00,21:43:00,2,512329
12962,Avantika Express,BA,BANDRA,06:16:00,06:16:00,2,249984
16337,OKHA - ERNAKULAM Exp,KLMC,KALAMBOLI,None,None,,551480
12960,BHUJ - MUMBAI DADAR SF Exp,BDTS,MUMBAI BANDRA TERMINUS,12:09:00,12:09:00,2,471647
12960,BHUJ - MUMBAI DADAR SF Exp,BA,BANDRA,12:10:00,12:10:00,2,471648
12956,Jaipur-Mumbai SF Express,MM,MUMBAI MAHIM JN,07:36:00,07:36:00,2,175853
12962,Avantika Express,MM,MUMBAI MAHIM JN,06:19:00,06:19:00,2,249985
17618,Tapovan Express,MTN,MUMBAI MATUNGA,21:39:00,21:39:00,1,302912
12960,BHUJ - MUMBAI DADAR SF Exp,MM,MUMBAI MAHIM JN,12:12:00,12:12:00,2,471649
12962,Avantika Express,MRU,MUMBAI MATUNGA ROAD,06:22:00,06:22:00,2,249986
16311,BIKANER - KOCHUVELI Express,KLMG,KALAMBOLI GOODS,None,None,,512331
12956,Jaipur-Mumbai SF Express,MRU,MUMBAI MATUNGA ROAD,07:38:00,07:38:00,2,175854
16311,BIKANER - KOCHUVELI Express,KLMC,KALAMBOLI,21:51:00,21:51:00,2,512332
12960,BHUJ - MUMBAI DADAR SF Exp,MRU,MUMBAI MATUNGA ROAD,12:14:00,12:14:00,2,471650
12956,Jaipur-Mumbai SF Express,DDR,MUMBAI DADAR WEST,07:40:00,07:40:00,2,175855
12962,Avantika Express,DDR,MUMBAI DADAR WEST,06:24:00,06:24:00,2,249987
12962,Avantika Express,EPR,Mumbai Elphinstone Road,06:27:00,06:27:00,2,249988
12956,Jaipur-Mumbai SF Express,EPR,Mumbai Elphinstone Road,07:42:00,07:42:00,2,175856
12956,Jaipur-Mumbai SF Express,PL,Mumbai Lower Parel,07:45:00,07:45:00,2,175857
12962,Avantika Express,PL,Mumbai Lower Parel,06:30:00,06:30:00,2,249989
12956,Jaipur-Mumbai SF Express,MX,Mumbai Mahalakshmi,07:48:00,07:48:00,2,175858
12962,Avantika Express,MX,Mumbai Mahalakshmi,06:32:00,06:32:00,2,249990
11068,FAIZABAD - MUMBAI LTT Saket Exp,TNA,THANE,20:58:00,21:00:00,2,520997
12997,Tirunelveli - Hapa (Biweekly) SF Express,PNVL,PANVEL,10:55:00,11:00:00,2,57384
09221,Porbandar Secunderabad Weekly Special,KYN,KALYAN JN,19:40:00,19:50:00,2,9618
11004,SAWANTWADI RD - DADAR Rajya Rani Exp,PNVL,PANVEL,04:45:00,04:50:00,2,480995
12361,ASANSOL - MUMBAI CST SF Exp,CSTM,MUMBAI CST,06:25:00,None,3,521898
17618,Tapovan Express,DR,MUMBAI DADAR CENTRAL,21:40:00,21:42:00,1,302913
12880,BHUBANESWAR - MUMBAI LTT SF Exp,LTT,LOKMANYA TILAK TERM,13:35:00,None,2,414373
12962,Avantika Express,BCT,Mumbai Central,06:35:00,None,2,249991
10112,MADGAON - MUMBAI CST Konkan Knaya Exp,DR,MUMBAI DADAR CENTRAL,05:17:00,05:20:00,2,489992
21068,Rai Bareli-Mumbai LTT Saket Express,KYN,KALYAN JN,20:30:00,20:35:00,2,520792
16337,OKHA - ERNAKULAM Exp,PNVL,PANVEL,22:00:00,22:05:00,1,551481
16311,BIKANER - KOCHUVELI Express,PNVL,PANVEL,22:00:00,22:05:00,2,512333
12627,Karnataka Express,BAP,BELAPUR,12:56:00,12:57:00,2,366007
12956,Jaipur-Mumbai SF Express,BCT,Mumbai Central,07:50:00,None,2,175859
11012,Mahalaxmi Express,CSTM,MUMBAI CST,07:25:00,None,2,97588
12870,HOWRAH - MUMBAI CST SF Exp,CSTM,MUMBAI CST,23:30:00,None,2,494075
16532,Garib Nawaz Express,KYN,KALYAN JN,21:40:00,21:45:00,2,168172
12781,Mysore-Nizamuddin Swarna Jayanti Express,BAP,BELAPUR,20:09:00,20:10:00,2,271429
09406,Yeshwantpur-Ahmedabad Special,BSR,VASAI ROAD,07:55:00,08:05:00,2,5062
12977,ERNAKULAM - AJMER Marusagar Exp,PNVL,PANVEL,19:50:00,19:55:00,2,542769
12162,Lashkar Express,KYN,KALYAN JN,21:45:00,21:50:00,2,83880
59046,Valsad-Bandra Passenger,VR,VIRAR,19:47:00,19:48:00,1,84454
08060,Howrah - Mumbai LTT SF Special,LTT,LOKMANYA TILAK TERM,23:15:00,None,2,1424
12960,BHUJ - MUMBAI DADAR SF Exp,DDR,MUMBAI DADAR WEST,12:15:00,None,2,471651
59024,Valsad Mumbai Passenger,BVI,BORIVALI,08:22:00,08:23:00,1,134393
12972,Bhavnagar Bandra Express,BDTS,MUMBAI BANDRA TERMINUS,10:35:00,None,2,56559
10104,MADGAON - MUMBAI CST Mandovi Exp,DR,MUMBAI DADAR CENTRAL,21:00:00,21:05:00,1,490142
10112,MADGAON - MUMBAI CST Konkan Knaya Exp,PR,MUMBAI PAREL,05:23:00,05:23:00,2,489993
10104,MADGAON - MUMBAI CST Mandovi Exp,PR,MUMBAI PAREL,21:08:00,21:08:00,1,490143
11087,Veraval Pune Express,VGN,VANGAON,22:43:00,22:43:00,1,205948
11004,SAWANTWADI RD - DADAR Rajya Rani Exp,KLMC,KALAMBOLI,04:58:00,04:58:00,2,480996
11089,BHAGAT KI KOTHI - PUNE Exp,VGN,VANGAON,22:43:00,22:43:00,1,473369
19012,Gujarat Express,VGN,VANGAON,13:57:00,13:57:00,1,257444
17618,Tapovan Express,PR,MUMBAI PAREL,21:45:00,21:45:00,1,302914
12997,Tirunelveli - Hapa (Biweekly) SF Express,KLMC,KALAMBOLI,11:07:00,11:07:00,2,57385
59024,Valsad Mumbai Passenger,KILE,KANDIVLI,08:27:00,08:27:00,1,134394
12977,ERNAKULAM - AJMER Marusagar Exp,KLMC,KALAMBOLI,20:00:00,20:00:00,2,542770
09406,Yeshwantpur-Ahmedabad Special,VR,VIRAR,08:13:00,08:13:00,2,5064
11004,SAWANTWADI RD - DADAR Rajya Rani Exp,KLMG,KALAMBOLI GOODS,None,None,,480997
10104,MADGAON - MUMBAI CST Mandovi Exp,CRD,MUMBAI CURREY ROAD,21:13:00,21:13:00,1,490144
10112,MADGAON - MUMBAI CST Konkan Knaya Exp,CRD,MUMBAI CURREY ROAD,05:30:00,05:30:00,2,489994
12977,ERNAKULAM - AJMER Marusagar Exp,KLMG,KALAMBOLI GOODS,None,None,,542771
17618,Tapovan Express,CRD,MUMBAI CURREY ROAD,21:49:00,21:49:00,1,302915
59024,Valsad Mumbai Passenger,MDD,MALAD,08:30:00,08:30:00,1,134395
10104,MADGAON - MUMBAI CST Mandovi Exp,CHG,MUMBAI CHINCHPOKLI,21:15:00,21:15:00,1,490145
17618,Tapovan Express,CHG,MUMBAI CHINCHPOKLI,21:51:00,21:51:00,1,302916
12997,Tirunelveli - Hapa (Biweekly) SF Express,TPND,TALOJA PANCHAND,11:15:00,11:15:00,2,57387
10112,MADGAON - MUMBAI CST Konkan Knaya Exp,CHG,MUMBAI CHINCHPOKLI,05:32:00,05:32:00,2,489995
16333,VERAVAL - TRIVANDRUM Exp,KLV,KELVA ROAD,19:33:00,19:33:00,1,553194
09406,Yeshwantpur-Ahmedabad Special,VTN,VAITARNA,08:20:00,08:20:00,2,5065
59024,Valsad Mumbai Passenger,GMN,GOREGAON,08:33:00,08:33:00,1,134396
10112,MADGAON - MUMBAI CST Konkan Knaya Exp,BY,BYCULLA,05:36:00,05:36:00,2,489996
17618,Tapovan Express,BY,BYCULLA,21:54:00,21:54:00,1,302917
16333,VERAVAL - TRIVANDRUM Exp,SAH,SAPHALE,19:45:00,19:45:00,1,553195
12977,ERNAKULAM - AJMER Marusagar Exp,TPND,TALOJA PANCHAND,20:07:00,20:07:00,2,542773
11004,SAWANTWADI RD - DADAR Rajya Rani Exp,TPND,TALOJA PANCHAND,05:07:00,05:07:00,2,480999
09406,Yeshwantpur-Ahmedabad Special,SAH,SAPHALE,08:27:00,08:27:00,2,5066
10104,MADGAON - MUMBAI CST Mandovi Exp,BY,BYCULLA,21:18:00,21:18:00,1,490146
59024,Valsad Mumbai Passenger,JOS,JOGESHWARI,08:37:00,08:37:00,1,134397
12997,Tirunelveli - Hapa (Biweekly) SF Express,DTVL,DATIVLI,11:34:00,11:34:00,2,57389
16333,VERAVAL - TRIVANDRUM Exp,VTN,VAITARNA,19:59:00,19:59:00,1,553196
11089,BHAGAT KI KOTHI - PUNE Exp,KLV,KELVA ROAD,23:26:00,23:26:00,1,473373
10112,MADGAON - MUMBAI CST Konkan Knaya Exp,SNRD,MUMBAI SANDHURST ROAD,05:42:00,05:42:00,2,489997
10104,MADGAON - MUMBAI CST Mandovi Exp,SNRD,MUMBAI SANDHURST ROAD,21:24:00,21:24:00,1,490147
17618,Tapovan Express,SNRD,MUMBAI SANDHURST ROAD,21:59:00,21:59:00,1,302918
11087,Veraval Pune Express,KLV,KELVA ROAD,23:26:00,23:26:00,1,205952
59024,Valsad Mumbai Passenger,ADH,ANDHERI,08:40:00,08:40:00,1,134398
09406,Yeshwantpur-Ahmedabad Special,KLV,KELVA ROAD,08:33:00,08:33:00,2,5067
16333,VERAVAL - TRIVANDRUM Exp,VR,VIRAR,20:14:00,20:14:00,1,553197
11004,SAWANTWADI RD - DADAR Rajya Rani Exp,DTVL,DATIVLI,05:26:00,05:26:00,2,481001
10104,MADGAON - MUMBAI CST Mandovi Exp,MSD,BOMBAY MASJID,21:27:00,21:27:00,1,490148
10112,MADGAON - MUMBAI CST Konkan Knaya Exp,MSD,BOMBAY MASJID,05:46:00,05:46:00,2,489998
12977,ERNAKULAM - AJMER Marusagar Exp,DTVL,DATIVLI,20:20:00,20:20:00,2,542775
11087,Veraval Pune Express,SAH,SAPHALE,23:35:00,23:35:00,1,205953
17618,Tapovan Express,MSD,BOMBAY MASJID,22:02:00,22:02:00,1,302919
59024,Valsad Mumbai Passenger,VLP,VILE PARLE,08:43:00,08:43:00,1,134399
11089,BHAGAT KI KOTHI - PUNE Exp,SAH,SAPHALE,23:35:00,23:35:00,1,473374
11087,Veraval Pune Express,VTN,VAITARNA,23:47:00,23:47:00,1,205954
59024,Valsad Mumbai Passenger,STC,SANTA CRUZ,08:46:00,08:46:00,1,134400
11089,BHAGAT KI KOTHI - PUNE Exp,VTN,VAITARNA,23:47:00,23:47:00,1,473375
11087,Veraval Pune Express,VR,VIRAR,23:59:00,23:59:00,1,205955
11089,BHAGAT KI KOTHI - PUNE Exp,VR,VIRAR,23:59:00,23:59:00,1,473376
59024,Valsad Mumbai Passenger,KHAR,KHAR,08:48:00,08:48:00,1,134401
16507,BHAGAT KI KOTHI - BANGALORE Exp,VGN,VANGAON,22:13:00,22:13:00,1,472700
59024,Valsad Mumbai Passenger,BDTS,MUMBAI BANDRA TERMINUS,08:49:00,08:49:00,1,134402
09406,Yeshwantpur-Ahmedabad Special,VGN,VANGAON,09:00:00,09:00:00,2,5071
59024,Valsad Mumbai Passenger,BA,BANDRA,08:50:00,08:50:00,1,134403
59024,Valsad Mumbai Passenger,MM,MUMBAI MAHIM JN,08:52:00,08:52:00,1,134404
59024,Valsad Mumbai Passenger,MRU,MUMBAI MATUNGA ROAD,08:54:00,08:54:00,1,134405
16507,BHAGAT KI KOTHI - BANGALORE Exp,KLV,KELVA ROAD,22:53:00,22:53:00,1,472704
16507,BHAGAT KI KOTHI - BANGALORE Exp,SAH,SAPHALE,23:02:00,23:02:00,1,472705
16507,BHAGAT KI KOTHI - BANGALORE Exp,VTN,VAITARNA,23:12:00,23:12:00,1,472706
16507,BHAGAT KI KOTHI - BANGALORE Exp,VR,VIRAR,23:24:00,23:24:00,1,472707
12545,RAXAUL - MUMBAI LTT Karmabhoomi Exp,KYN,KALYAN JN,05:05:00,05:10:00,3,516993
12977,ERNAKULAM - AJMER Marusagar Exp,BSR,VASAI ROAD,21:05:00,21:10:00,2,542782
21068,Rai Bareli-Mumbai LTT Saket Express,TNA,THANE,20:58:00,21:00:00,2,520797
12997,Tirunelveli - Hapa (Biweekly) SF Express,BSR,VASAI ROAD,12:35:00,12:40:00,2,57395
17618,Tapovan Express,CSTM,MUMBAI CST,22:05:00,None,1,302920
16507,BHAGAT KI KOTHI - BANGALORE Exp,BSR,VASAI ROAD,23:35:00,23:40:00,1,472709
59046,Valsad-Bandra Passenger,BSR,VASAI ROAD,19:59:00,20:01:00,1,84456
17204,Kakinada Town- Bhavnagar Express,KYN,KALYAN JN,04:45:00,04:50:00,2,371560
16209,Ajmer-Mysore Express,KYN,KALYAN JN,01:05:00,01:10:00,2,301725
11068,FAIZABAD - MUMBAI LTT Saket Exp,LTT,LOKMANYA TILAK TERM,21:40:00,None,2,521005
16333,VERAVAL - TRIVANDRUM Exp,BSR,VASAI ROAD,20:30:00,20:35:00,1,553199
11089,BHAGAT KI KOTHI - PUNE Exp,BSR,VASAI ROAD,00:10:00,00:15:00,2,473378
59024,Valsad Mumbai Passenger,DDR,MUMBAI DADAR WEST,08:56:00,08:57:00,1,134406
12162,Lashkar Express,TNA,THANE,22:08:00,22:10:00,2,83887
11091,BHUJ - PUNE Ahimsa Exp,KYN,KALYAN JN,01:45:00,01:50:00,2,484990
12620,MANGALORE CENT - MUMBAI LTT Matsyagandha Exp,PNVL,PANVEL,05:10:00,05:15:00,2,480878
11004,SAWANTWADI RD - DADAR Rajya Rani Exp,TNA,THANE,05:43:00,05:45:00,2,481003
10104,MADGAON - MUMBAI CST Mandovi Exp,CSTM,MUMBAI CST,21:30:00,None,1,490149
10112,MADGAON - MUMBAI CST Konkan Knaya Exp,CSTM,MUMBAI CST,05:50:00,None,2,489999
11087,Veraval Pune Express,BSR,VASAI ROAD,00:10:00,00:15:00,2,205957
12620,MANGALORE CENT - MUMBAI LTT Matsyagandha Exp,KLMC,KALAMBOLI,05:21:00,05:21:00,2,480879
59024,Valsad Mumbai Passenger,EPR,Mumbai Elphinstone Road,09:02:00,09:02:00,1,134407
12977,ERNAKULAM - AJMER Marusagar Exp,VR,VIRAR,21:17:00,21:17:00,2,542784
12620,MANGALORE CENT - MUMBAI LTT Matsyagandha Exp,KLMG,KALAMBOLI GOODS,None,None,,480880
59046,Valsad-Bandra Passenger,BYR,BHAYANDAR,20:10:00,20:10:00,1,84458
12997,Tirunelveli - Hapa (Biweekly) SF Express,VR,VIRAR,12:47:00,12:47:00,2,57397
59024,Valsad Mumbai Passenger,PL,Mumbai Lower Parel,09:06:00,09:06:00,1,134408
12977,ERNAKULAM - AJMER Marusagar Exp,VTN,VAITARNA,21:24:00,21:24:00,2,542785
59024,Valsad Mumbai Passenger,MX,Mumbai Mahalakshmi,09:11:00,09:11:00,1,134409
12997,Tirunelveli - Hapa (Biweekly) SF Express,VTN,VAITARNA,12:54:00,12:54:00,2,57398
59046,Valsad-Bandra Passenger,MIRA,MIRA ROAD,20:14:00,20:14:00,1,84459
12620,MANGALORE CENT - MUMBAI LTT Matsyagandha Exp,TPND,TALOJA PANCHAND,05:27:00,05:27:00,2,480882
12997,Tirunelveli - Hapa (Biweekly) SF Express,SAH,SAPHALE,13:01:00,13:01:00,2,57399
12977,ERNAKULAM - AJMER Marusagar Exp,SAH,SAPHALE,21:30:00,21:30:00,2,542786
59046,Valsad-Bandra Passenger,DIC,DAHISAR,20:18:00,20:18:00,1,84460
12977,ERNAKULAM - AJMER Marusagar Exp,KLV,KELVA ROAD,21:36:00,21:36:00,2,542787
12997,Tirunelveli - Hapa (Biweekly) SF Express,KLV,KELVA ROAD,13:06:00,13:06:00,2,57400
12545,RAXAUL - MUMBAI LTT Karmabhoomi Exp,TNA,THANE,05:44:00,05:44:00,3,516998
12620,MANGALORE CENT - MUMBAI LTT Matsyagandha Exp,DTVL,DATIVLI,05:41:00,05:41:00,2,480884
19132,BHUJ - MUMBAI BANDRA Kutch Exp,VGN,VANGAON,09:29:00,09:29:00,2,486523
12997,Tirunelveli - Hapa (Biweekly) SF Express,VGN,VANGAON,13:30:00,13:30:00,2,57404
11004,SAWANTWADI RD - DADAR Rajya Rani Exp,SIN,MUMBAI SION,06:23:00,06:23:00,2,481012
12977,ERNAKULAM - AJMER Marusagar Exp,VGN,VANGAON,22:00:00,22:00:00,2,542791
11004,SAWANTWADI RD - DADAR Rajya Rani Exp,MTN,MUMBAI MATUNGA,06:28:00,06:28:00,2,481013
19132,BHUJ - MUMBAI BANDRA Kutch Exp,KLV,KELVA ROAD,09:58:00,09:58:00,2,486527
12990,Ajmer-Dadar SF Express,VGN,VANGAON,11:12:00,11:12:00,2,140788
19132,BHUJ - MUMBAI BANDRA Kutch Exp,SAH,SAPHALE,10:04:00,10:04:00,2,486528
19132,BHUJ - MUMBAI BANDRA Kutch Exp,VTN,VAITARNA,10:12:00,10:12:00,2,486529
19132,BHUJ - MUMBAI BANDRA Kutch Exp,VR,VIRAR,10:20:00,10:20:00,2,486530
12990,Ajmer-Dadar SF Express,KLV,KELVA ROAD,11:35:00,11:35:00,2,140792
19132,BHUJ - MUMBAI BANDRA Kutch Exp,BSR,VASAI ROAD,10:29:00,10:29:00,2,486532
12990,Ajmer-Dadar SF Express,SAH,SAPHALE,11:40:00,11:40:00,2,140793
12990,Ajmer-Dadar SF Express,VTN,VAITARNA,11:46:00,11:46:00,2,140794
19132,BHUJ - MUMBAI BANDRA Kutch Exp,BYR,BHAYANDAR,10:37:00,10:37:00,2,486534
12990,Ajmer-Dadar SF Express,VR,VIRAR,11:52:00,11:52:00,2,140795
19132,BHUJ - MUMBAI BANDRA Kutch Exp,MIRA,MIRA ROAD,10:40:00,10:40:00,2,486535
12990,Ajmer-Dadar SF Express,BSR,VASAI ROAD,11:59:00,11:59:00,2,140797
19132,BHUJ - MUMBAI BANDRA Kutch Exp,DIC,DAHISAR,10:43:00,10:43:00,2,486536
12990,Ajmer-Dadar SF Express,BYR,BHAYANDAR,12:05:00,12:05:00,2,140799
12990,Ajmer-Dadar SF Express,MIRA,MIRA ROAD,12:08:00,12:08:00,2,140800
12990,Ajmer-Dadar SF Express,DIC,DAHISAR,12:10:00,12:10:00,2,140801
12620,MANGALORE CENT - MUMBAI LTT Matsyagandha Exp,TNA,THANE,05:53:00,05:55:00,2,480886
11004,SAWANTWADI RD - DADAR Rajya Rani Exp,DR,MUMBAI DADAR CENTRAL,06:30:00,None,2,481014
19132,BHUJ - MUMBAI BANDRA Kutch Exp,BVI,BORIVALI,10:46:00,10:48:00,2,486537
11056,GORAKHPUR - MUMBAI LTT Exp,KYN,KALYAN JN,15:05:00,15:10:00,2,517687
12545,RAXAUL - MUMBAI LTT Karmabhoomi Exp,LTT,LOKMANYA TILAK TERM,06:15:00,None,3,517006
17204,Kakinada Town- Bhavnagar Express,BSR,VASAI ROAD,06:10:00,06:20:00,2,371568
59024,Valsad Mumbai Passenger,BCT,Mumbai Central,09:15:00,None,1,134410
12990,Ajmer-Dadar SF Express,BVI,BORIVALI,12:11:00,12:13:00,2,140802
21068,Rai Bareli-Mumbai LTT Saket Express,LTT,LOKMANYA TILAK TERM,21:40:00,None,2,520805
12162,Lashkar Express,LTT,LOKMANYA TILAK TERM,22:45:00,None,2,83895
16532,Garib Nawaz Express,BSR,VASAI ROAD,23:05:00,23:10:00,2,168180
59046,Valsad-Bandra Passenger,BVI,BORIVALI,20:20:00,20:21:00,1,84461
19012,Gujarat Express,KLV,KELVA ROAD,14:29:00,14:29:00,1,257448
12990,Ajmer-Dadar SF Express,KILE,KANDIVLI,12:17:00,12:17:00,2,140803
19132,BHUJ - MUMBAI BANDRA Kutch Exp,KILE,KANDIVLI,10:54:00,10:54:00,2,486538
59046,Valsad-Bandra Passenger,KILE,KANDIVLI,20:26:00,20:26:00,1,84462
19132,BHUJ - MUMBAI BANDRA Kutch Exp,MDD,MALAD,10:59:00,10:59:00,2,486539
16532,Garib Nawaz Express,VR,VIRAR,23:18:00,23:18:00,2,168182
59046,Valsad-Bandra Passenger,MDD,MALAD,20:30:00,20:30:00,1,84463
12990,Ajmer-Dadar SF Express,MDD,MALAD,12:21:00,12:21:00,2,140804
19012,Gujarat Express,SAH,SAPHALE,14:36:00,14:36:00,1,257449
17204,Kakinada Town- Bhavnagar Express,VR,VIRAR,06:28:00,06:28:00,2,371570
16333,VERAVAL - TRIVANDRUM Exp,DTVL,DATIVLI,None,None,,553205
19012,Gujarat Express,VTN,VAITARNA,14:45:00,14:45:00,1,257450
16532,Garib Nawaz Express,VTN,VAITARNA,23:25:00,23:25:00,2,168183
12990,Ajmer-Dadar SF Express,GMN,GOREGAON,12:25:00,12:25:00,2,140805
19132,BHUJ - MUMBAI BANDRA Kutch Exp,GMN,GOREGAON,11:04:00,11:04:00,2,486540
17204,Kakinada Town- Bhavnagar Express,VTN,VAITARNA,06:36:00,06:36:00,2,371571
59046,Valsad-Bandra Passenger,GMN,GOREGAON,20:34:00,20:34:00,1,84464
17204,Kakinada Town- Bhavnagar Express,SAH,SAPHALE,06:44:00,06:44:00,2,371572
12990,Ajmer-Dadar SF Express,JOS,JOGESHWARI,12:30:00,12:30:00,2,140806
16333,VERAVAL - TRIVANDRUM Exp,TPND,TALOJA PANCHAND,None,None,,553207
59046,Valsad-Bandra Passenger,JOS,JOGESHWARI,20:39:00,20:39:00,1,84465
16532,Garib Nawaz Express,SAH,SAPHALE,23:33:00,23:33:00,2,168184
19012,Gujarat Express,VR,VIRAR,14:55:00,14:55:00,1,257451
12990,Ajmer-Dadar SF Express,ADH,ANDHERI,12:33:00,12:33:00,2,140807
17204,Kakinada Town- Bhavnagar Express,KLV,KELVA ROAD,06:50:00,06:50:00,2,371573
19132,BHUJ - MUMBAI BANDRA Kutch Exp,JOS,JOGESHWARI,11:11:00,11:11:00,2,486542
16532,Garib Nawaz Express,KLV,KELVA ROAD,23:38:00,23:38:00,2,168185
19012,Gujarat Express,BSR,VASAI ROAD,15:05:00,15:05:00,1,257453
19132,BHUJ - MUMBAI BANDRA Kutch Exp,ADH,ANDHERI,11:16:00,11:16:00,2,486543
12990,Ajmer-Dadar SF Express,VLP,VILE PARLE,12:37:00,12:37:00,2,140808
16333,VERAVAL - TRIVANDRUM Exp,KLMG,KALAMBOLI GOODS,None,None,,553209
19132,BHUJ - MUMBAI BANDRA Kutch Exp,VLP,VILE PARLE,11:20:00,11:20:00,2,486544
16333,VERAVAL - TRIVANDRUM Exp,KLMC,KALAMBOLI,None,None,,553210
12990,Ajmer-Dadar SF Express,STC,SANTA CRUZ,12:40:00,12:40:00,2,140809
19012,Gujarat Express,BYR,BHAYANDAR,15:15:00,15:15:00,1,257455
19132,BHUJ - MUMBAI BANDRA Kutch Exp,STC,SANTA CRUZ,11:25:00,11:25:00,2,486545
12990,Ajmer-Dadar SF Express,KHAR,KHAR,12:42:00,12:42:00,2,140810
12990,Ajmer-Dadar SF Express,BDTS,MUMBAI BANDRA TERMINUS,12:43:00,12:43:00,2,140811
16532,Garib Nawaz Express,VGN,VANGAON,00:05:00,00:05:00,3,168189
19012,Gujarat Express,MIRA,MIRA ROAD,15:19:00,15:19:00,1,257456
19132,BHUJ - MUMBAI BANDRA Kutch Exp,KHAR,KHAR,11:28:00,11:28:00,2,486546
22601,CHENNAI CENT - SAINAGAR SHIRDI SF Exp,BAP,BELAPUR,10:07:00,10:07:00,2,488950
17204,Kakinada Town- Bhavnagar Express,VGN,VANGAON,07:18:00,07:18:00,2,371577
12990,Ajmer-Dadar SF Express,BA,BANDRA,12:45:00,12:45:00,2,140812
19012,Gujarat Express,DIC,DAHISAR,15:23:00,15:23:00,1,257457
12990,Ajmer-Dadar SF Express,MM,MUMBAI MAHIM JN,12:48:00,12:48:00,2,140813
12990,Ajmer-Dadar SF Express,MRU,MUMBAI MATUNGA ROAD,12:49:00,12:49:00,2,140814
11056,GORAKHPUR - MUMBAI LTT Exp,TNA,THANE,15:40:00,15:40:00,2,517692
12152,HOWRAH - MUMBAI LTT Samarsata SF Exp,KYN,KALYAN JN,06:25:00,06:30:00,3,520283
16333,VERAVAL - TRIVANDRUM Exp,PNVL,PANVEL,22:00:00,22:05:00,1,553211
16614,COIMBATORE - RAJKOT Exp,KYN,KALYAN JN,04:45:00,04:50:00,3,504250
19132,BHUJ - MUMBAI BANDRA Kutch Exp,BDTS,MUMBAI BANDRA TERMINUS,11:30:00,None,2,486547
12620,MANGALORE CENT - MUMBAI LTT Matsyagandha Exp,LTT,LOKMANYA TILAK TERM,06:35:00,None,2,480894
12990,Ajmer-Dadar SF Express,DDR,MUMBAI DADAR WEST,12:50:00,None,2,140815
16506,BANGALORE - GANDHIDHAM Exp,KYN,KALYAN JN,21:40:00,21:45:00,2,449507
16507,BHAGAT KI KOTHI - BANGALORE Exp,KYN,KALYAN JN,01:05:00,01:10:00,2,472718
12106,Vidarbha Express,KYN,KALYAN JN,05:35:00,05:40:00,2,35227
11089,BHAGAT KI KOTHI - PUNE Exp,KYN,KALYAN JN,01:45:00,01:50:00,2,473387
15267,RAXAUL - MUMBAI LTT Jan Sadharan Exp,KYN,KALYAN JN,05:05:00,05:10:00,3,518249
06201,Mysore-Sainagar Shirdi Special,BAP,BELAPUR,10:03:00,10:05:00,2,124513
11087,Veraval Pune Express,KYN,KALYAN JN,01:45:00,01:50:00,2,205965
19012,Gujarat Express,BVI,BORIVALI,15:25:00,15:27:00,1,257458
59046,Valsad-Bandra Passenger,ADH,ANDHERI,20:44:00,20:45:00,1,84466
19012,Gujarat Express,KILE,KANDIVLI,15:31:00,15:31:00,1,257459
59046,Valsad-Bandra Passenger,VLP,VILE PARLE,20:53:00,20:53:00,1,84467
19012,Gujarat Express,MDD,MALAD,15:33:00,15:33:00,1,257460
59046,Valsad-Bandra Passenger,STC,SANTA CRUZ,21:01:00,21:01:00,1,84468
59046,Valsad-Bandra Passenger,KHAR,KHAR,21:07:00,21:07:00,1,84469
19012,Gujarat Express,GMN,GOREGAON,15:36:00,15:36:00,1,257461
19012,Gujarat Express,JOS,JOGESHWARI,15:41:00,15:41:00,1,257462
15267,RAXAUL - MUMBAI LTT Jan Sadharan Exp,TNA,THANE,05:46:00,05:46:00,3,518254
12152,HOWRAH - MUMBAI LTT Samarsata SF Exp,TNA,THANE,07:02:00,07:02:00,3,520288
19012,Gujarat Express,ADH,ANDHERI,15:43:00,15:43:00,1,257463
19012,Gujarat Express,VLP,VILE PARLE,15:46:00,15:46:00,1,257464
19012,Gujarat Express,STC,SANTA CRUZ,15:48:00,15:48:00,1,257465
12472,Jammu Tawi - Mumbai Bandra (T.) SF Swaraj Express,VGN,VANGAON,16:14:00,16:14:00,2,113989
19012,Gujarat Express,KHAR,KHAR,15:50:00,15:50:00,1,257466
19012,Gujarat Express,BDTS,MUMBAI BANDRA TERMINUS,15:51:00,15:51:00,1,257467
19012,Gujarat Express,BA,BANDRA,15:53:00,15:53:00,1,257468
19012,Gujarat Express,MM,MUMBAI MAHIM JN,15:55:00,15:55:00,1,257469
19012,Gujarat Express,MRU,MUMBAI MATUNGA ROAD,15:56:00,15:56:00,1,257470
12472,Jammu Tawi - Mumbai Bandra (T.) SF Swaraj Express,KLV,KELVA ROAD,16:39:00,16:39:00,2,113993
12472,Jammu Tawi - Mumbai Bandra (T.) SF Swaraj Express,SAH,SAPHALE,16:44:00,16:44:00,2,113994
12472,Jammu Tawi - Mumbai Bandra (T.) SF Swaraj Express,VTN,VAITARNA,16:51:00,16:51:00,2,113995
12472,Jammu Tawi - Mumbai Bandra (T.) SF Swaraj Express,VR,VIRAR,16:58:00,16:58:00,2,113996
12472,Jammu Tawi - Mumbai Bandra (T.) SF Swaraj Express,BSR,VASAI ROAD,17:06:00,17:06:00,2,113998
12472,Jammu Tawi - Mumbai Bandra (T.) SF Swaraj Express,BYR,BHAYANDAR,17:13:00,17:13:00,2,114000
12472,Jammu Tawi - Mumbai Bandra (T.) SF Swaraj Express,MIRA,MIRA ROAD,17:16:00,17:16:00,2,114001
12472,Jammu Tawi - Mumbai Bandra (T.) SF Swaraj Express,DIC,DAHISAR,17:19:00,17:19:00,2,114002
12202,KOCHUVELI - MUMBAI LTT Garib Rath Exp,PNVL,PANVEL,10:15:00,10:20:00,2,555528
11070,Tulsi Express,KYN,KALYAN JN,20:30:00,20:35:00,2,206839
19012,Gujarat Express,DDR,MUMBAI DADAR WEST,15:58:00,16:00:00,1,257471
12472,Jammu Tawi - Mumbai Bandra (T.) SF Swaraj Express,BVI,BORIVALI,17:21:00,17:23:00,2,114003
11094,VARANASI - MUMBAI CST Mahanagari Exp,KYN,KALYAN JN,12:55:00,13:00:00,2,534003
12164,DADAR - CHENNAI EGMORE SF Exp,KYN,KALYAN JN,05:04:00,05:05:00,2,405388
17032,Hyderabad-Mumbai Express,KYN,KALYAN JN,11:53:00,11:55:00,2,79613
59046,Valsad-Bandra Passenger,BDTS,MUMBAI BANDRA TERMINUS,21:10:00,None,1,84470
12106,Vidarbha Express,TNA,THANE,05:59:00,06:00:00,2,35234
16508,BANGALORE - BHAGAT KI KOTHI Exp,KYN,KALYAN JN,21:40:00,21:45:00,2,473057
12152,HOWRAH - MUMBAI LTT Samarsata SF Exp,LTT,LOKMANYA TILAK TERM,07:30:00,None,3,520296
11060,CHHAPRA - MUMBAI LTT Godan Exp,KYN,KALYAN JN,15:05:00,15:10:00,2,510533
11056,GORAKHPUR - MUMBAI LTT Exp,LTT,LOKMANYA TILAK TERM,16:05:00,None,2,517700
15267,RAXAUL - MUMBAI LTT Jan Sadharan Exp,LTT,LOKMANYA TILAK TERM,06:15:00,None,3,518262
51401,Pune Manmad Passenger(Via Daund),BAP,BELAPUR,07:08:00,07:10:00,1,15122
15612,Kamakhya-Mumbai LTT Karmabhoomi Express,KYN,KALYAN JN,22:10:00,22:15:00,3,159573
19012,Gujarat Express,EPR,Mumbai Elphinstone Road,16:09:00,16:09:00,1,257472
12202,KOCHUVELI - MUMBAI LTT Garib Rath Exp,KLMC,KALAMBOLI,10:28:00,10:28:00,2,555529
12472,Jammu Tawi - Mumbai Bandra (T.) SF Swaraj Express,KILE,KANDIVLI,17:29:00,17:29:00,2,114004
19012,Gujarat Express,PL,Mumbai Lower Parel,16:18:00,16:18:00,1,257473
12202,KOCHUVELI - MUMBAI LTT Garib Rath Exp,KLMG,KALAMBOLI GOODS,None,None,,555530
12472,Jammu Tawi - Mumbai Bandra (T.) SF Swaraj Express,MDD,MALAD,17:34:00,17:34:00,2,114005
12472,Jammu Tawi - Mumbai Bandra (T.) SF Swaraj Express,GMN,GOREGAON,17:39:00,17:39:00,2,114006
19012,Gujarat Express,MX,Mumbai Mahalakshmi,16:28:00,16:28:00,1,257474
12202,KOCHUVELI - MUMBAI LTT Garib Rath Exp,TPND,TALOJA PANCHAND,10:37:00,10:37:00,2,555532
12472,Jammu Tawi - Mumbai Bandra (T.) SF Swaraj Express,JOS,JOGESHWARI,17:46:00,17:46:00,2,114007
12472,Jammu Tawi - Mumbai Bandra (T.) SF Swaraj Express,ADH,ANDHERI,17:51:00,17:51:00,2,114008
12202,KOCHUVELI - MUMBAI LTT Garib Rath Exp,DTVL,DATIVLI,10:57:00,10:57:00,2,555534
12472,Jammu Tawi - Mumbai Bandra (T.) SF Swaraj Express,VLP,VILE PARLE,17:55:00,17:55:00,2,114009
12472,Jammu Tawi - Mumbai Bandra (T.) SF Swaraj Express,STC,SANTA CRUZ,18:00:00,18:00:00,2,114010
15612,Kamakhya-Mumbai LTT Karmabhoomi Express,TNA,THANE,22:48:00,22:48:00,3,159580
17032,Hyderabad-Mumbai Express,TNA,THANE,12:15:00,12:15:00,2,79620
12164,DADAR - CHENNAI EGMORE SF Exp,TNA,THANE,05:31:00,05:31:00,2,405395
12472,Jammu Tawi - Mumbai Bandra (T.) SF Swaraj Express,KHAR,KHAR,18:03:00,18:03:00,2,114011
12106,Vidarbha Express,LTT,LOKMANYA TILAK TERM,06:16:00,06:16:00,2,35242
12106,Vidarbha Express,SIN,MUMBAI SION,06:20:00,06:20:00,2,35244
12106,Vidarbha Express,MTN,MUMBAI MATUNGA,06:23:00,06:23:00,2,35245
17032,Hyderabad-Mumbai Express,LTT,LOKMANYA TILAK TERM,12:31:00,12:31:00,2,79628
12164,DADAR - CHENNAI EGMORE SF Exp,SIN,MUMBAI SION,05:56:00,05:56:00,2,405404
12164,DADAR - CHENNAI EGMORE SF Exp,MTN,MUMBAI MATUNGA,05:59:00,05:59:00,2,405405
17032,Hyderabad-Mumbai Express,SIN,MUMBAI SION,12:34:00,12:34:00,2,79630
17032,Hyderabad-Mumbai Express,MTN,MUMBAI MATUNGA,12:37:00,12:37:00,2,79631
16614,COIMBATORE - RAJKOT Exp,BSR,VASAI ROAD,06:10:00,06:15:00,3,504259
16506,BANGALORE - GANDHIDHAM Exp,BSR,VASAI ROAD,23:05:00,23:10:00,2,449516
59048,Surat Virar Passenger,VGN,VANGAON,21:52:00,21:53:00,1,387414
15612,Kamakhya-Mumbai LTT Karmabhoomi Express,LTT,LOKMANYA TILAK TERM,23:15:00,None,3,159588
17032,Hyderabad-Mumbai Express,DR,MUMBAI DADAR CENTRAL,12:38:00,12:40:00,2,79632
12520,KAMAKHYA - MUMBAI LTT AC Exp,KYN,KALYAN JN,None,None,,474344
51028,Pandharpur-Mumbai Fast Passenger,KYN,KALYAN JN,02:55:00,03:00:00,2,13315
12472,Jammu Tawi - Mumbai Bandra (T.) SF Swaraj Express,BDTS,MUMBAI BANDRA TERMINUS,18:05:00,None,2,114012
12106,Vidarbha Express,DR,MUMBAI DADAR CENTRAL,06:24:00,06:25:00,2,35246
16210,Mysore-Ajmer Express,KYN,KALYAN JN,21:40:00,21:45:00,2,270294
12860,HOWRAH - MUMBAI CST Gitanjali Exp,KYN,KALYAN JN,20:05:00,20:10:00,2,496031
14314,BAREILLY - MUMBAI LTT Weekly Exp,KYN,KALYAN JN,19:00:00,19:05:00,2,432027
12164,DADAR - CHENNAI EGMORE SF Exp,DR,MUMBAI DADAR CENTRAL,06:00:00,None,2,405406
11060,CHHAPRA - MUMBAI LTT Godan Exp,TNA,THANE,15:23:00,15:25:00,2,510541
11044,MADURAI - MUMBAI LTT Exp,KYN,KALYAN JN,04:49:00,04:50:00,3,469865
12202,KOCHUVELI - MUMBAI LTT Garib Rath Exp,TNA,THANE,11:14:00,11:15:00,2,555536
11094,VARANASI - MUMBAI CST Mahanagari Exp,TNA,THANE,13:18:00,13:20:00,2,534008
11070,Tulsi Express,TNA,THANE,20:58:00,21:00:00,2,206846
19012,Gujarat Express,BCT,Mumbai Central,16:30:00,None,1,257475
12106,Vidarbha Express,PR,MUMBAI PAREL,06:28:00,06:28:00,2,35247
17032,Hyderabad-Mumbai Express,PR,MUMBAI PAREL,12:43:00,12:43:00,2,79633
12106,Vidarbha Express,CRD,MUMBAI CURREY ROAD,06:33:00,06:33:00,2,35248
16506,BANGALORE - GANDHIDHAM Exp,VR,VIRAR,23:20:00,23:20:00,2,449518
17032,Hyderabad-Mumbai Express,CRD,MUMBAI CURREY ROAD,12:48:00,12:48:00,2,79634
16614,COIMBATORE - RAJKOT Exp,VR,VIRAR,06:23:00,06:23:00,3,504261
16614,COIMBATORE - RAJKOT Exp,VTN,VAITARNA,06:32:00,06:32:00,3,504262
12106,Vidarbha Express,CHG,MUMBAI CHINCHPOKLI,06:35:00,06:35:00,2,35249
17032,Hyderabad-Mumbai Express,CHG,MUMBAI CHINCHPOKLI,12:50:00,12:50:00,2,79635
16506,BANGALORE - GANDHIDHAM Exp,VTN,VAITARNA,23:29:00,23:29:00,2,449519
16506,BANGALORE - GANDHIDHAM Exp,SAH,SAPHALE,23:38:00,23:38:00,2,449520
16614,COIMBATORE - RAJKOT Exp,SAH,SAPHALE,06:40:00,06:40:00,3,504263
17032,Hyderabad-Mumbai Express,BY,BYCULLA,12:53:00,12:53:00,2,79636
12106,Vidarbha Express,BY,BYCULLA,06:38:00,06:38:00,2,35250
12106,Vidarbha Express,SNRD,MUMBAI SANDHURST ROAD,06:43:00,06:43:00,2,35251
17032,Hyderabad-Mumbai Express,SNRD,MUMBAI SANDHURST ROAD,12:58:00,12:58:00,2,79637
16506,BANGALORE - GANDHIDHAM Exp,KLV,KELVA ROAD,23:45:00,23:45:00,2,449521
16614,COIMBATORE - RAJKOT Exp,KLV,KELVA ROAD,06:46:00,06:46:00,3,504264
12106,Vidarbha Express,MSD,BOMBAY MASJID,06:47:00,06:47:00,2,35252
17032,Hyderabad-Mumbai Express,MSD,BOMBAY MASJID,13:02:00,13:02:00,2,79638
12860,HOWRAH - MUMBAI CST Gitanjali Exp,TNA,THANE,20:30:00,20:30:00,2,496038
11094,VARANASI - MUMBAI CST Mahanagari Exp,SIN,MUMBAI SION,13:44:00,13:44:00,2,534017
16506,BANGALORE - GANDHIDHAM Exp,VGN,VANGAON,00:18:00,00:18:00,3,449525
16614,COIMBATORE - RAJKOT Exp,VGN,VANGAON,07:15:00,07:15:00,3,504268
11094,VARANASI - MUMBAI CST Mahanagari Exp,MTN,MUMBAI MATUNGA,13:47:00,13:47:00,2,534018
12860,HOWRAH - MUMBAI CST Gitanjali Exp,SIN,MUMBAI SION,20:51:00,20:51:00,2,496047
12860,HOWRAH - MUMBAI CST Gitanjali Exp,MTN,MUMBAI MATUNGA,20:53:00,20:53:00,2,496048
09715,Jaipur Solapur (Weekly) Special,BAP,BELAPUR,20:10:00,20:12:00,2,2806
51028,Pandharpur-Mumbai Fast Passenger,TNA,THANE,03:18:00,03:20:00,2,13322
11018,Chalukya Express,KYN,KALYAN JN,04:54:00,04:55:00,2,329558
12202,KOCHUVELI - MUMBAI LTT Garib Rath Exp,LTT,LOKMANYA TILAK TERM,11:45:00,None,2,555544
16312,KOCHUVELI - BIKANER Express,PNVL,PANVEL,21:20:00,21:25:00,2,512724
11060,CHHAPRA - MUMBAI LTT Godan Exp,LTT,LOKMANYA TILAK TERM,16:05:00,None,2,510549
11070,Tulsi Express,LTT,LOKMANYA TILAK TERM,21:40:00,None,2,206854
59038,Surat Virar Passenger,VGN,VANGAON,09:01:00,09:02:00,1,299946
12520,KAMAKHYA - MUMBAI LTT AC Exp,TNA,THANE,None,None,,474351
11044,MADURAI - MUMBAI LTT Exp,TNA,THANE,05:03:00,05:05:00,3,469870
12860,HOWRAH - MUMBAI CST Gitanjali Exp,DR,MUMBAI DADAR CENTRAL,20:54:00,20:55:00,2,496049
51033,Mumbai Sainagar Shirdi Fast Pass(Via Daund),BAP,BELAPUR,09:18:00,09:20:00,2,13623
14314,BAREILLY - MUMBAI LTT Weekly Exp,TNA,THANE,19:23:00,19:25:00,2,432032
17032,Hyderabad-Mumbai Express,CSTM,MUMBAI CST,13:05:00,None,2,79639
11094,VARANASI - MUMBAI CST Mahanagari Exp,DR,MUMBAI DADAR CENTRAL,13:48:00,13:50:00,2,534019
11036,Mysore-Dadar Sharavati Express,KYN,KALYAN JN,04:54:00,04:55:00,2,65603
16508,BANGALORE - BHAGAT KI KOTHI Exp,BSR,VASAI ROAD,23:05:00,23:10:00,2,473066
12106,Vidarbha Express,CSTM,MUMBAI CST,06:50:00,None,2,35253
12860,HOWRAH - MUMBAI CST Gitanjali Exp,PR,MUMBAI PAREL,20:58:00,20:58:00,2,496050
16312,KOCHUVELI - BIKANER Express,KLMC,KALAMBOLI,21:31:00,21:31:00,2,512725
11094,VARANASI - MUMBAI CST Mahanagari Exp,PR,MUMBAI PAREL,13:53:00,13:53:00,2,534020
16508,BANGALORE - BHAGAT KI KOTHI Exp,VR,VIRAR,23:18:00,23:18:00,2,473068
12860,HOWRAH - MUMBAI CST Gitanjali Exp,CRD,MUMBAI CURREY ROAD,21:03:00,21:03:00,2,496051
16312,KOCHUVELI - BIKANER Express,KLMG,KALAMBOLI GOODS,None,None,,512726
11094,VARANASI - MUMBAI CST Mahanagari Exp,CRD,MUMBAI CURREY ROAD,13:58:00,13:58:00,2,534021
12860,HOWRAH - MUMBAI CST Gitanjali Exp,CHG,MUMBAI CHINCHPOKLI,21:05:00,21:05:00,2,496052
11094,VARANASI - MUMBAI CST Mahanagari Exp,CHG,MUMBAI CHINCHPOKLI,14:00:00,14:00:00,2,534022
16508,BANGALORE - BHAGAT KI KOTHI Exp,VTN,VAITARNA,23:25:00,23:25:00,2,473069
12860,HOWRAH - MUMBAI CST Gitanjali Exp,BY,BYCULLA,21:08:00,21:08:00,2,496053
11094,VARANASI - MUMBAI CST Mahanagari Exp,BY,BYCULLA,14:03:00,14:03:00,2,534023
16312,KOCHUVELI - BIKANER Express,TPND,TALOJA PANCHAND,21:38:00,21:38:00,2,512728
16508,BANGALORE - BHAGAT KI KOTHI Exp,SAH,SAPHALE,23:32:00,23:32:00,2,473070
16508,BANGALORE - BHAGAT KI KOTHI Exp,KLV,KELVA ROAD,23:38:00,23:38:00,2,473071
12860,HOWRAH - MUMBAI CST Gitanjali Exp,SNRD,MUMBAI SANDHURST ROAD,21:14:00,21:14:00,2,496054
11094,VARANASI - MUMBAI CST Mahanagari Exp,SNRD,MUMBAI SANDHURST ROAD,14:09:00,14:09:00,2,534024
11094,VARANASI - MUMBAI CST Mahanagari Exp,MSD,BOMBAY MASJID,14:12:00,14:12:00,2,534025
12860,HOWRAH - MUMBAI CST Gitanjali Exp,MSD,BOMBAY MASJID,21:17:00,21:17:00,2,496055
16312,KOCHUVELI - BIKANER Express,DTVL,DATIVLI,21:53:00,21:53:00,2,512730
11018,Chalukya Express,TNA,THANE,05:20:00,05:20:00,2,329565
11036,Mysore-Dadar Sharavati Express,TNA,THANE,05:20:00,05:20:00,2,65610
51028,Pandharpur-Mumbai Fast Passenger,LTT,LOKMANYA TILAK TERM,03:39:00,03:39:00,2,13330
16508,BANGALORE - BHAGAT KI KOTHI Exp,VGN,VANGAON,00:04:00,00:04:00,3,473075
51028,Pandharpur-Mumbai Fast Passenger,SIN,MUMBAI SION,03:44:00,03:44:00,2,13332
51028,Pandharpur-Mumbai Fast Passenger,MTN,MUMBAI MATUNGA,03:47:00,03:47:00,2,13333
11018,Chalukya Express,LTT,LOKMANYA TILAK TERM,05:40:00,05:40:00,2,329573
11036,Mysore-Dadar Sharavati Express,LTT,LOKMANYA TILAK TERM,05:40:00,05:40:00,2,65618
11036,Mysore-Dadar Sharavati Express,SIN,MUMBAI SION,05:44:00,05:44:00,2,65620
11018,Chalukya Express,SIN,MUMBAI SION,05:45:00,05:45:00,2,329575
11018,Chalukya Express,MTN,MUMBAI MATUNGA,05:48:00,05:48:00,2,329576
11036,Mysore-Dadar Sharavati Express,MTN,MUMBAI MATUNGA,05:48:00,05:48:00,2,65621
12860,HOWRAH - MUMBAI CST Gitanjali Exp,CSTM,MUMBAI CST,21:20:00,None,2,496056
11094,VARANASI - MUMBAI CST Mahanagari Exp,CSTM,MUMBAI CST,14:15:00,None,2,534026
11036,Mysore-Dadar Sharavati Express,DR,MUMBAI DADAR CENTRAL,05:50:00,None,2,65622
14314,BAREILLY - MUMBAI LTT Weekly Exp,LTT,LOKMANYA TILAK TERM,20:00:00,None,2,432040
12520,KAMAKHYA - MUMBAI LTT AC Exp,LTT,LOKMANYA TILAK TERM,None,None,,474359
11044,MADURAI - MUMBAI LTT Exp,LTT,LOKMANYA TILAK TERM,05:45:00,None,3,469878
12146,PURI - MUMBAI LTT SF Exp,KYN,KALYAN JN,06:25:00,06:30:00,3,410654
51028,Pandharpur-Mumbai Fast Passenger,DR,MUMBAI DADAR CENTRAL,03:48:00,03:50:00,2,13334
17058,Devagiri Express,KYN,KALYAN JN,05:55:00,06:00:00,2,313559
51421,Pune-Nizamabad Pass,BAP,BELAPUR,19:59:00,20:00:00,1,15497
11018,Chalukya Express,DR,MUMBAI DADAR CENTRAL,05:50:00,None,2,329577
16210,Mysore-Ajmer Express,BSR,VASAI ROAD,23:05:00,23:10:00,2,270302
19567,TUTICORIN - OKHA Exp,KYN,KALYAN JN,07:47:00,07:50:00,2,508710
12130,HOWRAH - PUNE Azad Hind SF Exp,BAP,BELAPUR,02:19:00,02:20:00,3,498780
16312,KOCHUVELI - BIKANER Express,BSR,VASAI ROAD,22:45:00,22:50:00,2,512738
51028,Pandharpur-Mumbai Fast Passenger,PR,MUMBAI PAREL,03:52:00,03:52:00,2,13335
19018,Saurashtra Janata Express,VGN,VANGAON,03:30:00,03:30:00,2,328693
51028,Pandharpur-Mumbai Fast Passenger,CRD,MUMBAI CURREY ROAD,03:56:00,03:56:00,2,13336
16210,Mysore-Ajmer Express,VR,VIRAR,23:18:00,23:18:00,2,270304
16312,KOCHUVELI - BIKANER Express,VR,VIRAR,22:58:00,22:58:00,2,512740
51028,Pandharpur-Mumbai Fast Passenger,CHG,MUMBAI CHINCHPOKLI,03:58:00,03:58:00,2,13337
16210,Mysore-Ajmer Express,VTN,VAITARNA,23:25:00,23:25:00,2,270305
16312,KOCHUVELI - BIKANER Express,VTN,VAITARNA,23:07:00,23:07:00,2,512741
16312,KOCHUVELI - BIKANER Express,SAH,SAPHALE,23:15:00,23:15:00,2,512742
51028,Pandharpur-Mumbai Fast Passenger,BY,BYCULLA,04:01:00,04:01:00,2,13338
16210,Mysore-Ajmer Express,SAH,SAPHALE,23:32:00,23:32:00,2,270306
12146,PURI - MUMBAI LTT SF Exp,TNA,THANE,07:03:00,07:03:00,3,410659
16210,Mysore-Ajmer Express,KLV,KELVA ROAD,23:38:00,23:38:00,2,270307
51028,Pandharpur-Mumbai Fast Passenger,SNRD,MUMBAI SANDHURST ROAD,04:05:00,04:05:00,2,13339
16312,KOCHUVELI - BIKANER Express,KLV,KELVA ROAD,23:21:00,23:21:00,2,512743
51028,Pandharpur-Mumbai Fast Passenger,MSD,BOMBAY MASJID,04:07:00,04:07:00,2,13340
16210,Mysore-Ajmer Express,VGN,VANGAON,00:04:00,00:04:00,3,270311
04727,Bikaner-Mumbai BandraT SF Special,VGN,VANGAON,11:14:00,11:14:00,2,3934
04727,Bikaner-Mumbai BandraT SF Special,KLV,KELVA ROAD,11:36:00,11:36:00,2,3938
04727,Bikaner-Mumbai BandraT SF Special,SAH,SAPHALE,11:41:00,11:41:00,2,3939
04727,Bikaner-Mumbai BandraT SF Special,VTN,VAITARNA,11:47:00,11:47:00,2,3940
04727,Bikaner-Mumbai BandraT SF Special,VR,VIRAR,11:54:00,11:54:00,2,3941
04727,Bikaner-Mumbai BandraT SF Special,BSR,VASAI ROAD,12:00:00,12:00:00,2,3943
04727,Bikaner-Mumbai BandraT SF Special,BYR,BHAYANDAR,12:07:00,12:07:00,2,3945
04727,Bikaner-Mumbai BandraT SF Special,MIRA,MIRA ROAD,12:09:00,12:09:00,2,3946
04727,Bikaner-Mumbai BandraT SF Special,DIC,DAHISAR,12:12:00,12:12:00,2,3947
12146,PURI - MUMBAI LTT SF Exp,LTT,LOKMANYA TILAK TERM,07:30:00,None,3,410667
51028,Pandharpur-Mumbai Fast Passenger,CSTM,MUMBAI CST,04:10:00,None,2,13341
19567,TUTICORIN - OKHA Exp,BSR,VASAI ROAD,09:05:00,09:10:00,2,508719
51034,Sainagar Shirdi-Mumbai Fast Passenger(Via Daund),KYN,KALYAN JN,02:55:00,03:00:00,2,13683
59048,Surat Virar Passenger,KLV,KELVA ROAD,22:26:00,22:27:00,1,387418
11034,DARBHANGA - PUNE Gyan Ganga Exp,BAP,BELAPUR,03:09:00,03:10:00,3,541241
04727,Bikaner-Mumbai BandraT SF Special,BVI,BORIVALI,12:13:00,12:16:00,2,3948
17058,Devagiri Express,TNA,THANE,06:18:00,06:20:00,2,313566
19018,Saurashtra Janata Express,KLV,KELVA ROAD,03:59:00,03:59:00,2,328697
19116,BHUJ - MUMBAI BANDRA Sayaji Nagari Exp,VGN,VANGAON,12:06:00,12:06:00,2,486234
16312,KOCHUVELI - BIKANER Express,VGN,VANGAON,23:50:00,23:50:00,2,512747
04727,Bikaner-Mumbai BandraT SF Special,KILE,KANDIVLI,12:22:00,12:22:00,2,3949
04727,Bikaner-Mumbai BandraT SF Special,MDD,MALAD,12:26:00,12:26:00,2,3950
19567,TUTICORIN - OKHA Exp,VR,VIRAR,09:16:00,09:16:00,2,508721
19018,Saurashtra Janata Express,SAH,SAPHALE,04:07:00,04:07:00,2,328698
04727,Bikaner-Mumbai BandraT SF Special,GMN,GOREGAON,12:31:00,12:31:00,2,3951
19018,Saurashtra Janata Express,VTN,VAITARNA,04:16:00,04:16:00,2,328699
19567,TUTICORIN - OKHA Exp,VTN,VAITARNA,09:23:00,09:23:00,2,508722
04727,Bikaner-Mumbai BandraT SF Special,JOS,JOGESHWARI,12:37:00,12:37:00,2,3952
19567,TUTICORIN - OKHA Exp,SAH,SAPHALE,09:29:00,09:29:00,2,508723
19567,TUTICORIN - OKHA Exp,KLV,KELVA ROAD,09:33:00,09:33:00,2,508724
19116,BHUJ - MUMBAI BANDRA Sayaji Nagari Exp,KLV,KELVA ROAD,12:33:00,12:33:00,2,486238
04727,Bikaner-Mumbai BandraT SF Special,ADH,ANDHERI,12:42:00,12:42:00,2,3953
04727,Bikaner-Mumbai BandraT SF Special,VLP,VILE PARLE,12:46:00,12:46:00,2,3954
19116,BHUJ - MUMBAI BANDRA Sayaji Nagari Exp,SAH,SAPHALE,12:39:00,12:39:00,2,486239
04727,Bikaner-Mumbai BandraT SF Special,STC,SANTA CRUZ,12:50:00,12:50:00,2,3955
19116,BHUJ - MUMBAI BANDRA Sayaji Nagari Exp,VTN,VAITARNA,12:46:00,12:46:00,2,486240
04727,Bikaner-Mumbai BandraT SF Special,KHAR,KHAR,12:53:00,12:53:00,2,3956
19116,BHUJ - MUMBAI BANDRA Sayaji Nagari Exp,VR,VIRAR,12:54:00,12:54:00,2,486241
17058,Devagiri Express,LTT,LOKMANYA TILAK TERM,06:36:00,06:36:00,2,313574
19006,Saurashtra Mail,VGN,VANGAON,04:55:00,04:55:00,2,206982
19567,TUTICORIN - OKHA Exp,VGN,VANGAON,09:55:00,09:55:00,2,508728
17058,Devagiri Express,SIN,MUMBAI SION,06:40:00,06:40:00,2,313576
19116,BHUJ - MUMBAI BANDRA Sayaji Nagari Exp,BSR,VASAI ROAD,13:02:00,13:02:00,2,486243
17058,Devagiri Express,MTN,MUMBAI MATUNGA,06:42:00,06:42:00,2,313577
19116,BHUJ - MUMBAI BANDRA Sayaji Nagari Exp,BYR,BHAYANDAR,13:09:00,13:09:00,2,486245
19116,BHUJ - MUMBAI BANDRA Sayaji Nagari Exp,MIRA,MIRA ROAD,13:12:00,13:12:00,2,486246
19116,BHUJ - MUMBAI BANDRA Sayaji Nagari Exp,DIC,DAHISAR,13:16:00,13:16:00,2,486247
19116,BHUJ - MUMBAI BANDRA Sayaji Nagari Exp,BVI,BORIVALI,13:16:00,13:18:00,2,486248
18609,RANCHI - MUMBAI LTT Exp,KYN,KALYAN JN,10:55:00,11:00:00,3,536552
11024,Sahyadri Express,KYN,KALYAN JN,10:35:00,10:40:00,2,287451
59048,Surat Virar Passenger,SAH,SAPHALE,22:33:00,22:34:00,1,387419
50104,Ratnagiri Dadar Passenger,PNVL,PANVEL,12:15:00,12:20:00,1,13048
51034,Sainagar Shirdi-Mumbai Fast Passenger(Via Daund),TNA,THANE,03:18:00,03:20:00,2,13690
59038,Surat Virar Passenger,KLV,KELVA ROAD,09:31:00,09:32:00,1,299950
19018,Saurashtra Janata Express,VR,VIRAR,04:25:00,04:27:00,2,328700
17058,Devagiri Express,DR,MUMBAI DADAR CENTRAL,06:44:00,06:45:00,2,313578
04727,Bikaner-Mumbai BandraT SF Special,BDTS,MUMBAI BANDRA TERMINUS,12:55:00,None,2,3957
19006,Saurashtra Mail,KLV,KELVA ROAD,05:20:00,05:20:00,2,206986
17058,Devagiri Express,PR,MUMBAI PAREL,06:48:00,06:48:00,2,313579
19116,BHUJ - MUMBAI BANDRA Sayaji Nagari Exp,KILE,KANDIVLI,13:23:00,13:23:00,2,486249
19006,Saurashtra Mail,SAH,SAPHALE,05:27:00,05:27:00,2,206987
19018,Saurashtra Janata Express,BSR,VASAI ROAD,04:36:00,04:36:00,2,328702
17058,Devagiri Express,CRD,MUMBAI CURREY ROAD,06:54:00,06:54:00,2,313580
19116,BHUJ - MUMBAI BANDRA Sayaji Nagari Exp,MDD,MALAD,13:27:00,13:27:00,2,486250
19006,Saurashtra Mail,VTN,VAITARNA,05:35:00,05:35:00,2,206988
17058,Devagiri Express,CHG,MUMBAI CHINCHPOKLI,06:56:00,06:56:00,2,313581
19116,BHUJ - MUMBAI BANDRA Sayaji Nagari Exp,GMN,GOREGAON,13:32:00,13:32:00,2,486251
19018,Saurashtra Janata Express,BYR,BHAYANDAR,04:45:00,04:45:00,2,328704
19006,Saurashtra Mail,VR,VIRAR,05:43:00,05:43:00,2,206989
17058,Devagiri Express,BY,BYCULLA,07:00:00,07:00:00,2,313582
18609,RANCHI - MUMBAI LTT Exp,TNA,THANE,11:35:00,11:35:00,3,536557
19116,BHUJ - MUMBAI BANDRA Sayaji Nagari Exp,JOS,JOGESHWARI,13:38:00,13:38:00,2,486253
19018,Saurashtra Janata Express,MIRA,MIRA ROAD,04:48:00,04:48:00,2,328705
17058,Devagiri Express,SNRD,MUMBAI SANDHURST ROAD,07:06:00,07:06:00,2,313583
19116,BHUJ - MUMBAI BANDRA Sayaji Nagari Exp,ADH,ANDHERI,13:43:00,13:43:00,2,486254
19018,Saurashtra Janata Express,DIC,DAHISAR,04:52:00,04:52:00,2,328706
17058,Devagiri Express,MSD,BOMBAY MASJID,07:09:00,07:09:00,2,313584
19006,Saurashtra Mail,BSR,VASAI ROAD,05:52:00,05:52:00,2,206991
19116,BHUJ - MUMBAI BANDRA Sayaji Nagari Exp,VLP,VILE PARLE,13:47:00,13:47:00,2,486255
51034,Sainagar Shirdi-Mumbai Fast Passenger(Via Daund),LTT,LOKMANYA TILAK TERM,03:39:00,03:39:00,2,13698
59460,Veraval Mumbai Central Passenger Express,VGN,VANGAON,04:54:00,04:54:00,2,52556
19116,BHUJ - MUMBAI BANDRA Sayaji Nagari Exp,STC,SANTA CRUZ,13:50:00,13:50:00,2,486256
19006,Saurashtra Mail,BYR,BHAYANDAR,06:00:00,06:00:00,2,206993
19116,BHUJ - MUMBAI BANDRA Sayaji Nagari Exp,KHAR,KHAR,13:53:00,13:53:00,2,486257
19006,Saurashtra Mail,MIRA,MIRA ROAD,06:04:00,06:04:00,2,206994
51034,Sainagar Shirdi-Mumbai Fast Passenger(Via Daund),SIN,MUMBAI SION,03:44:00,03:44:00,2,13700
19006,Saurashtra Mail,DIC,DAHISAR,06:07:00,06:07:00,2,206995
51034,Sainagar Shirdi-Mumbai Fast Passenger(Via Daund),MTN,MUMBAI MATUNGA,03:47:00,03:47:00,2,13701
59048,Surat Virar Passenger,VTN,VAITARNA,22:47:00,22:48:00,1,387420
19018,Saurashtra Janata Express,BVI,BORIVALI,04:54:00,04:56:00,2,328707
11402,Nandigram Express,KYN,KALYAN JN,04:15:00,04:20:00,2,267849
19006,Saurashtra Mail,BVI,BORIVALI,06:09:00,06:11:00,2,206996
51034,Sainagar Shirdi-Mumbai Fast Passenger(Via Daund),DR,MUMBAI DADAR CENTRAL,03:48:00,03:50:00,2,13702
50104,Ratnagiri Dadar Passenger,KLMC,KALAMBOLI,12:26:00,12:27:00,1,13049
19116,BHUJ - MUMBAI BANDRA Sayaji Nagari Exp,BDTS,MUMBAI BANDRA TERMINUS,13:55:00,None,2,486258
18609,RANCHI - MUMBAI LTT Exp,LTT,LOKMANYA TILAK TERM,12:05:00,None,3,536565
17058,Devagiri Express,CSTM,MUMBAI CST,07:10:00,None,2,313585
11024,Sahyadri Express,TNA,THANE,10:58:00,11:00:00,2,287458
19259,KOCHUVELI - BHAVNAGAR Exp,PNVL,PANVEL,21:20:00,21:25:00,2,544354
59038,Surat Virar Passenger,SAH,SAPHALE,09:38:00,09:39:00,1,299951
19018,Saurashtra Janata Express,KILE,KANDIVLI,05:00:00,05:00:00,2,328708
51034,Sainagar Shirdi-Mumbai Fast Passenger(Via Daund),PR,MUMBAI PAREL,03:52:00,03:52:00,2,13703
19006,Saurashtra Mail,KILE,KANDIVLI,06:15:00,06:15:00,2,206997
19259,KOCHUVELI - BHAVNAGAR Exp,KLMC,KALAMBOLI,21:31:00,21:31:00,2,544355
59460,Veraval Mumbai Central Passenger Express,KLV,KELVA ROAD,05:20:00,05:20:00,2,52560
19006,Saurashtra Mail,MDD,MALAD,06:17:00,06:17:00,2,206998
19018,Saurashtra Janata Express,MDD,MALAD,05:04:00,05:04:00,2,328709
19259,KOCHUVELI - BHAVNAGAR Exp,KLMG,KALAMBOLI GOODS,None,None,,544356
59460,Veraval Mumbai Central Passenger Express,SAH,SAPHALE,05:27:00,05:27:00,2,52561
51034,Sainagar Shirdi-Mumbai Fast Passenger(Via Daund),CRD,MUMBAI CURREY ROAD,03:56:00,03:56:00,2,13704
19018,Saurashtra Janata Express,GMN,GOREGAON,05:08:00,05:08:00,2,328710
19006,Saurashtra Mail,GMN,GOREGAON,06:21:00,06:21:00,2,206999
51034,Sainagar Shirdi-Mumbai Fast Passenger(Via Daund),CHG,MUMBAI CHINCHPOKLI,03:58:00,03:58:00,2,13705
59460,Veraval Mumbai Central Passenger Express,VTN,VAITARNA,05:35:00,05:35:00,2,52562
59460,Veraval Mumbai Central Passenger Express,VR,VIRAR,05:43:00,05:43:00,2,52563
19018,Saurashtra Janata Express,JOS,JOGESHWARI,05:13:00,05:13:00,2,328711
19006,Saurashtra Mail,JOS,JOGESHWARI,06:25:00,06:25:00,2,207000
51034,Sainagar Shirdi-Mumbai Fast Passenger(Via Daund),BY,BYCULLA,04:01:00,04:01:00,2,13706
19259,KOCHUVELI - BHAVNAGAR Exp,TPND,TALOJA PANCHAND,21:38:00,21:38:00,2,544358
51034,Sainagar Shirdi-Mumbai Fast Passenger(Via Daund),SNRD,MUMBAI SANDHURST ROAD,04:05:00,04:05:00,2,13707
19006,Saurashtra Mail,ADH,ANDHERI,06:28:00,06:28:00,2,207001
59460,Veraval Mumbai Central Passenger Express,BSR,VASAI ROAD,05:52:00,05:52:00,2,52565
19259,KOCHUVELI - BHAVNAGAR Exp,DTVL,DATIVLI,21:53:00,21:53:00,2,544360
19006,Saurashtra Mail,VLP,VILE PARLE,06:31:00,06:31:00,2,207002
51034,Sainagar Shirdi-Mumbai Fast Passenger(Via Daund),MSD,BOMBAY MASJID,04:07:00,04:07:00,2,13708
19006,Saurashtra Mail,STC,SANTA CRUZ,06:33:00,06:33:00,2,207003
11024,Sahyadri Express,LTT,LOKMANYA TILAK TERM,11:19:00,11:19:00,2,287466
19006,Saurashtra Mail,KHAR,KHAR,06:35:00,06:35:00,2,207004
59460,Veraval Mumbai Central Passenger Express,BYR,BHAYANDAR,06:00:00,06:00:00,2,52567
19006,Saurashtra Mail,BDTS,MUMBAI BANDRA TERMINUS,06:36:00,06:36:00,2,207005
59460,Veraval Mumbai Central Passenger Express,MIRA,MIRA ROAD,06:03:00,06:03:00,2,52568
59460,Veraval Mumbai Central Passenger Express,DIC,DAHISAR,06:07:00,06:07:00,2,52569
11024,Sahyadri Express,SIN,MUMBAI SION,11:24:00,11:24:00,2,287468
19006,Saurashtra Mail,BA,BANDRA,06:37:00,06:37:00,2,207006
19006,Saurashtra Mail,MM,MUMBAI MAHIM JN,06:40:00,06:40:00,2,207007
11024,Sahyadri Express,MTN,MUMBAI MATUNGA,11:27:00,11:27:00,2,287469
19006,Saurashtra Mail,MRU,MUMBAI MATUNGA ROAD,06:41:00,06:41:00,2,207008
12617,ERNAKULAM - NEW DELHI H NIZAMUDDIN Mangala Lakshadweep Exp,PNVL,PANVEL,12:55:00,13:00:00,2,552479
59048,Surat Virar Passenger,VR,VIRAR,23:10:00,None,1,387421
11039,Maharashtra Express,BAP,BELAPUR,03:48:00,03:50:00,2,181263
11402,Nandigram Express,TNA,THANE,04:43:00,04:45:00,2,267856
11024,Sahyadri Express,DR,MUMBAI DADAR CENTRAL,11:28:00,11:30:00,2,287470
19006,Saurashtra Mail,DDR,MUMBAI DADAR WEST,06:43:00,06:45:00,2,207009
59038,Surat Virar Passenger,VTN,VAITARNA,09:47:00,09:48:00,1,299952
19018,Saurashtra Janata Express,ADH,ANDHERI,05:17:00,05:19:00,2,328712
11039-Slip,Kolhapur-Gorakhpur Express Slip,BAP,BELAPUR,03:48:00,03:50:00,2,30284
19259,KOCHUVELI - BHAVNAGAR Exp,BSR,VASAI ROAD,22:45:00,22:50:00,2,544366
12140,Sevagram Express,KYN,KALYAN JN,10:40:00,10:45:00,2,48804
59460,Veraval Mumbai Central Passenger Express,BVI,BORIVALI,06:09:00,06:11:00,2,52570
51034,Sainagar Shirdi-Mumbai Fast Passenger(Via Daund),CSTM,MUMBAI CST,04:10:00,None,2,13709
11030,Koyna Express,KYN,KALYAN JN,18:53:00,18:55:00,1,32091
12617,ERNAKULAM - NEW DELHI H NIZAMUDDIN Mangala Lakshadweep Exp,KLMC,KALAMBOLI,13:07:00,13:07:00,2,552480
19006,Saurashtra Mail,EPR,Mumbai Elphinstone Road,07:02:00,07:02:00,2,207010
19018,Saurashtra Janata Express,VLP,VILE PARLE,05:28:00,05:28:00,2,328713
11024,Sahyadri Express,PR,MUMBAI PAREL,11:33:00,11:33:00,2,287471
59460,Veraval Mumbai Central Passenger Express,KILE,KANDIVLI,06:15:00,06:15:00,2,52571
19018,Saurashtra Janata Express,STC,SANTA CRUZ,05:36:00,05:36:00,2,328714
19006,Saurashtra Mail,PL,Mumbai Lower Parel,07:19:00,07:19:00,2,207011
11024,Sahyadri Express,CRD,MUMBAI CURREY ROAD,11:38:00,11:38:00,2,287472
19259,KOCHUVELI - BHAVNAGAR Exp,VR,VIRAR,22:59:00,22:59:00,2,544368
59460,Veraval Mumbai Central Passenger Express,MDD,MALAD,06:17:00,06:17:00,2,52572
59460,Veraval Mumbai Central Passenger Express,GMN,GOREGAON,06:21:00,06:21:00,2,52573
11024,Sahyadri Express,CHG,MUMBAI CHINCHPOKLI,11:40:00,11:40:00,2,287473
19006,Saurashtra Mail,MX,Mumbai Mahalakshmi,07:36:00,07:36:00,2,207012
19018,Saurashtra Janata Express,KHAR,KHAR,05:42:00,05:42:00,2,328715
12617,ERNAKULAM - NEW DELHI H NIZAMUDDIN Mangala Lakshadweep Exp,TPND,TALOJA PANCHAND,13:14:00,13:14:00,2,552482
19259,KOCHUVELI - BHAVNAGAR Exp,VTN,VAITARNA,23:09:00,23:09:00,2,544369
11024,Sahyadri Express,BY,BYCULLA,11:43:00,11:43:00,2,287474
59460,Veraval Mumbai Central Passenger Express,JOS,JOGESHWARI,06:25:00,06:25:00,2,52574
19259,KOCHUVELI - BHAVNAGAR Exp,SAH,SAPHALE,23:17:00,23:17:00,2,544370
12617,ERNAKULAM - NEW DELHI H NIZAMUDDIN Mangala Lakshadweep Exp,DTVL,DATIVLI,13:30:00,13:30:00,2,552484
59460,Veraval Mumbai Central Passenger Express,ADH,ANDHERI,06:28:00,06:28:00,2,52575
11024,Sahyadri Express,SNRD,MUMBAI SANDHURST ROAD,11:49:00,11:49:00,2,287475
19259,KOCHUVELI - BHAVNAGAR Exp,KLV,KELVA ROAD,23:24:00,23:24:00,2,544371
11024,Sahyadri Express,MSD,BOMBAY MASJID,11:52:00,11:52:00,2,287476
59460,Veraval Mumbai Central Passenger Express,VLP,VILE PARLE,06:30:00,06:30:00,2,52576
59460,Veraval Mumbai Central Passenger Express,STC,SANTA CRUZ,06:33:00,06:33:00,2,52577
11402,Nandigram Express,LTT,LOKMANYA TILAK TERM,05:04:00,05:04:00,2,267864
14707,BIKANER - MUMBAI BANDRA Ranakpur Exp,VGN,VANGAON,08:47:00,08:47:00,2,531880
59460,Veraval Mumbai Central Passenger Express,KHAR,KHAR,06:35:00,06:35:00,2,52578
59460,Veraval Mumbai Central Passenger Express,BDTS,MUMBAI BANDRA TERMINUS,06:36:00,06:36:00,2,52579
19259,KOCHUVELI - BHAVNAGAR Exp,VGN,VANGAON,23:57:00,23:57:00,2,544375
11402,Nandigram Express,SIN,MUMBAI SION,05:09:00,05:09:00,2,267866
59460,Veraval Mumbai Central Passenger Express,BA,BANDRA,06:37:00,06:37:00,2,52580
11402,Nandigram Express,MTN,MUMBAI MATUNGA,05:12:00,05:12:00,2,267867
59460,Veraval Mumbai Central Passenger Express,MM,MUMBAI MAHIM JN,06:39:00,06:39:00,2,52581
59460,Veraval Mumbai Central Passenger Express,MRU,MUMBAI MATUNGA ROAD,06:41:00,06:41:00,2,52582
11030,Koyna Express,TNA,THANE,19:18:00,19:20:00,1,32098
51030,Bijapur Mumbai Fast Passenger,KYN,KALYAN JN,02:55:00,03:00:00,2,13517
16530,Udyan Express,KYN,KALYAN JN,18:39:00,18:40:00,2,209984
11024,Sahyadri Express,CSTM,MUMBAI CST,11:55:00,None,2,287477
12140,Sevagram Express,TNA,THANE,11:08:00,11:10:00,2,48811
19006,Saurashtra Mail,BCT,Mumbai Central,07:40:00,None,2,207013
59460,Veraval Mumbai Central Passenger Express,DDR,MUMBAI DADAR WEST,06:43:00,06:45:00,2,52583
12617,ERNAKULAM - NEW DELHI H NIZAMUDDIN Mangala Lakshadweep Exp,KYN,KALYAN JN,13:45:00,13:50:00,2,552489
50104,Ratnagiri Dadar Passenger,TPND,TALOJA PANCHAND,12:39:00,12:40:00,1,13051
11042,ChennaiCentral-CST Mumbai Express,KYN,KALYAN JN,12:24:00,12:25:00,2,266169
11402,Nandigram Express,DR,MUMBAI DADAR CENTRAL,05:13:00,05:15:00,2,267868
59038,Surat Virar Passenger,VR,VIRAR,10:05:00,None,1,299953
19018,Saurashtra Janata Express,BDTS,MUMBAI BANDRA TERMINUS,05:45:00,None,2,328716
11014,Coimbatore Mumbai LTT Express,KYN,KALYAN JN,13:24:00,13:25:00,2,128023
22926,Paschim Express,VGN,VANGAON,13:03:00,13:03:00,2,221530
59460,Veraval Mumbai Central Passenger Express,EPR,Mumbai Elphinstone Road,06:59:00,06:59:00,2,52584
14707,BIKANER - MUMBAI BANDRA Ranakpur Exp,KLV,KELVA ROAD,09:14:00,09:14:00,2,531884
11402,Nandigram Express,PR,MUMBAI PAREL,05:18:00,05:18:00,2,267869
14707,BIKANER - MUMBAI BANDRA Ranakpur Exp,SAH,SAPHALE,09:21:00,09:21:00,2,531885
11402,Nandigram Express,CRD,MUMBAI CURREY ROAD,05:23:00,05:23:00,2,267870
59460,Veraval Mumbai Central Passenger Express,PL,Mumbai Lower Parel,07:13:00,07:13:00,2,52585
11402,Nandigram Express,CHG,MUMBAI CHINCHPOKLI,05:25:00,05:25:00,2,267871
14707,BIKANER - MUMBAI BANDRA Ranakpur Exp,VTN,VAITARNA,09:29:00,09:29:00,2,531886
59460,Veraval Mumbai Central Passenger Express,MX,Mumbai Mahalakshmi,07:27:00,07:27:00,2,52586
14707,BIKANER - MUMBAI BANDRA Ranakpur Exp,VR,VIRAR,09:39:00,09:39:00,2,531887
11402,Nandigram Express,BY,BYCULLA,05:28:00,05:28:00,2,267872
11402,Nandigram Express,SNRD,MUMBAI SANDHURST ROAD,05:34:00,05:34:00,2,267873
22926,Paschim Express,KLV,KELVA ROAD,13:31:00,13:31:00,2,221534
22926,Paschim Express,SAH,SAPHALE,13:38:00,13:38:00,2,221535
11402,Nandigram Express,MSD,BOMBAY MASJID,05:37:00,05:37:00,2,267874
14707,BIKANER - MUMBAI BANDRA Ranakpur Exp,BSR,VASAI ROAD,09:48:00,09:48:00,2,531889
16530,Udyan Express,TNA,THANE,19:00:00,19:00:00,2,209991
22926,Paschim Express,VTN,VAITARNA,13:45:00,13:45:00,2,221536
14707,BIKANER - MUMBAI BANDRA Ranakpur Exp,BYR,BHAYANDAR,09:57:00,09:57:00,2,531891
22926,Paschim Express,VR,VIRAR,13:54:00,13:54:00,2,221537
11030,Koyna Express,LTT,LOKMANYA TILAK TERM,19:46:00,19:46:00,1,32106
12140,Sevagram Express,LTT,LOKMANYA TILAK TERM,11:29:00,11:29:00,2,48819
14707,BIKANER - MUMBAI BANDRA Ranakpur Exp,MIRA,MIRA ROAD,10:00:00,10:00:00,2,531892
22926,Paschim Express,BSR,VASAI ROAD,14:02:00,14:02:00,2,221539
12140,Sevagram Express,SIN,MUMBAI SION,11:34:00,11:34:00,2,48821
11030,Koyna Express,SIN,MUMBAI SION,19:52:00,19:52:00,1,32108
14707,BIKANER - MUMBAI BANDRA Ranakpur Exp,DIC,DAHISAR,10:04:00,10:04:00,2,531893
12140,Sevagram Express,MTN,MUMBAI MATUNGA,11:37:00,11:37:00,2,48822
11030,Koyna Express,MTN,MUMBAI MATUNGA,19:56:00,19:56:00,1,32109
22926,Paschim Express,BYR,BHAYANDAR,14:10:00,14:10:00,2,221541
22926,Paschim Express,MIRA,MIRA ROAD,14:13:00,14:13:00,2,221542
22926,Paschim Express,DIC,DAHISAR,14:17:00,14:17:00,2,221543
16530,Udyan Express,LTT,LOKMANYA TILAK TERM,19:17:00,19:17:00,2,209999
16530,Udyan Express,SIN,MUMBAI SION,19:21:00,19:21:00,2,210001
16530,Udyan Express,MTN,MUMBAI MATUNGA,19:23:00,19:23:00,2,210002
11030,Koyna Express,DR,MUMBAI DADAR CENTRAL,19:58:00,20:00:00,1,32110
11040-Slip,Gondia-Solapur Maharashtra Express Slip,BAP,BELAPUR,23:09:00,23:10:00,1,76495
11042,ChennaiCentral-CST Mumbai Express,TNA,THANE,12:44:00,12:45:00,2,266176
11402,Nandigram Express,CSTM,MUMBAI CST,05:40:00,None,2,267875
16530,Udyan Express,DR,MUMBAI DADAR CENTRAL,19:24:00,19:25:00,2,210003
59460,Veraval Mumbai Central Passenger Express,BCT,Mumbai Central,07:40:00,None,2,52587
11014,Coimbatore Mumbai LTT Express,TNA,THANE,13:44:00,13:45:00,2,128030
12140,Sevagram Express,DR,MUMBAI DADAR CENTRAL,11:38:00,11:40:00,2,48823
16338,ERNAKULAM - OKHA Exp,PNVL,PANVEL,21:20:00,21:25:00,2,551795
51030,Bijapur Mumbai Fast Passenger,TNA,THANE,03:19:00,03:20:00,2,13524
11040,Maharashtra Express,BAP,BELAPUR,23:09:00,23:10:00,1,401020
14707,BIKANER - MUMBAI BANDRA Ranakpur Exp,BVI,BORIVALI,10:06:00,10:08:00,2,531894
22926,Paschim Express,BVI,BORIVALI,14:18:00,14:20:00,2,221544
11030,Koyna Express,PR,MUMBAI PAREL,20:02:00,20:02:00,1,32111
22926,Paschim Express,KILE,KANDIVLI,14:24:00,14:24:00,2,221545
14707,BIKANER - MUMBAI BANDRA Ranakpur Exp,KILE,KANDIVLI,10:15:00,10:15:00,2,531895
12140,Sevagram Express,PR,MUMBAI PAREL,11:42:00,11:42:00,2,48824
50104,Ratnagiri Dadar Passenger,DTVL,DATIVLI,13:10:00,13:10:00,1,13053
16530,Udyan Express,PR,MUMBAI PAREL,19:28:00,19:28:00,2,210004
16530,Udyan Express,CRD,MUMBAI CURREY ROAD,19:33:00,19:33:00,2,210005
11030,Koyna Express,CRD,MUMBAI CURREY ROAD,20:07:00,20:07:00,1,32112
14707,BIKANER - MUMBAI BANDRA Ranakpur Exp,MDD,MALAD,10:20:00,10:20:00,2,531896
22926,Paschim Express,MDD,MALAD,14:27:00,14:27:00,2,221546
12140,Sevagram Express,CRD,MUMBAI CURREY ROAD,11:46:00,11:46:00,2,48825
12140,Sevagram Express,CHG,MUMBAI CHINCHPOKLI,11:48:00,11:48:00,2,48826
14707,BIKANER - MUMBAI BANDRA Ranakpur Exp,GMN,GOREGAON,10:26:00,10:26:00,2,531897
16530,Udyan Express,CHG,MUMBAI CHINCHPOKLI,19:35:00,19:35:00,2,210006
22926,Paschim Express,GMN,GOREGAON,14:31:00,14:31:00,2,221547
11030,Koyna Express,CHG,MUMBAI CHINCHPOKLI,20:09:00,20:09:00,1,32113
12140,Sevagram Express,BY,BYCULLA,11:51:00,11:51:00,2,48827
22926,Paschim Express,JOS,JOGESHWARI,14:36:00,14:36:00,2,221548
16530,Udyan Express,BY,BYCULLA,19:38:00,19:38:00,2,210007
11030,Koyna Express,BY,BYCULLA,20:12:00,20:12:00,1,32114
12140,Sevagram Express,SNRD,MUMBAI SANDHURST ROAD,11:55:00,11:55:00,2,48828
16530,Udyan Express,SNRD,MUMBAI SANDHURST ROAD,19:44:00,19:44:00,2,210008
11030,Koyna Express,SNRD,MUMBAI SANDHURST ROAD,20:16:00,20:16:00,1,32115
14707,BIKANER - MUMBAI BANDRA Ranakpur Exp,JOS,JOGESHWARI,10:34:00,10:34:00,2,531899
11046,DHANBAD - KOLHAPUR CSMT Deekshabhoomi Exp,BAP,BELAPUR,14:23:00,14:23:00,3,546252
14707,BIKANER - MUMBAI BANDRA Ranakpur Exp,ADH,ANDHERI,10:39:00,10:39:00,2,531900
16530,Udyan Express,MSD,BOMBAY MASJID,19:47:00,19:47:00,2,210009
12140,Sevagram Express,MSD,BOMBAY MASJID,11:57:00,11:57:00,2,48829
11030,Koyna Express,MSD,BOMBAY MASJID,20:19:00,20:19:00,1,32116
14707,BIKANER - MUMBAI BANDRA Ranakpur Exp,VLP,VILE PARLE,10:44:00,10:44:00,2,531901
14707,BIKANER - MUMBAI BANDRA Ranakpur Exp,STC,SANTA CRUZ,10:49:00,10:49:00,2,531902
11042,ChennaiCentral-CST Mumbai Express,LTT,LOKMANYA TILAK TERM,13:05:00,13:05:00,2,266184
51030,Bijapur Mumbai Fast Passenger,LTT,LOKMANYA TILAK TERM,03:40:00,03:40:00,2,13532
14707,BIKANER - MUMBAI BANDRA Ranakpur Exp,KHAR,KHAR,10:53:00,10:53:00,2,531903
11042,ChennaiCentral-CST Mumbai Express,SIN,MUMBAI SION,13:10:00,13:10:00,2,266186
51030,Bijapur Mumbai Fast Passenger,SIN,MUMBAI SION,03:44:00,03:44:00,2,13534
11042,ChennaiCentral-CST Mumbai Express,MTN,MUMBAI MATUNGA,13:13:00,13:13:00,2,266187
51030,Bijapur Mumbai Fast Passenger,MTN,MUMBAI MATUNGA,03:48:00,03:48:00,2,13535
12904,Golden Temple Mail,VGN,VANGAON,03:41:00,03:41:00,3,244323
12904,Golden Temple Mail,KLV,KELVA ROAD,04:03:00,04:03:00,3,244327
12904,Golden Temple Mail,SAH,SAPHALE,04:08:00,04:08:00,3,244328
12904,Golden Temple Mail,VTN,VAITARNA,04:14:00,04:14:00,3,244329
12904,Golden Temple Mail,VR,VIRAR,04:21:00,04:21:00,3,244330
12904,Golden Temple Mail,BSR,VASAI ROAD,04:27:00,04:27:00,3,244332
12904,Golden Temple Mail,BYR,BHAYANDAR,04:34:00,04:34:00,3,244334
12904,Golden Temple Mail,MIRA,MIRA ROAD,04:36:00,04:36:00,3,244335
12904,Golden Temple Mail,DIC,DAHISAR,04:38:00,04:38:00,3,244336
11042,ChennaiCentral-CST Mumbai Express,DR,MUMBAI DADAR CENTRAL,13:14:00,13:15:00,2,266188
51030,Bijapur Mumbai Fast Passenger,DR,MUMBAI DADAR CENTRAL,03:49:00,03:50:00,2,13536
11014,Coimbatore Mumbai LTT Express,LTT,LOKMANYA TILAK TERM,14:30:00,None,2,128038
14707,BIKANER - MUMBAI BANDRA Ranakpur Exp,BDTS,MUMBAI BANDRA TERMINUS,10:55:00,None,2,531904
11030,Koyna Express,CSTM,MUMBAI CST,20:22:00,None,1,32117
16530,Udyan Express,CSTM,MUMBAI CST,19:50:00,None,2,210010
12904,Golden Temple Mail,BVI,BORIVALI,04:38:00,04:40:00,3,244337
12140,Sevagram Express,CSTM,MUMBAI CST,12:00:00,None,2,48830
22926,Paschim Express,ADH,ANDHERI,14:38:00,14:40:00,2,221549
51030,Bijapur Mumbai Fast Passenger,PR,MUMBAI PAREL,03:52:00,03:52:00,2,13537
11042,ChennaiCentral-CST Mumbai Express,PR,MUMBAI PAREL,13:18:00,13:18:00,2,266189
12904,Golden Temple Mail,KILE,KANDIVLI,04:44:00,04:44:00,3,244338
22926,Paschim Express,VLP,VILE PARLE,14:52:00,14:52:00,2,221550
11042,ChennaiCentral-CST Mumbai Express,CRD,MUMBAI CURREY ROAD,13:25:00,13:25:00,2,266190
22926,Paschim Express,STC,SANTA CRUZ,15:03:00,15:03:00,2,221551
51030,Bijapur Mumbai Fast Passenger,CRD,MUMBAI CURREY ROAD,03:56:00,03:56:00,2,13538
12904,Golden Temple Mail,MDD,MALAD,04:46:00,04:46:00,3,244339
12904,Golden Temple Mail,GMN,GOREGAON,04:49:00,04:49:00,3,244340
51030,Bijapur Mumbai Fast Passenger,CHG,MUMBAI CHINCHPOKLI,03:58:00,03:58:00,2,13539
11042,ChennaiCentral-CST Mumbai Express,CHG,MUMBAI CHINCHPOKLI,13:27:00,13:27:00,2,266191
22926,Paschim Express,KHAR,KHAR,15:11:00,15:11:00,2,221552
12904,Golden Temple Mail,JOS,JOGESHWARI,04:54:00,04:54:00,3,244341
51030,Bijapur Mumbai Fast Passenger,BY,BYCULLA,04:01:00,04:01:00,2,13540
11042,ChennaiCentral-CST Mumbai Express,BY,BYCULLA,13:31:00,13:31:00,2,266192
51030,Bijapur Mumbai Fast Passenger,SNRD,MUMBAI SANDHURST ROAD,04:05:00,04:05:00,2,13541
12904,Golden Temple Mail,ADH,ANDHERI,04:56:00,04:56:00,3,244342
11042,ChennaiCentral-CST Mumbai Express,SNRD,MUMBAI SANDHURST ROAD,13:37:00,13:37:00,2,266193
51030,Bijapur Mumbai Fast Passenger,MSD,BOMBAY MASJID,04:07:00,04:07:00,2,13542
12904,Golden Temple Mail,VLP,VILE PARLE,04:59:00,04:59:00,3,244343
11042,ChennaiCentral-CST Mumbai Express,MSD,BOMBAY MASJID,13:41:00,13:41:00,2,266194
12904,Golden Temple Mail,STC,SANTA CRUZ,05:01:00,05:01:00,3,244344
12904,Golden Temple Mail,KHAR,KHAR,05:03:00,05:03:00,3,244345
12904,Golden Temple Mail,BDTS,MUMBAI BANDRA TERMINUS,05:04:00,05:04:00,3,244346
12904,Golden Temple Mail,BA,BANDRA,05:06:00,05:06:00,3,244347
12904,Golden Temple Mail,MM,MUMBAI MAHIM JN,05:08:00,05:08:00,3,244348
12904,Golden Temple Mail,MRU,MUMBAI MATUNGA ROAD,05:09:00,05:09:00,3,244349
59010,Bharuch Virar Passenger,VGN,VANGAON,20:15:00,20:17:00,1,231753
11020,Konark Express,KYN,KALYAN JN,02:39:00,02:40:00,3,101933
11042,ChennaiCentral-CST Mumbai Express,CSTM,MUMBAI CST,13:45:00,None,2,266195
12904,Golden Temple Mail,DDR,MUMBAI DADAR WEST,05:11:00,05:13:00,3,244350
51030,Bijapur Mumbai Fast Passenger,CSTM,MUMBAI CST,04:10:00,None,2,13543
16338,ERNAKULAM - OKHA Exp,BSR,VASAI ROAD,22:45:00,22:50:00,2,551800
50104,Ratnagiri Dadar Passenger,TNA,THANE,13:28:00,13:30:00,1,13055
22926,Paschim Express,BDTS,MUMBAI BANDRA TERMINUS,15:15:00,None,2,221553
12904,Golden Temple Mail,EPR,Mumbai Elphinstone Road,05:19:00,05:19:00,3,244351
16338,ERNAKULAM - OKHA Exp,VR,VIRAR,22:59:00,22:59:00,2,551802
12904,Golden Temple Mail,PL,Mumbai Lower Parel,05:24:00,05:24:00,3,244352
16338,ERNAKULAM - OKHA Exp,VTN,VAITARNA,23:07:00,23:07:00,2,551803
12904,Golden Temple Mail,MX,Mumbai Mahalakshmi,05:30:00,05:30:00,3,244353
16338,ERNAKULAM - OKHA Exp,SAH,SAPHALE,23:15:00,23:15:00,2,551804
16338,ERNAKULAM - OKHA Exp,KLV,KELVA ROAD,23:21:00,23:21:00,2,551805
50104,Ratnagiri Dadar Passenger,LTT,LOKMANYA TILAK TERM,14:04:00,14:04:00,1,13063
50104,Ratnagiri Dadar Passenger,SIN,MUMBAI SION,14:12:00,14:12:00,1,13065
50104,Ratnagiri Dadar Passenger,MTN,MUMBAI MATUNGA,14:18:00,14:18:00,1,13066
12904,Golden Temple Mail,BCT,Mumbai Central,05:35:00,None,3,244354
50104,Ratnagiri Dadar Passenger,DR,MUMBAI DADAR CENTRAL,14:20:00,None,1,13067
11072,Kamayani Express,KYN,KALYAN JN,21:55:00,22:00:00,2,110319
11020,Konark Express,TNA,THANE,02:59:00,03:00:00,3,101940
16338,ERNAKULAM - OKHA Exp,VGN,VANGAON,23:51:00,23:51:00,2,551809
19708,Aravalli Express,VGN,VANGAON,04:46:00,04:46:00,2,177921
19708,Aravalli Express,KLV,KELVA ROAD,05:11:00,05:11:00,2,177925
19708,Aravalli Express,SAH,SAPHALE,05:16:00,05:16:00,2,177926
19708,Aravalli Express,VTN,VAITARNA,05:23:00,05:23:00,2,177927
11020,Konark Express,LTT,LOKMANYA TILAK TERM,03:17:00,03:17:00,3,101948
19708,Aravalli Express,VR,VIRAR,05:30:00,05:30:00,2,177928
19708,Aravalli Express,BSR,VASAI ROAD,05:37:00,05:37:00,2,177930
11020,Konark Express,SIN,MUMBAI SION,03:20:00,03:20:00,3,101950
11020,Konark Express,MTN,MUMBAI MATUNGA,03:23:00,03:23:00,3,101951
19708,Aravalli Express,BYR,BHAYANDAR,05:44:00,05:44:00,2,177932
19708,Aravalli Express,MIRA,MIRA ROAD,05:47:00,05:47:00,2,177933
19708,Aravalli Express,DIC,DAHISAR,05:50:00,05:50:00,2,177934
16340,NAGERCOIL - MUMBAI CST Exp,KYN,KALYAN JN,19:38:00,19:40:00,2,547002
11066,DARBHANGA - MUMBAI LTT Pawan Exp,KYN,KALYAN JN,02:45:00,02:50:00,3,548002
11020,Konark Express,DR,MUMBAI DADAR CENTRAL,03:24:00,03:25:00,3,101952
11072,Kamayani Express,TNA,THANE,22:23:00,22:25:00,2,110326
19708,Aravalli Express,BVI,BORIVALI,05:51:00,05:53:00,2,177935
11020,Konark Express,PR,MUMBAI PAREL,03:28:00,03:28:00,3,101953
19708,Aravalli Express,KILE,KANDIVLI,05:58:00,05:58:00,2,177936
11020,Konark Express,CRD,MUMBAI CURREY ROAD,03:35:00,03:35:00,3,101954
19708,Aravalli Express,MDD,MALAD,06:02:00,06:02:00,2,177937
19708,Aravalli Express,GMN,GOREGAON,06:06:00,06:06:00,2,177938
11020,Konark Express,CHG,MUMBAI CHINCHPOKLI,03:37:00,03:37:00,3,101955
19708,Aravalli Express,JOS,JOGESHWARI,06:12:00,06:12:00,2,177939
11020,Konark Express,BY,BYCULLA,03:41:00,03:41:00,3,101956
11020,Konark Express,SNRD,MUMBAI SANDHURST ROAD,03:47:00,03:47:00,3,101957
11020,Konark Express,MSD,BOMBAY MASJID,03:51:00,03:51:00,3,101958
11062,DARBHANGA - MUMBAI LTT Pawan Exp,KYN,KALYAN JN,02:45:00,02:50:00,3,548555
11020,Konark Express,CSTM,MUMBAI CST,03:55:00,None,3,101959
16334,TRIVANDRUM - VERAVAL Exp,PNVL,PANVEL,21:20:00,21:25:00,2,553604
59010,Bharuch Virar Passenger,KLV,KELVA ROAD,20:50:00,20:52:00,1,231757
11072,Kamayani Express,LTT,LOKMANYA TILAK TERM,23:05:00,None,2,110334
19708,Aravalli Express,ADH,ANDHERI,06:15:00,06:17:00,2,177940
11066,DARBHANGA - MUMBAI LTT Pawan Exp,TNA,THANE,03:04:00,03:05:00,3,548007
16340,NAGERCOIL - MUMBAI CST Exp,TNA,THANE,19:58:00,20:00:00,2,547007
12335,BHAGALPUR - MUMBAI LTT SF Exp,KYN,KALYAN JN,19:00:00,19:05:00,2,542010
19708,Aravalli Express,VLP,VILE PARLE,06:25:00,06:25:00,2,177941
16334,TRIVANDRUM - VERAVAL Exp,KLMC,KALAMBOLI,None,None,,553605
19708,Aravalli Express,STC,SANTA CRUZ,06:33:00,06:33:00,2,177942
16334,TRIVANDRUM - VERAVAL Exp,KLMG,KALAMBOLI GOODS,None,None,,553606
19708,Aravalli Express,KHAR,KHAR,06:39:00,06:39:00,2,177943
16334,TRIVANDRUM - VERAVAL Exp,TPND,TALOJA PANCHAND,None,None,,553608
16334,TRIVANDRUM - VERAVAL Exp,DTVL,DATIVLI,None,None,,553610
16340,NAGERCOIL - MUMBAI CST Exp,SIN,MUMBAI SION,20:23:00,20:23:00,2,547016
16340,NAGERCOIL - MUMBAI CST Exp,MTN,MUMBAI MATUNGA,20:26:00,20:26:00,2,547017
19708,Aravalli Express,BDTS,MUMBAI BANDRA TERMINUS,06:45:00,None,2,177944
11062,DARBHANGA - MUMBAI LTT Pawan Exp,TNA,THANE,03:04:00,03:05:00,3,548563
16332,TRIVANDRUM - MUMBAI CST Exp,KYN,KALYAN JN,19:39:00,19:40:00,2,550982
11066,DARBHANGA - MUMBAI LTT Pawan Exp,LTT,LOKMANYA TILAK TERM,03:45:00,None,3,548015
51196,Ballarshah Wardha Mumbai Passenger,KYN,KALYAN JN,10:40:00,10:45:00,2,14644
16336,NAGERCOIL - GANDHIDHAM Weekly Exp,PNVL,PANVEL,21:20:00,21:25:00,2,466347
16340,NAGERCOIL - MUMBAI CST Exp,DR,MUMBAI DADAR CENTRAL,20:28:00,20:30:00,2,547018
12335,BHAGALPUR - MUMBAI LTT SF Exp,TNA,THANE,19:24:00,19:25:00,2,542015
59010,Bharuch Virar Passenger,SAH,SAPHALE,20:57:00,20:59:00,1,231758
16340,NAGERCOIL - MUMBAI CST Exp,PR,MUMBAI PAREL,20:33:00,20:33:00,2,547019
12926,Paschim Express,VGN,VANGAON,13:03:00,13:03:00,2,390692
16340,NAGERCOIL - MUMBAI CST Exp,CRD,MUMBAI CURREY ROAD,20:37:00,20:37:00,2,547020
16340,NAGERCOIL - MUMBAI CST Exp,CHG,MUMBAI CHINCHPOKLI,20:39:00,20:39:00,2,547021
16340,NAGERCOIL - MUMBAI CST Exp,BY,BYCULLA,20:42:00,20:42:00,2,547022
16340,NAGERCOIL - MUMBAI CST Exp,SNRD,MUMBAI SANDHURST ROAD,20:47:00,20:47:00,2,547023
12926,Paschim Express,KLV,KELVA ROAD,13:31:00,13:31:00,2,390696
12926,Paschim Express,SAH,SAPHALE,13:38:00,13:38:00,2,390697
16340,NAGERCOIL - MUMBAI CST Exp,MSD,BOMBAY MASJID,20:50:00,20:50:00,2,547024
12926,Paschim Express,VTN,VAITARNA,13:45:00,13:45:00,2,390698
12926,Paschim Express,VR,VIRAR,13:54:00,13:54:00,2,390699
12926,Paschim Express,BSR,VASAI ROAD,14:02:00,14:02:00,2,390701
12926,Paschim Express,BYR,BHAYANDAR,14:10:00,14:10:00,2,390703
12926,Paschim Express,MIRA,MIRA ROAD,14:13:00,14:13:00,2,390704
12926,Paschim Express,DIC,DAHISAR,14:17:00,14:17:00,2,390705
16334,TRIVANDRUM - VERAVAL Exp,BSR,VASAI ROAD,22:45:00,22:50:00,2,553617
51196,Ballarshah Wardha Mumbai Passenger,TNA,THANE,11:08:00,11:10:00,2,14651
57516,Nanded-Daund Junction Passenger,BAP,BELAPUR,07:09:00,07:10:00,2,286657
59010,Bharuch Virar Passenger,VTN,VAITARNA,21:11:00,21:13:00,1,231759
50106,Sawantwadi-Diva Passenger,PNVL,PANVEL,19:00:00,19:05:00,1,13153
12926,Paschim Express,BVI,BORIVALI,14:18:00,14:20:00,2,390706
11062,DARBHANGA - MUMBAI LTT Pawan Exp,LTT,LOKMANYA TILAK TERM,03:45:00,None,3,548571
16332,TRIVANDRUM - MUMBAI CST Exp,TNA,THANE,19:59:00,20:00:00,2,550987
12335,BHAGALPUR - MUMBAI LTT SF Exp,LTT,LOKMANYA TILAK TERM,20:00:00,None,2,542023
16340,NAGERCOIL - MUMBAI CST Exp,CSTM,MUMBAI CST,20:50:00,None,2,547025
12926,Paschim Express,KILE,KANDIVLI,14:24:00,14:24:00,2,390707
16334,TRIVANDRUM - VERAVAL Exp,VR,VIRAR,22:59:00,22:59:00,2,553619
12926,Paschim Express,MDD,MALAD,14:27:00,14:27:00,2,390708
12926,Paschim Express,GMN,GOREGAON,14:31:00,14:31:00,2,390709
16334,TRIVANDRUM - VERAVAL Exp,VTN,VAITARNA,23:08:00,23:08:00,2,553620
12926,Paschim Express,JOS,JOGESHWARI,14:36:00,14:36:00,2,390710
16334,TRIVANDRUM - VERAVAL Exp,SAH,SAPHALE,23:16:00,23:16:00,2,553621
16334,TRIVANDRUM - VERAVAL Exp,KLV,KELVA ROAD,23:23:00,23:23:00,2,553622
51196,Ballarshah Wardha Mumbai Passenger,LTT,LOKMANYA TILAK TERM,11:29:00,11:29:00,2,14659
16332,TRIVANDRUM - MUMBAI CST Exp,SIN,MUMBAI SION,20:25:00,20:25:00,2,550996
16332,TRIVANDRUM - MUMBAI CST Exp,MTN,MUMBAI MATUNGA,20:28:00,20:28:00,2,550997
51196,Ballarshah Wardha Mumbai Passenger,SIN,MUMBAI SION,11:34:00,11:34:00,2,14661
51196,Ballarshah Wardha Mumbai Passenger,MTN,MUMBAI MATUNGA,11:37:00,11:37:00,2,14662
50106,Sawantwadi-Diva Passenger,KLMC,KALAMBOLI,19:12:00,19:13:00,1,13154
12810,HOWRAH - MUMBAI CST SF Mail (via NAGPUR),KYN,KALYAN JN,04:10:00,04:15:00,3,494650
05650,Kamakhya - Mumbai LTT (Weekly) Special,KYN,KALYAN JN,21:45:00,21:50:00,3,7487
12926,Paschim Express,ADH,ANDHERI,14:38:00,14:40:00,2,390711
59010,Bharuch Virar Passenger,VR,VIRAR,21:30:00,None,1,231760
16332,TRIVANDRUM - MUMBAI CST Exp,DR,MUMBAI DADAR CENTRAL,20:29:00,20:30:00,2,550998
51196,Ballarshah Wardha Mumbai Passenger,DR,MUMBAI DADAR CENTRAL,11:38:00,11:40:00,2,14663
16336,NAGERCOIL - GANDHIDHAM Weekly Exp,BSR,VASAI ROAD,22:45:00,22:50:00,2,466352
51196,Ballarshah Wardha Mumbai Passenger,PR,MUMBAI PAREL,11:42:00,11:42:00,2,14664
12926,Paschim Express,VLP,VILE PARLE,14:50:00,14:50:00,2,390712
16332,TRIVANDRUM - MUMBAI CST Exp,PR,MUMBAI PAREL,20:32:00,20:32:00,2,550999
16334,TRIVANDRUM - VERAVAL Exp,VGN,VANGAON,23:54:00,23:54:00,2,553626
16332,TRIVANDRUM - MUMBAI CST Exp,CRD,MUMBAI CURREY ROAD,20:36:00,20:36:00,2,551000
51196,Ballarshah Wardha Mumbai Passenger,CRD,MUMBAI CURREY ROAD,11:46:00,11:46:00,2,14665
16336,NAGERCOIL - GANDHIDHAM Weekly Exp,VR,VIRAR,22:59:00,22:59:00,2,466354
12926,Paschim Express,STC,SANTA CRUZ,15:00:00,15:00:00,2,390713
16332,TRIVANDRUM - MUMBAI CST Exp,CHG,MUMBAI CHINCHPOKLI,20:38:00,20:38:00,2,551001
12926,Paschim Express,KHAR,KHAR,15:07:00,15:07:00,2,390714
51196,Ballarshah Wardha Mumbai Passenger,CHG,MUMBAI CHINCHPOKLI,11:48:00,11:48:00,2,14666
16336,NAGERCOIL - GANDHIDHAM Weekly Exp,VTN,VAITARNA,23:07:00,23:07:00,2,466355
16336,NAGERCOIL - GANDHIDHAM Weekly Exp,SAH,SAPHALE,23:15:00,23:15:00,2,466356
16332,TRIVANDRUM - MUMBAI CST Exp,BY,BYCULLA,20:41:00,20:41:00,2,551002
51196,Ballarshah Wardha Mumbai Passenger,BY,BYCULLA,11:51:00,11:51:00,2,14667
16332,TRIVANDRUM - MUMBAI CST Exp,SNRD,MUMBAI SANDHURST ROAD,20:45:00,20:45:00,2,551003
16336,NAGERCOIL - GANDHIDHAM Weekly Exp,KLV,KELVA ROAD,23:21:00,23:21:00,2,466357
51196,Ballarshah Wardha Mumbai Passenger,SNRD,MUMBAI SANDHURST ROAD,11:55:00,11:55:00,2,14668
51196,Ballarshah Wardha Mumbai Passenger,MSD,BOMBAY MASJID,11:57:00,11:57:00,2,14669
16332,TRIVANDRUM - MUMBAI CST Exp,MSD,BOMBAY MASJID,20:47:00,20:47:00,2,551004
05650,Kamakhya - Mumbai LTT (Weekly) Special,TNA,THANE,22:20:00,22:20:00,3,7494
12810,HOWRAH - MUMBAI CST SF Mail (via NAGPUR),TNA,THANE,04:35:00,04:35:00,3,494657
12810,HOWRAH - MUMBAI CST SF Mail (via NAGPUR),SIN,MUMBAI SION,04:56:00,04:56:00,3,494666
12810,HOWRAH - MUMBAI CST SF Mail (via NAGPUR),MTN,MUMBAI MATUNGA,04:58:00,04:58:00,3,494667
16332,TRIVANDRUM - MUMBAI CST Exp,CSTM,MUMBAI CST,20:50:00,None,2,551005
05650,Kamakhya - Mumbai LTT (Weekly) Special,LTT,LOKMANYA TILAK TERM,22:45:00,None,3,7502
12810,HOWRAH - MUMBAI CST SF Mail (via NAGPUR),DR,MUMBAI DADAR CENTRAL,04:59:00,05:00:00,3,494668
51196,Ballarshah Wardha Mumbai Passenger,CSTM,MUMBAI CST,12:00:00,None,2,14670
12926,Paschim Express,BDTS,MUMBAI BANDRA TERMINUS,15:15:00,None,2,390715
16336,NAGERCOIL - GANDHIDHAM Weekly Exp,VGN,VANGAON,23:51:00,23:51:00,2,466361
12810,HOWRAH - MUMBAI CST SF Mail (via NAGPUR),PR,MUMBAI PAREL,05:03:00,05:03:00,3,494669
12810,HOWRAH - MUMBAI CST SF Mail (via NAGPUR),CRD,MUMBAI CURREY ROAD,05:08:00,05:08:00,3,494670
12810,HOWRAH - MUMBAI CST SF Mail (via NAGPUR),CHG,MUMBAI CHINCHPOKLI,05:10:00,05:10:00,3,494671
12810,HOWRAH - MUMBAI CST SF Mail (via NAGPUR),BY,BYCULLA,05:13:00,05:13:00,3,494672
12810,HOWRAH - MUMBAI CST SF Mail (via NAGPUR),SNRD,MUMBAI SANDHURST ROAD,05:19:00,05:19:00,3,494673
12810,HOWRAH - MUMBAI CST SF Mail (via NAGPUR),MSD,BOMBAY MASJID,05:22:00,05:22:00,3,494674
16352,NAGERCOIL - MUMBAI CST Balaji Exp,KYN,KALYAN JN,19:39:00,19:40:00,2,530980
12810,HOWRAH - MUMBAI CST SF Mail (via NAGPUR),CSTM,MUMBAI CST,05:25:00,None,3,494675
50106,Sawantwadi-Diva Passenger,TPND,TALOJA PANCHAND,19:19:00,19:20:00,1,13156
11016,Kushinagar Express,KYN,KALYAN JN,03:10:00,03:15:00,3,99580
16352,NAGERCOIL - MUMBAI CST Balaji Exp,TNA,THANE,19:59:00,20:00:00,2,530985
50106,Sawantwadi-Diva Passenger,DTVL,DATIVLI,20:04:00,20:04:00,1,13158
16352,NAGERCOIL - MUMBAI CST Balaji Exp,SIN,MUMBAI SION,20:25:00,20:25:00,2,530994
16352,NAGERCOIL - MUMBAI CST Balaji Exp,MTN,MUMBAI MATUNGA,20:28:00,20:28:00,2,530995
16346,TRIVANDRUM - MUMBAI LTT Netravati Exp,PNVL,PANVEL,15:10:00,15:15:00,2,481431
59076-Slip,Bhusaval Surat Mumbai Passenger,VGN,VANGAON,01:19:00,01:21:00,2,344659
11016,Kushinagar Express,TNA,THANE,03:33:00,03:35:00,3,99587
16352,NAGERCOIL - MUMBAI CST Balaji Exp,DR,MUMBAI DADAR CENTRAL,20:29:00,20:30:00,2,530996
16346,TRIVANDRUM - MUMBAI LTT Netravati Exp,KLMC,KALAMBOLI,15:22:00,15:22:00,2,481432
16352,NAGERCOIL - MUMBAI CST Balaji Exp,PR,MUMBAI PAREL,20:32:00,20:32:00,2,530997
16352,NAGERCOIL - MUMBAI CST Balaji Exp,CRD,MUMBAI CURREY ROAD,20:36:00,20:36:00,2,530998
16346,TRIVANDRUM - MUMBAI LTT Netravati Exp,TPND,TALOJA PANCHAND,15:30:00,15:30:00,2,481434
16352,NAGERCOIL - MUMBAI CST Balaji Exp,CHG,MUMBAI CHINCHPOKLI,20:38:00,20:38:00,2,530999
16352,NAGERCOIL - MUMBAI CST Balaji Exp,BY,BYCULLA,20:41:00,20:41:00,2,531000
16352,NAGERCOIL - MUMBAI CST Balaji Exp,SNRD,MUMBAI SANDHURST ROAD,20:45:00,20:45:00,2,531001
16346,TRIVANDRUM - MUMBAI LTT Netravati Exp,DTVL,DATIVLI,15:49:00,15:49:00,2,481436
16352,NAGERCOIL - MUMBAI CST Balaji Exp,MSD,BOMBAY MASJID,20:47:00,20:47:00,2,531002
16346,TRIVANDRUM - MUMBAI LTT Netravati Exp,TNA,THANE,16:04:00,16:05:00,2,481440
11016,Kushinagar Express,LTT,LOKMANYA TILAK TERM,04:20:00,None,3,99595
16352,NAGERCOIL - MUMBAI CST Balaji Exp,CSTM,MUMBAI CST,20:50:00,None,2,531003
51154,Bhusaval Mumbai Passenger,KYN,KALYAN JN,18:45:00,18:50:00,1,14049
16346,TRIVANDRUM - MUMBAI LTT Netravati Exp,LTT,LOKMANYA TILAK TERM,16:40:00,None,2,481448
15646,GUWAHATI - MUMBAI LTT Exp,KYN,KALYAN JN,19:00:00,19:05:00,3,511125
51154,Bhusaval Mumbai Passenger,TNA,THANE,19:14:00,19:15:00,1,14056
51154,Bhusaval Mumbai Passenger,LTT,LOKMANYA TILAK TERM,19:35:00,19:35:00,1,14064
51154,Bhusaval Mumbai Passenger,SIN,MUMBAI SION,19:39:00,19:39:00,1,14066
51154,Bhusaval Mumbai Passenger,MTN,MUMBAI MATUNGA,19:43:00,19:43:00,1,14067
15646,GUWAHATI - MUMBAI LTT Exp,TNA,THANE,19:24:00,19:25:00,3,511130
51154,Bhusaval Mumbai Passenger,DR,MUMBAI DADAR CENTRAL,19:44:00,19:45:00,1,14068
59076-Slip,Bhusaval Surat Mumbai Passenger,KLV,KELVA ROAD,02:03:00,02:05:00,2,344663
12321,HOWRAH - MUMBAI CST Mail (via Allahabad),KYN,KALYAN JN,10:15:00,10:20:00,3,554440
51154,Bhusaval Mumbai Passenger,PR,MUMBAI PAREL,19:48:00,19:48:00,1,14069
51154,Bhusaval Mumbai Passenger,CRD,MUMBAI CURREY ROAD,19:54:00,19:54:00,1,14070
51154,Bhusaval Mumbai Passenger,CHG,MUMBAI CHINCHPOKLI,19:57:00,19:57:00,1,14071
51154,Bhusaval Mumbai Passenger,BY,BYCULLA,20:01:00,20:01:00,1,14072
51154,Bhusaval Mumbai Passenger,SNRD,MUMBAI SANDHURST ROAD,20:07:00,20:07:00,1,14073
51154,Bhusaval Mumbai Passenger,MSD,BOMBAY MASJID,20:11:00,20:11:00,1,14074
12321,HOWRAH - MUMBAI CST Mail (via Allahabad),TNA,THANE,10:38:00,10:38:00,3,554447
12321,HOWRAH - MUMBAI CST Mail (via Allahabad),SIN,MUMBAI SION,10:56:00,10:56:00,3,554456
12321,HOWRAH - MUMBAI CST Mail (via Allahabad),MTN,MUMBAI MATUNGA,10:58:00,10:58:00,3,554457
59076-Slip,Bhusaval Surat Mumbai Passenger,SAH,SAPHALE,02:12:00,02:14:00,2,344664
15646,GUWAHATI - MUMBAI LTT Exp,LTT,LOKMANYA TILAK TERM,20:00:00,None,3,511138
51154,Bhusaval Mumbai Passenger,CSTM,MUMBAI CST,20:15:00,None,1,14075
12321,HOWRAH - MUMBAI CST Mail (via Allahabad),DR,MUMBAI DADAR CENTRAL,10:59:00,11:00:00,3,554458
59076-Slip,Bhusaval Surat Mumbai Passenger,VTN,VAITARNA,02:30:00,02:30:00,2,344665
12321,HOWRAH - MUMBAI CST Mail (via Allahabad),PR,MUMBAI PAREL,11:03:00,11:03:00,3,554459
12321,HOWRAH - MUMBAI CST Mail (via Allahabad),CRD,MUMBAI CURREY ROAD,11:08:00,11:08:00,3,554460
12321,HOWRAH - MUMBAI CST Mail (via Allahabad),CHG,MUMBAI CHINCHPOKLI,11:10:00,11:10:00,3,554461
12321,HOWRAH - MUMBAI CST Mail (via Allahabad),BY,BYCULLA,11:13:00,11:13:00,3,554462
12321,HOWRAH - MUMBAI CST Mail (via Allahabad),SNRD,MUMBAI SANDHURST ROAD,11:18:00,11:18:00,3,554463
12321,HOWRAH - MUMBAI CST Mail (via Allahabad),MSD,BOMBAY MASJID,11:22:00,11:22:00,3,554464
59076-Slip,Bhusaval Surat Mumbai Passenger,VR,VIRAR,02:48:00,02:50:00,2,344666
11028,Chennai-Mumbai CST Mail,KYN,KALYAN JN,02:29:00,02:30:00,3,115380
12321,HOWRAH - MUMBAI CST Mail (via Allahabad),CSTM,MUMBAI CST,11:25:00,None,3,554465
59076-Slip,Bhusaval Surat Mumbai Passenger,BSR,VASAI ROAD,03:07:00,03:09:00,2,344668
11028,Chennai-Mumbai CST Mail,TNA,THANE,02:44:00,02:45:00,3,115387
51422,Nizamabad Pune Passenger,BAP,BELAPUR,13:59:00,14:00:00,2,15612
59076-Slip,Bhusaval Surat Mumbai Passenger,BYR,BHAYANDAR,03:19:00,03:19:00,2,344670
59076-Slip,Bhusaval Surat Mumbai Passenger,MIRA,MIRA ROAD,03:23:00,03:23:00,2,344671
59076-Slip,Bhusaval Surat Mumbai Passenger,DIC,DAHISAR,03:27:00,03:27:00,2,344672
11028,Chennai-Mumbai CST Mail,LTT,LOKMANYA TILAK TERM,03:04:00,03:04:00,3,115395
11028,Chennai-Mumbai CST Mail,SIN,MUMBAI SION,03:09:00,03:09:00,3,115397
11028,Chennai-Mumbai CST Mail,MTN,MUMBAI MATUNGA,03:12:00,03:12:00,3,115398
59076-Slip,Bhusaval Surat Mumbai Passenger,BVI,BORIVALI,03:30:00,03:32:00,2,344673
11028,Chennai-Mumbai CST Mail,DR,MUMBAI DADAR CENTRAL,03:14:00,03:15:00,3,115399
59076-Slip,Bhusaval Surat Mumbai Passenger,KILE,KANDIVLI,03:37:00,03:37:00,2,344674
11028,Chennai-Mumbai CST Mail,PR,MUMBAI PAREL,03:18:00,03:18:00,3,115400
59076-Slip,Bhusaval Surat Mumbai Passenger,MDD,MALAD,03:40:00,03:40:00,2,344675
11028,Chennai-Mumbai CST Mail,CRD,MUMBAI CURREY ROAD,03:25:00,03:25:00,3,115401
59076-Slip,Bhusaval Surat Mumbai Passenger,GMN,GOREGAON,03:45:00,03:45:00,2,344676
11028,Chennai-Mumbai CST Mail,CHG,MUMBAI CHINCHPOKLI,03:27:00,03:27:00,3,115402
59076-Slip,Bhusaval Surat Mumbai Passenger,JOS,JOGESHWARI,03:50:00,03:50:00,2,344677
11028,Chennai-Mumbai CST Mail,BY,BYCULLA,03:31:00,03:31:00,3,115403
59076-Slip,Bhusaval Surat Mumbai Passenger,ADH,ANDHERI,03:54:00,03:54:00,2,344678
11028,Chennai-Mumbai CST Mail,SNRD,MUMBAI SANDHURST ROAD,03:37:00,03:37:00,3,115404
11028,Chennai-Mumbai CST Mail,MSD,BOMBAY MASJID,03:41:00,03:41:00,3,115405
59076-Slip,Bhusaval Surat Mumbai Passenger,VLP,VILE PARLE,03:58:00,03:58:00,2,344679
59076-Slip,Bhusaval Surat Mumbai Passenger,STC,SANTA CRUZ,04:01:00,04:01:00,2,344680
59076-Slip,Bhusaval Surat Mumbai Passenger,KHAR,KHAR,04:03:00,04:03:00,2,344681
59076-Slip,Bhusaval Surat Mumbai Passenger,BDTS,MUMBAI BANDRA TERMINUS,04:05:00,04:05:00,2,344682
59076-Slip,Bhusaval Surat Mumbai Passenger,BA,BANDRA,04:06:00,04:06:00,2,344683
59076-Slip,Bhusaval Surat Mumbai Passenger,MM,MUMBAI MAHIM JN,04:09:00,04:09:00,2,344684
59076-Slip,Bhusaval Surat Mumbai Passenger,MRU,MUMBAI MATUNGA ROAD,04:11:00,04:11:00,2,344685
59076-Slip,Bhusaval Surat Mumbai Passenger,DDR,MUMBAI DADAR WEST,04:12:00,04:14:00,2,344686
11028,Chennai-Mumbai CST Mail,CSTM,MUMBAI CST,03:45:00,None,3,115406
12138,Punjab Mail,KYN,KALYAN JN,06:20:00,06:25:00,3,57807
59076-Slip,Bhusaval Surat Mumbai Passenger,EPR,Mumbai Elphinstone Road,04:22:00,04:22:00,2,344687
59076-Slip,Bhusaval Surat Mumbai Passenger,PL,Mumbai Lower Parel,04:30:00,04:30:00,2,344688
59076-Slip,Bhusaval Surat Mumbai Passenger,MX,Mumbai Mahalakshmi,04:38:00,04:38:00,2,344689
12138,Punjab Mail,TNA,THANE,06:47:00,06:47:00,3,57814
12138,Punjab Mail,LTT,LOKMANYA TILAK TERM,07:04:00,07:04:00,3,57822
12138,Punjab Mail,SIN,MUMBAI SION,07:08:00,07:08:00,3,57824
12138,Punjab Mail,MTN,MUMBAI MATUNGA,07:11:00,07:11:00,3,57825
12138,Punjab Mail,DR,MUMBAI DADAR CENTRAL,07:13:00,07:15:00,3,57826
15648,GUWAHATI - MUMBAI LTT Exp,KYN,KALYAN JN,19:00:00,19:05:00,3,506004
59076-Slip,Bhusaval Surat Mumbai Passenger,BCT,Mumbai Central,04:45:00,None,2,344690
12138,Punjab Mail,PR,MUMBAI PAREL,07:17:00,07:17:00,3,57827
12138,Punjab Mail,CRD,MUMBAI CURREY ROAD,07:21:00,07:21:00,3,57828
12138,Punjab Mail,CHG,MUMBAI CHINCHPOKLI,07:23:00,07:23:00,3,57829
12138,Punjab Mail,BY,BYCULLA,07:26:00,07:26:00,3,57830
12138,Punjab Mail,SNRD,MUMBAI SANDHURST ROAD,07:30:00,07:30:00,3,57831
12138,Punjab Mail,MSD,BOMBAY MASJID,07:32:00,07:32:00,3,57832
59440,Ahmedabad Passenger,VGN,VANGAON,11:40:00,11:42:00,2,150187
15648,GUWAHATI - MUMBAI LTT Exp,TNA,THANE,19:24:00,19:25:00,3,506012
12138,Punjab Mail,CSTM,MUMBAI CST,07:35:00,None,3,57833
19216,Saurashtra Express,VGN,VANGAON,16:21:00,16:21:00,2,268004
15648,GUWAHATI - MUMBAI LTT Exp,LTT,LOKMANYA TILAK TERM,20:00:00,None,3,506020
19216,Saurashtra Express,KLV,KELVA ROAD,16:52:00,16:52:00,2,268008
59440,Ahmedabad Passenger,KLV,KELVA ROAD,12:30:00,12:32:00,2,150191
19216,Saurashtra Express,SAH,SAPHALE,16:59:00,17:01:00,2,268009
16382,Kanniyakumari-Mumbai CST Express,KYN,KALYAN JN,03:39:00,03:40:00,3,95851
19216,Saurashtra Express,VTN,VAITARNA,17:14:00,17:14:00,2,268010
59440,Ahmedabad Passenger,SAH,SAPHALE,12:38:00,12:40:00,2,150192
16382,Kanniyakumari-Mumbai CST Express,TNA,THANE,03:59:00,04:00:00,3,95858
19216,Saurashtra Express,VR,VIRAR,17:30:00,17:32:00,2,268011
19216,Saurashtra Express,BSR,VASAI ROAD,17:42:00,17:42:00,2,268013
19216,Saurashtra Express,BYR,BHAYANDAR,17:51:00,17:51:00,2,268015
19216,Saurashtra Express,MIRA,MIRA ROAD,17:55:00,17:55:00,2,268016
19216,Saurashtra Express,DIC,DAHISAR,17:59:00,17:59:00,2,268017
16382,Kanniyakumari-Mumbai CST Express,LTT,LOKMANYA TILAK TERM,04:20:00,04:20:00,3,95866
16382,Kanniyakumari-Mumbai CST Express,SIN,MUMBAI SION,04:25:00,04:25:00,3,95868
16382,Kanniyakumari-Mumbai CST Express,MTN,MUMBAI MATUNGA,04:28:00,04:28:00,3,95869
59440,Ahmedabad Passenger,VTN,VAITARNA,12:48:00,12:50:00,2,150193
19216,Saurashtra Express,BVI,BORIVALI,18:01:00,18:03:00,2,268018
16382,Kanniyakumari-Mumbai CST Express,DR,MUMBAI DADAR CENTRAL,04:29:00,04:30:00,3,95870
16382,Kanniyakumari-Mumbai CST Express,PR,MUMBAI PAREL,04:32:00,04:32:00,3,95871
19216,Saurashtra Express,KILE,KANDIVLI,18:08:00,18:08:00,2,268019
16382,Kanniyakumari-Mumbai CST Express,CRD,MUMBAI CURREY ROAD,04:36:00,04:36:00,3,95872
19216,Saurashtra Express,MDD,MALAD,18:11:00,18:11:00,2,268020
19216,Saurashtra Express,GMN,GOREGAON,18:15:00,18:15:00,2,268021
16382,Kanniyakumari-Mumbai CST Express,CHG,MUMBAI CHINCHPOKLI,04:38:00,04:38:00,3,95873
16382,Kanniyakumari-Mumbai CST Express,BY,BYCULLA,04:41:00,04:41:00,3,95874
19216,Saurashtra Express,JOS,JOGESHWARI,18:20:00,18:20:00,2,268022
19216,Saurashtra Express,ADH,ANDHERI,18:24:00,18:24:00,2,268023
16382,Kanniyakumari-Mumbai CST Express,SNRD,MUMBAI SANDHURST ROAD,04:45:00,04:45:00,3,95875
19216,Saurashtra Express,VLP,VILE PARLE,18:27:00,18:27:00,2,268024
16382,Kanniyakumari-Mumbai CST Express,MSD,BOMBAY MASJID,04:47:00,04:47:00,3,95876
19216,Saurashtra Express,STC,SANTA CRUZ,18:31:00,18:31:00,2,268025
19216,Saurashtra Express,KHAR,KHAR,18:33:00,18:33:00,2,268026
19216,Saurashtra Express,BDTS,MUMBAI BANDRA TERMINUS,18:35:00,18:35:00,2,268027
19216,Saurashtra Express,BA,BANDRA,18:36:00,18:36:00,2,268028
19216,Saurashtra Express,MM,MUMBAI MAHIM JN,18:39:00,18:39:00,2,268029
19216,Saurashtra Express,MRU,MUMBAI MATUNGA ROAD,18:41:00,18:41:00,2,268030
59440,Ahmedabad Passenger,VR,VIRAR,13:18:00,13:20:00,2,150194
19216,Saurashtra Express,DDR,MUMBAI DADAR WEST,18:43:00,18:45:00,2,268031
11078,Jhelum Express,BAP,BELAPUR,10:03:00,10:05:00,3,55653
16382,Kanniyakumari-Mumbai CST Express,CSTM,MUMBAI CST,04:50:00,None,3,95877
19216,Saurashtra Express,EPR,Mumbai Elphinstone Road,18:53:00,18:53:00,2,268032
19216,Saurashtra Express,PL,Mumbai Lower Parel,19:00:00,19:00:00,2,268033
19216,Saurashtra Express,MX,Mumbai Mahalakshmi,19:08:00,19:08:00,2,268034
59440,Ahmedabad Passenger,BSR,VASAI ROAD,13:35:00,13:37:00,2,150196
19216,Saurashtra Express,BCT,Mumbai Central,19:15:00,None,2,268035
59440,Ahmedabad Passenger,BYR,BHAYANDAR,13:48:00,13:48:00,2,150198
59440,Ahmedabad Passenger,MIRA,MIRA ROAD,13:52:00,13:52:00,2,150199
59440,Ahmedabad Passenger,DIC,DAHISAR,13:56:00,13:56:00,2,150200
59440,Ahmedabad Passenger,BVI,BORIVALI,14:00:00,None,2,150201
15018-Slip,Gorakhpur -Kolhapur Slip,BAP,BELAPUR,23:08:00,23:10:00,2,40545
19038,Awadh Express,VGN,VANGAON,01:52:00,01:52:00,3,367092
59442,Ahmedabad Mumbai Central Passenger,VGN,VANGAON,01:19:00,01:21:00,2,164677
19038,Awadh Express,KLV,KELVA ROAD,02:32:00,02:32:00,3,367096
19038,Awadh Express,SAH,SAPHALE,02:42:00,02:42:00,3,367097
19038,Awadh Express,VTN,VAITARNA,02:54:00,02:54:00,3,367098
19038,Awadh Express,VR,VIRAR,03:07:00,03:07:00,3,367099
19038,Awadh Express,BSR,VASAI ROAD,03:20:00,03:20:00,3,367101
19038,Awadh Express,BYR,BHAYANDAR,03:33:00,03:33:00,3,367103
19038,Awadh Express,MIRA,MIRA ROAD,03:38:00,03:38:00,3,367104
19038,Awadh Express,DIC,DAHISAR,03:43:00,03:43:00,3,367105
19038,Awadh Express,BVI,BORIVALI,03:47:00,03:49:00,3,367106
19038,Awadh Express,KILE,KANDIVLI,03:54:00,03:54:00,3,367107
19038,Awadh Express,MDD,MALAD,03:58:00,03:58:00,3,367108
19038,Awadh Express,GMN,GOREGAON,04:02:00,04:02:00,3,367109
19038,Awadh Express,JOS,JOGESHWARI,04:08:00,04:08:00,3,367110
19038,Awadh Express,ADH,ANDHERI,04:11:00,04:13:00,3,367111
13201,RAJENDRA NAGAR PATNA - MUMBAI LTT Janta Exp,KYN,KALYAN JN,10:20:00,10:25:00,3,559103
19038,Awadh Express,VLP,VILE PARLE,04:21:00,04:21:00,3,367112
19038,Awadh Express,STC,SANTA CRUZ,04:28:00,04:28:00,3,367113
19038,Awadh Express,KHAR,KHAR,04:34:00,04:34:00,3,367114
19038,Awadh Express,BDTS,MUMBAI BANDRA TERMINUS,04:40:00,None,3,367115
13201,RAJENDRA NAGAR PATNA - MUMBAI LTT Janta Exp,TNA,THANE,10:54:00,10:55:00,3,559108
59442,Ahmedabad Mumbai Central Passenger,KLV,KELVA ROAD,02:03:00,02:05:00,2,164681
13201,RAJENDRA NAGAR PATNA - MUMBAI LTT Janta Exp,LTT,LOKMANYA TILAK TERM,11:30:00,None,3,559116
59442,Ahmedabad Mumbai Central Passenger,SAH,SAPHALE,02:12:00,02:14:00,2,164682
59442,Ahmedabad Mumbai Central Passenger,VTN,VAITARNA,02:30:00,02:30:00,2,164683
59442,Ahmedabad Mumbai Central Passenger,VR,VIRAR,02:48:00,02:50:00,2,164684
59442,Ahmedabad Mumbai Central Passenger,BSR,VASAI ROAD,03:05:00,03:07:00,2,164686
59442,Ahmedabad Mumbai Central Passenger,BYR,BHAYANDAR,03:17:00,03:17:00,2,164688
59442,Ahmedabad Mumbai Central Passenger,MIRA,MIRA ROAD,03:21:00,03:21:00,2,164689
59442,Ahmedabad Mumbai Central Passenger,DIC,DAHISAR,03:25:00,03:25:00,2,164690
59442,Ahmedabad Mumbai Central Passenger,BVI,BORIVALI,03:28:00,03:30:00,2,164691
59442,Ahmedabad Mumbai Central Passenger,KILE,KANDIVLI,03:35:00,03:35:00,2,164692
59442,Ahmedabad Mumbai Central Passenger,MDD,MALAD,03:39:00,03:39:00,2,164693
59442,Ahmedabad Mumbai Central Passenger,GMN,GOREGAON,03:43:00,03:43:00,2,164694
59442,Ahmedabad Mumbai Central Passenger,JOS,JOGESHWARI,03:48:00,03:48:00,2,164695
59442,Ahmedabad Mumbai Central Passenger,ADH,ANDHERI,03:52:00,03:52:00,2,164696
59442,Ahmedabad Mumbai Central Passenger,VLP,VILE PARLE,03:56:00,03:56:00,2,164697
59442,Ahmedabad Mumbai Central Passenger,STC,SANTA CRUZ,03:59:00,03:59:00,2,164698
59442,Ahmedabad Mumbai Central Passenger,KHAR,KHAR,04:02:00,04:02:00,2,164699
59442,Ahmedabad Mumbai Central Passenger,BDTS,MUMBAI BANDRA TERMINUS,04:03:00,04:03:00,2,164700
59442,Ahmedabad Mumbai Central Passenger,BA,BANDRA,04:05:00,04:05:00,2,164701
59442,Ahmedabad Mumbai Central Passenger,MM,MUMBAI MAHIM JN,04:08:00,04:08:00,2,164702
59442,Ahmedabad Mumbai Central Passenger,MRU,MUMBAI MATUNGA ROAD,04:10:00,04:10:00,2,164703
59442,Ahmedabad Mumbai Central Passenger,DDR,MUMBAI DADAR WEST,04:12:00,04:14:00,2,164704
15018,GORAKHPUR - MUMBAI LTT Kashi Exp,KYN,KALYAN JN,17:30:00,17:35:00,2,560243
59442,Ahmedabad Mumbai Central Passenger,EPR,Mumbai Elphinstone Road,04:22:00,04:22:00,2,164705
59442,Ahmedabad Mumbai Central Passenger,PL,Mumbai Lower Parel,04:30:00,04:30:00,2,164706
59442,Ahmedabad Mumbai Central Passenger,MX,Mumbai Mahalakshmi,04:38:00,04:38:00,2,164707
59442,Ahmedabad Mumbai Central Passenger,BCT,Mumbai Central,04:40:00,None,2,164708
15018,GORAKHPUR - MUMBAI LTT Kashi Exp,TNA,THANE,17:58:00,18:00:00,2,560248
15018,GORAKHPUR - MUMBAI LTT Kashi Exp,LTT,LOKMANYA TILAK TERM,18:40:00,None,2,560256
19040,Awadh Express,VGN,VANGAON,01:54:00,01:54:00,3,372599
19040,Awadh Express,KLV,KELVA ROAD,02:33:00,02:33:00,3,372603
19040,Awadh Express,SAH,SAPHALE,02:43:00,02:43:00,3,372604
19040,Awadh Express,VTN,VAITARNA,02:55:00,02:55:00,3,372605
19040,Awadh Express,VR,VIRAR,03:09:00,03:09:00,3,372606
19040,Awadh Express,BSR,VASAI ROAD,03:22:00,03:22:00,3,372608
19040,Awadh Express,BYR,BHAYANDAR,03:35:00,03:35:00,3,372610
19040,Awadh Express,MIRA,MIRA ROAD,03:40:00,03:40:00,3,372611
19040,Awadh Express,DIC,DAHISAR,03:46:00,03:46:00,3,372612
19040,Awadh Express,BVI,BORIVALI,03:48:00,03:49:00,3,372613
19040,Awadh Express,KILE,KANDIVLI,03:54:00,03:54:00,3,372614
19040,Awadh Express,MDD,MALAD,03:58:00,03:58:00,3,372615
19040,Awadh Express,GMN,GOREGAON,04:02:00,04:02:00,3,372616
19040,Awadh Express,JOS,JOGESHWARI,04:08:00,04:08:00,3,372617
19040,Awadh Express,ADH,ANDHERI,04:12:00,04:13:00,3,372618
19040,Awadh Express,VLP,VILE PARLE,04:22:00,04:22:00,3,372619
19040,Awadh Express,STC,SANTA CRUZ,04:31:00,04:31:00,3,372620
19040,Awadh Express,KHAR,KHAR,04:37:00,04:37:00,3,372621
18030,KOLKATA SALIMAR - MUMBAI LTT [Kurla] Exp,KYN,KALYAN JN,03:40:00,03:45:00,3,548844
19040,Awadh Express,BDTS,MUMBAI BANDRA TERMINUS,04:40:00,None,3,372622
18030,KOLKATA SALIMAR - MUMBAI LTT [Kurla] Exp,TNA,THANE,04:09:00,04:10:00,3,548849
18030,KOLKATA SALIMAR - MUMBAI LTT [Kurla] Exp,LTT,LOKMANYA TILAK TERM,04:50:00,None,3,548857
19024,Firozpur Mumbai Janata Express,VGN,VANGAON,17:37:00,17:37:00,2,24205
19024,Firozpur Mumbai Janata Express,KLV,KELVA ROAD,18:10:00,18:10:00,2,24209
19024,Firozpur Mumbai Janata Express,SAH,SAPHALE,18:18:00,18:18:00,2,24210
19024,Firozpur Mumbai Janata Express,VTN,VAITARNA,18:27:00,18:27:00,2,24211
19024,Firozpur Mumbai Janata Express,VR,VIRAR,18:38:00,18:40:00,2,24212
19024,Firozpur Mumbai Janata Express,BSR,VASAI ROAD,18:49:00,18:49:00,2,24214
19024,Firozpur Mumbai Janata Express,BYR,BHAYANDAR,18:58:00,18:58:00,2,24216
19024,Firozpur Mumbai Janata Express,MIRA,MIRA ROAD,19:02:00,19:02:00,2,24217
19024,Firozpur Mumbai Janata Express,DIC,DAHISAR,19:05:00,19:05:00,2,24218
19020,Dehradun - Bandra Terminus Express,VGN,VANGAON,01:40:00,01:40:00,3,319913
11058,Amritsar Dadar Express,KYN,KALYAN JN,02:50:00,02:55:00,3,178414
19024,Firozpur Mumbai Janata Express,BVI,BORIVALI,19:08:00,19:10:00,2,24219
19020,Dehradun - Bandra Terminus Express,KLV,KELVA ROAD,02:20:00,02:20:00,3,319917
19024,Firozpur Mumbai Janata Express,KILE,KANDIVLI,19:14:00,19:14:00,2,24220
19020,Dehradun - Bandra Terminus Express,SAH,SAPHALE,02:32:00,02:32:00,3,319918
19024,Firozpur Mumbai Janata Express,MDD,MALAD,19:17:00,19:17:00,2,24221
19024,Firozpur Mumbai Janata Express,GMN,GOREGAON,19:21:00,19:21:00,2,24222
19020,Dehradun - Bandra Terminus Express,VTN,VAITARNA,02:46:00,02:46:00,3,319919
19024,Firozpur Mumbai Janata Express,JOS,JOGESHWARI,19:26:00,19:26:00,2,24223
19024,Firozpur Mumbai Janata Express,ADH,ANDHERI,19:29:00,19:29:00,2,24224
19024,Firozpur Mumbai Janata Express,VLP,VILE PARLE,19:32:00,19:32:00,2,24225
19024,Firozpur Mumbai Janata Express,STC,SANTA CRUZ,19:35:00,19:35:00,2,24226
19024,Firozpur Mumbai Janata Express,KHAR,KHAR,19:37:00,19:37:00,2,24227
19024,Firozpur Mumbai Janata Express,BDTS,MUMBAI BANDRA TERMINUS,19:38:00,19:38:00,2,24228
19024,Firozpur Mumbai Janata Express,BA,BANDRA,19:39:00,19:39:00,2,24229
19024,Firozpur Mumbai Janata Express,MM,MUMBAI MAHIM JN,19:42:00,19:42:00,2,24230
19024,Firozpur Mumbai Janata Express,MRU,MUMBAI MATUNGA ROAD,19:44:00,19:44:00,2,24231
19024,Firozpur Mumbai Janata Express,DDR,MUMBAI DADAR WEST,19:46:00,19:48:00,2,24232
11058,Amritsar Dadar Express,TNA,THANE,03:13:00,03:15:00,3,178421
19020,Dehradun - Bandra Terminus Express,VR,VIRAR,03:01:00,03:03:00,3,319920
19024,Firozpur Mumbai Janata Express,EPR,Mumbai Elphinstone Road,19:54:00,19:54:00,2,24233
19024,Firozpur Mumbai Janata Express,PL,Mumbai Lower Parel,19:59:00,19:59:00,2,24234
19020,Dehradun - Bandra Terminus Express,BSR,VASAI ROAD,03:13:00,03:13:00,3,319922
19024,Firozpur Mumbai Janata Express,MX,Mumbai Mahalakshmi,20:05:00,20:05:00,2,24235
19020,Dehradun - Bandra Terminus Express,BYR,BHAYANDAR,03:24:00,03:24:00,3,319924
19020,Dehradun - Bandra Terminus Express,MIRA,MIRA ROAD,03:28:00,03:28:00,3,319925
19020,Dehradun - Bandra Terminus Express,DIC,DAHISAR,03:32:00,03:32:00,3,319926
11058,Amritsar Dadar Express,LTT,LOKMANYA TILAK TERM,03:46:00,03:46:00,3,178429
11058,Amritsar Dadar Express,SIN,MUMBAI SION,03:53:00,03:53:00,3,178431
11058,Amritsar Dadar Express,MTN,MUMBAI MATUNGA,03:58:00,03:58:00,3,178432
11058,Amritsar Dadar Express,DR,MUMBAI DADAR CENTRAL,04:00:00,None,3,178433
19024,Firozpur Mumbai Janata Express,BCT,Mumbai Central,20:10:00,None,2,24236
19020,Dehradun - Bandra Terminus Express,BVI,BORIVALI,03:35:00,03:37:00,3,319927
19020,Dehradun - Bandra Terminus Express,KILE,KANDIVLI,03:44:00,03:44:00,3,319928
19020,Dehradun - Bandra Terminus Express,MDD,MALAD,03:49:00,03:49:00,3,319929
19020,Dehradun - Bandra Terminus Express,GMN,GOREGAON,03:55:00,03:55:00,3,319930
19020,Dehradun - Bandra Terminus Express,JOS,JOGESHWARI,04:04:00,04:04:00,3,319931
19020,Dehradun - Bandra Terminus Express,ADH,ANDHERI,04:09:00,04:09:00,3,319932
19020,Dehradun - Bandra Terminus Express,VLP,VILE PARLE,04:14:00,04:14:00,3,319933
19020,Dehradun - Bandra Terminus Express,STC,SANTA CRUZ,04:19:00,04:19:00,3,319934
19020,Dehradun - Bandra Terminus Express,KHAR,KHAR,04:23:00,04:23:00,3,319935
19020,Dehradun - Bandra Terminus Express,BDTS,MUMBAI BANDRA TERMINUS,04:25:00,None,3,319936
